wallet_id,user_id,balance,currency,status,created_at,updated_at
W000001,U000001,13522.88,IDR,ACTIVE,2024-06-23 11:00:00,2025-10-21 11:00:00
W000002,U000002,19434.67,IDR,ACTIVE,2025-01-15 03:00:00,2026-03-10 03:00:00
W000003,U000003,182158.83,IDR,ACTIVE,2026-04-27 10:00:00,2026-08-23 00:00:00
W000004,U000004,55763.77,IDR,ACTIVE,2024-02-20 15:00:00,2025-05-22 15:00:00
W000005,U000005,129682.94,IDR,ACTIVE,2024-12-27 07:00:00,2025-10-01 07:00:00
W000006,U000006,131027.16,IDR,ACTIVE,2026-04-27 02:00:00,2026-08-23 00:00:00
W000007,U000007,48431.72,IDR,ACTIVE,2026-07-05 13:00:00,2026-08-23 00:00:00
W000008,U000008,102971.03,IDR,ACTIVE,2025-10-20 13:00:00,2026-06-30 13:00:00
W000009,U000009,45494.93,IDR,ACTIVE,2024-11-30 20:00:00,2025-06-06 20:00:00
W000010,U000010,37902.85,IDR,ACTIVE,2025-08-13 21:00:00,2026-03-12 21:00:00
W000011,U000011,30058.12,IDR,ACTIVE,2026-07-28 00:00:00,2026-08-23 00:00:00
W000012,U000012,95577.25,IDR,ACTIVE,2026-04-15 17:00:00,2026-07-27 17:00:00
W000013,U000013,222038.47,IDR,ACTIVE,2026-05-09 23:00:00,2026-08-23 00:00:00
W000014,U000014,193126.75,IDR,CLOSED,2025-03-25 18:00:00,2025-07-17 18:00:00
W000015,U000015,17041.97,IDR,ACTIVE,2024-06-06 13:00:00,2024-11-18 13:00:00
W000016,U000016,217336.7,IDR,ACTIVE,2025-07-22 01:00:00,2025-10-20 01:00:00
W000017,U000017,24192.18,IDR,ACTIVE,2024-11-22 10:00:00,2025-08-09 10:00:00
W000018,U000018,69008.15,IDR,ACTIVE,2026-08-05 01:00:00,2026-08-23 00:00:00
W000019,U000019,81938.41,IDR,ACTIVE,2025-01-17 09:00:00,2026-02-03 09:00:00
W000020,U000020,13566.99,IDR,ACTIVE,2025-02-25 11:00:00,2025-09-05 11:00:00
W000021,U000021,50279.47,IDR,ACTIVE,2024-03-27 22:00:00,2024-07-28 22:00:00
W000022,U000022,233320.45,IDR,ACTIVE,2024-04-12 17:00:00,2025-02-01 17:00:00
W000023,U000023,6512.18,IDR,ACTIVE,2025-09-06 07:00:00,2026-02-06 07:00:00
W000024,U000024,672513.71,IDR,ACTIVE,2025-02-17 11:00:00,2025-04-28 11:00:00
W000025,U000025,8332.43,IDR,ACTIVE,2026-04-18 10:00:00,2026-08-23 00:00:00
W000026,U000026,79859.84,IDR,ACTIVE,2025-09-12 10:00:00,2025-10-21 10:00:00
W000027,U000027,14130.27,IDR,ACTIVE,2026-03-03 10:00:00,2026-08-23 00:00:00
W000028,U000028,93419.33,IDR,ACTIVE,2024-06-20 16:00:00,2025-10-13 16:00:00
W000029,U000029,183683.05,IDR,ACTIVE,2024-04-10 04:00:00,2024-11-02 04:00:00
W000030,U000030,133997.27,IDR,ACTIVE,2025-12-28 17:00:00,2026-08-23 00:00:00
W000031,U000031,14537.34,IDR,CLOSED,2024-01-18 20:00:00,2024-04-30 20:00:00
W000032,U000032,159192.95,IDR,ACTIVE,2024-06-22 08:00:00,2025-06-03 08:00:00
W000033,U000033,45689.72,IDR,ACTIVE,2025-12-07 04:00:00,2026-08-01 04:00:00
W000034,U000034,14916.45,IDR,FROZEN,2024-10-04 12:00:00,2024-11-29 12:00:00
W000035,U000035,231431.54,IDR,ACTIVE,2026-08-06 16:00:00,2026-08-23 00:00:00
W000036,U000036,488652.81,IDR,ACTIVE,2024-09-09 12:00:00,2025-10-09 12:00:00
W000037,U000037,65598.93,IDR,ACTIVE,2026-01-29 22:00:00,2026-08-23 00:00:00
W000038,U000038,40926.95,IDR,ACTIVE,2025-04-24 16:00:00,2026-08-02 16:00:00
W000039,U000039,27442.72,IDR,ACTIVE,2026-06-02 12:00:00,2026-08-23 00:00:00
W000040,U000040,124900.08,IDR,ACTIVE,2026-01-25 23:00:00,2026-06-02 23:00:00
W000041,U000041,167753.29,IDR,ACTIVE,2024-07-15 13:00:00,2025-07-20 13:00:00
W000042,U000042,40944.11,IDR,ACTIVE,2026-03-30 06:00:00,2026-08-23 00:00:00
W000043,U000043,295787.71,IDR,ACTIVE,2025-11-12 00:00:00,2026-02-27 00:00:00
W000044,U000044,114083.94,IDR,ACTIVE,2024-12-17 17:00:00,2025-06-11 17:00:00
W000045,U000045,64855.39,IDR,CLOSED,2026-07-04 08:00:00,2026-08-23 00:00:00
W000046,U000046,82531.07,IDR,ACTIVE,2024-12-10 14:00:00,2025-12-30 14:00:00
W000047,U000047,22295.37,IDR,ACTIVE,2024-12-23 05:00:00,2025-07-22 05:00:00
W000048,U000048,123381.68,IDR,ACTIVE,2025-01-06 03:00:00,2025-10-25 03:00:00
W000049,U000049,23648.94,IDR,ACTIVE,2024-07-24 03:00:00,2025-09-04 03:00:00
W000050,U000050,36165.88,IDR,ACTIVE,2026-01-06 04:00:00,2026-04-07 04:00:00
W000051,U000051,55666.97,IDR,ACTIVE,2024-05-28 18:00:00,2025-09-27 18:00:00
W000052,U000052,396043.29,IDR,ACTIVE,2025-10-01 02:00:00,2026-08-23 00:00:00
W000053,U000053,75975.89,IDR,ACTIVE,2024-04-06 05:00:00,2025-07-27 05:00:00
W000054,U000054,25828.35,IDR,ACTIVE,2024-10-26 07:00:00,2025-01-05 07:00:00
W000055,U000055,82847.62,IDR,ACTIVE,2024-10-14 22:00:00,2024-10-14 22:00:00
W000056,U000056,106998.24,IDR,ACTIVE,2024-04-28 05:00:00,2024-10-23 05:00:00
W000057,U000057,200632.6,IDR,ACTIVE,2026-04-19 21:00:00,2026-08-23 00:00:00
W000058,U000058,58437.52,IDR,ACTIVE,2025-01-03 23:00:00,2025-02-20 23:00:00
W000059,U000059,29512.24,IDR,ACTIVE,2026-01-19 11:00:00,2026-06-08 11:00:00
W000060,U000060,545716.92,IDR,ACTIVE,2024-01-05 11:00:00,2024-05-26 11:00:00
W000061,U000061,83033.09,IDR,ACTIVE,2025-12-07 17:00:00,2026-08-23 00:00:00
W000062,U000062,25974.63,IDR,ACTIVE,2026-01-26 10:00:00,2026-08-23 00:00:00
W000063,U000063,57929.08,IDR,ACTIVE,2024-12-06 07:00:00,2025-01-18 07:00:00
W000064,U000064,36183.18,IDR,ACTIVE,2026-04-23 00:00:00,2026-05-19 00:00:00
W000065,U000065,214884.65,IDR,ACTIVE,2024-03-29 11:00:00,2024-10-20 11:00:00
W000066,U000066,105925.08,IDR,ACTIVE,2026-02-20 00:00:00,2026-06-03 00:00:00
W000067,U000067,43790.12,IDR,ACTIVE,2026-02-27 16:00:00,2026-05-15 16:00:00
W000068,U000068,167865.67,IDR,ACTIVE,2024-04-16 15:00:00,2024-07-22 15:00:00
W000069,U000069,53446.55,IDR,ACTIVE,2026-06-04 21:00:00,2026-08-23 00:00:00
W000070,U000070,56621.71,IDR,ACTIVE,2024-05-09 00:00:00,2024-10-13 00:00:00
W000071,U000071,28769.58,IDR,ACTIVE,2024-11-14 18:00:00,2026-01-04 18:00:00
W000072,U000072,28560.15,IDR,ACTIVE,2025-09-08 12:00:00,2026-03-11 12:00:00
W000073,U000073,499315.56,IDR,ACTIVE,2025-05-07 03:00:00,2025-12-11 03:00:00
W000074,U000074,159189.02,IDR,ACTIVE,2025-12-14 18:00:00,2026-08-23 00:00:00
W000075,U000075,9779.18,IDR,ACTIVE,2024-11-28 20:00:00,2025-02-07 20:00:00
W000076,U000076,23139.8,IDR,ACTIVE,2025-06-26 06:00:00,2025-09-09 06:00:00
W000077,U000077,19111.74,IDR,ACTIVE,2025-07-30 11:00:00,2025-08-29 11:00:00
W000078,U000078,63570.53,IDR,ACTIVE,2026-04-25 13:00:00,2026-07-22 13:00:00
W000079,U000079,39540.62,IDR,ACTIVE,2026-04-03 13:00:00,2026-08-23 00:00:00
W000080,U000080,268861.85,IDR,ACTIVE,2025-04-12 10:00:00,2025-10-26 10:00:00
W000081,U000081,43190.95,IDR,ACTIVE,2024-06-29 20:00:00,2024-10-14 20:00:00
W000082,U000082,435992.53,IDR,ACTIVE,2024-08-30 14:00:00,2025-03-15 14:00:00
W000083,U000083,55062.1,IDR,ACTIVE,2024-11-23 21:00:00,2025-11-06 21:00:00
W000084,U000084,570368.61,IDR,ACTIVE,2025-02-16 17:00:00,2025-05-16 17:00:00
W000085,U000085,48906.28,IDR,ACTIVE,2024-03-19 00:00:00,2025-01-08 00:00:00
W000086,U000086,49849.05,IDR,ACTIVE,2025-03-05 11:00:00,2025-12-08 11:00:00
W000087,U000087,155309.67,IDR,ACTIVE,2024-07-23 05:00:00,2025-04-15 05:00:00
W000088,U000088,131804.52,IDR,ACTIVE,2026-05-09 20:00:00,2026-08-23 00:00:00
W000089,U000089,16430.22,IDR,ACTIVE,2024-01-17 12:00:00,2024-09-12 12:00:00
W000090,U000090,65112.54,IDR,ACTIVE,2026-04-29 06:00:00,2026-08-23 00:00:00
W000091,U000091,39195.19,IDR,ACTIVE,2024-07-16 02:00:00,2025-02-04 02:00:00
W000092,U000092,36711.44,IDR,ACTIVE,2024-03-02 07:00:00,2024-03-10 07:00:00
W000093,U000093,64799.15,IDR,FROZEN,2025-01-24 09:00:00,2025-08-10 09:00:00
W000094,U000094,44884.33,IDR,ACTIVE,2026-05-19 03:00:00,2026-08-23 00:00:00
W000095,U000095,71898.66,IDR,ACTIVE,2024-10-02 23:00:00,2025-04-21 23:00:00
W000096,U000096,22213.89,IDR,ACTIVE,2024-10-05 16:00:00,2025-11-02 16:00:00
W000097,U000097,13319.08,IDR,ACTIVE,2025-02-18 07:00:00,2026-06-16 07:00:00
W000098,U000098,162055.44,IDR,ACTIVE,2024-03-01 22:00:00,2025-05-30 22:00:00
W000099,U000099,191839.0,IDR,FROZEN,2024-11-07 09:00:00,2025-09-14 09:00:00
W000100,U000100,151096.92,IDR,ACTIVE,2024-12-19 16:00:00,2026-02-14 16:00:00
W000101,U000101,61965.52,IDR,ACTIVE,2025-09-11 21:00:00,2026-05-24 21:00:00
W000102,U000102,41668.51,IDR,ACTIVE,2025-03-10 18:00:00,2025-04-20 18:00:00
W000103,U000103,32261.67,IDR,ACTIVE,2025-05-31 02:00:00,2026-01-07 02:00:00
W000104,U000104,27040.91,IDR,ACTIVE,2025-02-09 08:00:00,2026-04-21 08:00:00
W000105,U000105,55121.89,IDR,ACTIVE,2026-07-17 22:00:00,2026-08-23 00:00:00
W000106,U000106,186500.91,IDR,ACTIVE,2025-11-10 01:00:00,2026-03-07 01:00:00
W000107,U000107,29811.09,IDR,ACTIVE,2026-06-14 01:00:00,2026-08-23 00:00:00
W000108,U000108,186866.61,IDR,ACTIVE,2025-11-10 03:00:00,2026-05-27 03:00:00
W000109,U000109,13922.22,IDR,ACTIVE,2024-11-03 07:00:00,2025-12-01 07:00:00
W000110,U000110,75745.57,IDR,ACTIVE,2025-05-28 13:00:00,2025-08-27 13:00:00
W000111,U000111,92999.93,IDR,CLOSED,2025-04-11 16:00:00,2025-08-29 16:00:00
W000112,U000112,35561.95,IDR,ACTIVE,2025-05-22 10:00:00,2025-10-25 10:00:00
W000113,U000113,20943.06,IDR,ACTIVE,2025-08-11 09:00:00,2026-08-23 00:00:00
W000114,U000114,139541.66,IDR,ACTIVE,2026-06-03 17:00:00,2026-08-23 00:00:00
W000115,U000115,62435.91,IDR,ACTIVE,2024-01-02 14:00:00,2024-11-12 14:00:00
W000116,U000116,836238.5,IDR,ACTIVE,2025-10-30 04:00:00,2026-01-21 04:00:00
W000117,U000117,189757.62,IDR,ACTIVE,2025-11-19 11:00:00,2025-12-27 11:00:00
W000118,U000118,191486.71,IDR,FROZEN,2026-01-05 20:00:00,2026-01-05 20:00:00
W000119,U000119,5452.98,IDR,ACTIVE,2025-03-18 09:00:00,2025-12-12 09:00:00
W000120,U000120,30364.2,IDR,ACTIVE,2025-04-28 02:00:00,2025-05-16 02:00:00
W000121,U000121,18818.28,IDR,FROZEN,2024-03-13 23:00:00,2025-04-13 23:00:00
W000122,U000122,8259.87,IDR,ACTIVE,2026-06-14 23:00:00,2026-07-06 23:00:00
W000123,U000123,57622.95,IDR,ACTIVE,2025-09-14 21:00:00,2026-08-23 00:00:00
W000124,U000124,135776.57,IDR,ACTIVE,2024-06-14 05:00:00,2025-08-31 05:00:00
W000125,U000125,22847.65,IDR,ACTIVE,2024-10-01 00:00:00,2025-03-01 00:00:00
W000126,U000126,8672.69,IDR,ACTIVE,2025-01-23 18:00:00,2025-02-01 18:00:00
W000127,U000127,24615.71,IDR,ACTIVE,2025-12-24 03:00:00,2026-08-07 03:00:00
W000128,U000128,51034.21,IDR,ACTIVE,2026-08-10 19:00:00,2026-08-23 00:00:00
W000129,U000129,47463.99,IDR,ACTIVE,2025-02-07 06:00:00,2025-10-26 06:00:00
W000130,U000130,60508.9,IDR,ACTIVE,2026-03-22 19:00:00,2026-05-15 19:00:00
W000131,U000131,91008.17,IDR,ACTIVE,2024-05-02 12:00:00,2025-08-01 12:00:00
W000132,U000132,59043.32,IDR,ACTIVE,2025-02-26 09:00:00,2025-07-18 09:00:00
W000133,U000133,144208.31,IDR,ACTIVE,2024-05-05 00:00:00,2024-12-04 00:00:00
W000134,U000134,23237.19,IDR,ACTIVE,2025-08-19 20:00:00,2026-04-27 20:00:00
W000135,U000135,45569.47,IDR,FROZEN,2024-04-11 17:00:00,2024-09-05 17:00:00
W000136,U000136,107475.84,IDR,ACTIVE,2026-04-23 15:00:00,2026-08-23 00:00:00
W000137,U000137,79315.75,IDR,ACTIVE,2024-11-17 04:00:00,2026-02-25 04:00:00
W000138,U000138,374205.82,IDR,ACTIVE,2026-06-26 13:00:00,2026-08-23 00:00:00
W000139,U000139,24136.91,IDR,ACTIVE,2024-01-10 05:00:00,2025-04-20 05:00:00
W000140,U000140,109546.84,IDR,ACTIVE,2025-08-30 08:00:00,2025-11-16 08:00:00
W000141,U000141,31886.93,IDR,ACTIVE,2025-02-27 16:00:00,2025-12-16 16:00:00
W000142,U000142,28734.05,IDR,ACTIVE,2025-08-27 11:00:00,2026-01-10 11:00:00
W000143,U000143,177105.44,IDR,ACTIVE,2024-07-31 08:00:00,2025-10-07 08:00:00
W000144,U000144,58384.83,IDR,ACTIVE,2024-03-19 14:00:00,2024-04-27 14:00:00
W000145,U000145,77944.75,IDR,ACTIVE,2024-11-24 20:00:00,2026-03-12 20:00:00
W000146,U000146,34241.73,IDR,ACTIVE,2025-08-11 21:00:00,2026-04-05 21:00:00
W000147,U000147,36155.25,IDR,ACTIVE,2025-12-31 19:00:00,2026-08-23 00:00:00
W000148,U000148,13096.59,IDR,ACTIVE,2024-03-22 00:00:00,2024-06-16 00:00:00
W000149,U000149,71832.93,IDR,ACTIVE,2024-03-03 21:00:00,2025-02-03 21:00:00
W000150,U000150,21248.43,IDR,ACTIVE,2024-11-05 11:00:00,2025-09-28 11:00:00
W000151,U000151,51963.21,IDR,ACTIVE,2024-08-26 00:00:00,2025-10-30 00:00:00
W000152,U000152,144037.08,IDR,ACTIVE,2024-06-27 13:00:00,2025-02-09 13:00:00
W000153,U000153,10217.62,IDR,ACTIVE,2025-07-27 08:00:00,2026-04-29 08:00:00
W000154,U000154,1193989.25,IDR,ACTIVE,2024-06-17 07:00:00,2025-10-06 07:00:00
W000155,U000155,28192.08,IDR,ACTIVE,2026-06-13 21:00:00,2026-08-23 00:00:00
W000156,U000156,53444.97,IDR,ACTIVE,2024-11-04 15:00:00,2025-11-30 15:00:00
W000157,U000157,77847.18,IDR,ACTIVE,2024-06-07 08:00:00,2025-01-26 08:00:00
W000158,U000158,27332.62,IDR,ACTIVE,2024-03-06 10:00:00,2024-09-04 10:00:00
W000159,U000159,37393.23,IDR,ACTIVE,2025-06-15 23:00:00,2026-08-03 23:00:00
W000160,U000160,183723.68,IDR,ACTIVE,2025-07-16 05:00:00,2026-04-30 05:00:00
W000161,U000161,127648.04,IDR,ACTIVE,2025-11-09 22:00:00,2026-02-01 22:00:00
W000162,U000162,46507.79,IDR,ACTIVE,2026-04-17 18:00:00,2026-07-17 18:00:00
W000163,U000163,59764.75,IDR,ACTIVE,2025-11-07 00:00:00,2026-08-23 00:00:00
W000164,U000164,68870.42,IDR,ACTIVE,2025-01-16 16:00:00,2026-05-21 16:00:00
W000165,U000165,104548.73,IDR,ACTIVE,2025-01-15 17:00:00,2025-02-20 17:00:00
W000166,U000166,112669.76,IDR,ACTIVE,2026-08-07 20:00:00,2026-08-23 00:00:00
W000167,U000167,109540.72,IDR,ACTIVE,2024-02-14 16:00:00,2024-12-10 16:00:00
W000168,U000168,39734.32,IDR,ACTIVE,2024-11-27 11:00:00,2025-02-06 11:00:00
W000169,U000169,66682.61,IDR,ACTIVE,2026-07-15 14:00:00,2026-08-23 00:00:00
W000170,U000170,162464.96,IDR,ACTIVE,2024-05-13 17:00:00,2024-05-14 17:00:00
W000171,U000171,543871.88,IDR,ACTIVE,2025-01-08 05:00:00,2025-08-09 05:00:00
W000172,U000172,64838.16,IDR,ACTIVE,2025-11-29 13:00:00,2026-02-22 13:00:00
W000173,U000173,34878.42,IDR,ACTIVE,2025-04-03 01:00:00,2026-06-12 01:00:00
W000174,U000174,26863.29,IDR,ACTIVE,2025-04-21 01:00:00,2025-12-21 01:00:00
W000175,U000175,110444.65,IDR,ACTIVE,2026-04-06 07:00:00,2026-08-23 00:00:00
W000176,U000176,12588.82,IDR,ACTIVE,2025-05-28 08:00:00,2026-06-15 08:00:00
W000177,U000177,111629.88,IDR,ACTIVE,2025-01-27 02:00:00,2025-05-25 02:00:00
W000178,U000178,113725.35,IDR,ACTIVE,2025-05-07 09:00:00,2025-09-06 09:00:00
W000179,U000179,36075.35,IDR,ACTIVE,2026-01-22 07:00:00,2026-08-23 00:00:00
W000180,U000180,76105.27,IDR,ACTIVE,2024-10-30 05:00:00,2025-05-05 05:00:00
W000181,U000181,48015.12,IDR,ACTIVE,2024-10-05 23:00:00,2025-10-26 23:00:00
W000182,U000182,15792.99,IDR,ACTIVE,2024-07-15 15:00:00,2024-11-20 15:00:00
W000183,U000183,103220.69,IDR,ACTIVE,2026-05-11 12:00:00,2026-08-23 00:00:00
W000184,U000184,93848.17,IDR,ACTIVE,2024-06-08 07:00:00,2025-03-22 07:00:00
W000185,U000185,38846.08,IDR,ACTIVE,2025-03-17 16:00:00,2026-07-21 16:00:00
W000186,U000186,532709.02,IDR,ACTIVE,2025-06-14 09:00:00,2025-07-08 09:00:00
W000187,U000187,60257.45,IDR,ACTIVE,2024-06-28 07:00:00,2025-03-01 07:00:00
W000188,U000188,9430.85,IDR,ACTIVE,2026-02-04 12:00:00,2026-08-04 12:00:00
W000189,U000189,172146.52,IDR,ACTIVE,2024-08-24 06:00:00,2025-06-25 06:00:00
W000190,U000190,131701.29,IDR,FROZEN,2024-07-05 18:00:00,2024-11-18 18:00:00
W000191,U000191,149354.38,IDR,ACTIVE,2025-08-13 23:00:00,2026-05-27 23:00:00
W000192,U000192,22313.65,IDR,ACTIVE,2025-10-29 23:00:00,2026-07-24 23:00:00
W000193,U000193,74074.34,IDR,ACTIVE,2024-06-03 06:00:00,2024-09-26 06:00:00
W000194,U000194,59257.5,IDR,FROZEN,2024-08-31 16:00:00,2025-03-29 16:00:00
W000195,U000195,50318.4,IDR,ACTIVE,2024-04-28 08:00:00,2025-06-22 08:00:00
W000196,U000196,228340.25,IDR,ACTIVE,2025-11-30 09:00:00,2026-08-23 00:00:00
W000197,U000197,61083.4,IDR,ACTIVE,2024-12-26 20:00:00,2025-04-30 20:00:00
W000198,U000198,40141.79,IDR,ACTIVE,2024-12-28 18:00:00,2025-11-25 18:00:00
W000199,U000199,39761.7,IDR,ACTIVE,2024-11-03 16:00:00,2025-04-15 16:00:00
W000200,U000200,20824.56,IDR,ACTIVE,2024-12-15 10:00:00,2026-04-27 10:00:00
W000201,U000201,67167.3,IDR,ACTIVE,2024-08-08 08:00:00,2025-11-30 08:00:00
W000202,U000202,249528.56,IDR,ACTIVE,2025-04-24 16:00:00,2026-07-05 16:00:00
W000203,U000203,43340.05,IDR,ACTIVE,2024-07-13 21:00:00,2024-09-05 21:00:00
W000204,U000204,78339.9,IDR,ACTIVE,2024-05-05 18:00:00,2024-05-19 18:00:00
W000205,U000205,49553.58,IDR,ACTIVE,2025-05-16 03:00:00,2026-02-25 03:00:00
W000206,U000206,54921.61,IDR,ACTIVE,2024-05-21 06:00:00,2025-01-14 06:00:00
W000207,U000207,138203.72,IDR,ACTIVE,2024-03-04 05:00:00,2024-04-26 05:00:00
W000208,U000208,20584.17,IDR,ACTIVE,2025-11-17 19:00:00,2025-12-13 19:00:00
W000209,U000209,13675.25,IDR,ACTIVE,2026-06-29 08:00:00,2026-08-23 00:00:00
W000210,U000210,172439.38,IDR,ACTIVE,2026-01-01 15:00:00,2026-08-23 00:00:00
W000211,U000211,35166.74,IDR,ACTIVE,2025-05-15 07:00:00,2026-03-01 07:00:00
W000212,U000212,40596.28,IDR,ACTIVE,2025-05-27 22:00:00,2025-07-02 22:00:00
W000213,U000213,700725.84,IDR,ACTIVE,2026-05-05 03:00:00,2026-08-23 00:00:00
W000214,U000214,130809.49,IDR,ACTIVE,2025-05-04 22:00:00,2025-05-09 22:00:00
W000215,U000215,25228.13,IDR,ACTIVE,2025-09-19 06:00:00,2026-08-23 00:00:00
W000216,U000216,186394.48,IDR,ACTIVE,2025-12-19 11:00:00,2026-07-08 11:00:00
W000217,U000217,134144.98,IDR,ACTIVE,2026-03-18 21:00:00,2026-08-23 00:00:00
W000218,U000218,3155.36,IDR,ACTIVE,2024-03-23 22:00:00,2024-08-11 22:00:00
W000219,U000219,69679.21,IDR,ACTIVE,2024-07-24 12:00:00,2025-01-08 12:00:00
W000220,U000220,21509.37,IDR,ACTIVE,2026-01-24 15:00:00,2026-08-23 00:00:00
W000221,U000221,54809.93,IDR,ACTIVE,2025-01-06 15:00:00,2025-06-05 15:00:00
W000222,U000222,546172.27,IDR,ACTIVE,2026-05-06 19:00:00,2026-08-23 00:00:00
W000223,U000223,144696.99,IDR,ACTIVE,2024-05-25 12:00:00,2025-09-21 12:00:00
W000224,U000224,167289.2,IDR,ACTIVE,2024-08-27 14:00:00,2024-11-04 14:00:00
W000225,U000225,49650.94,IDR,ACTIVE,2025-02-28 12:00:00,2025-09-09 12:00:00
W000226,U000226,168157.7,IDR,ACTIVE,2026-05-08 01:00:00,2026-08-23 00:00:00
W000227,U000227,29098.18,IDR,ACTIVE,2026-07-21 15:00:00,2026-08-23 00:00:00
W000228,U000228,68792.91,IDR,ACTIVE,2025-03-05 04:00:00,2025-03-08 04:00:00
W000229,U000229,137516.46,IDR,FROZEN,2026-03-01 03:00:00,2026-08-23 00:00:00
W000230,U000230,132998.22,IDR,ACTIVE,2026-06-30 06:00:00,2026-08-23 00:00:00
W000231,U000231,14412.23,IDR,ACTIVE,2025-11-26 19:00:00,2026-03-13 19:00:00
W000232,U000232,404985.31,IDR,ACTIVE,2025-06-02 20:00:00,2025-08-19 20:00:00
W000233,U000233,24278.48,IDR,ACTIVE,2025-05-15 04:00:00,2026-06-23 04:00:00
W000234,U000234,889423.55,IDR,ACTIVE,2026-06-09 21:00:00,2026-08-23 00:00:00
W000235,U000235,142048.46,IDR,ACTIVE,2024-03-10 20:00:00,2024-08-01 20:00:00
W000236,U000236,129202.44,IDR,ACTIVE,2026-02-08 09:00:00,2026-05-29 09:00:00
W000237,U000237,26231.28,IDR,ACTIVE,2026-02-21 07:00:00,2026-08-23 00:00:00
W000238,U000238,36573.59,IDR,ACTIVE,2026-03-29 03:00:00,2026-08-23 00:00:00
W000239,U000239,364992.03,IDR,ACTIVE,2024-08-11 04:00:00,2025-03-01 04:00:00
W000240,U000240,309102.63,IDR,ACTIVE,2025-02-17 22:00:00,2025-08-04 22:00:00
W000241,U000241,51017.58,IDR,ACTIVE,2025-05-26 14:00:00,2025-12-03 14:00:00
W000242,U000242,46938.32,IDR,ACTIVE,2024-02-25 22:00:00,2025-06-09 22:00:00
W000243,U000243,48281.5,IDR,ACTIVE,2025-03-23 13:00:00,2026-01-04 13:00:00
W000244,U000244,187849.82,IDR,ACTIVE,2025-11-06 17:00:00,2026-08-23 00:00:00
W000245,U000245,167943.1,IDR,ACTIVE,2025-11-20 06:00:00,2026-08-23 00:00:00
W000246,U000246,88272.67,IDR,ACTIVE,2024-03-30 03:00:00,2024-11-03 03:00:00
W000247,U000247,69479.06,IDR,ACTIVE,2025-10-31 12:00:00,2026-06-28 12:00:00
W000248,U000248,50450.29,IDR,CLOSED,2025-10-04 02:00:00,2026-05-27 02:00:00
W000249,U000249,792996.16,IDR,ACTIVE,2024-09-29 04:00:00,2025-02-09 04:00:00
W000250,U000250,15831.77,IDR,ACTIVE,2025-01-11 17:00:00,2025-02-14 17:00:00
W000251,U000251,41092.36,IDR,ACTIVE,2025-12-17 10:00:00,2026-04-20 10:00:00
W000252,U000252,82130.76,IDR,ACTIVE,2025-02-01 12:00:00,2026-04-30 12:00:00
W000253,U000253,13263.54,IDR,ACTIVE,2025-03-23 05:00:00,2026-01-29 05:00:00
W000254,U000254,34313.09,IDR,ACTIVE,2025-06-22 07:00:00,2026-07-14 07:00:00
W000255,U000255,536836.87,IDR,ACTIVE,2025-12-12 07:00:00,2025-12-17 07:00:00
W000256,U000256,155702.74,IDR,ACTIVE,2025-08-20 19:00:00,2026-08-23 00:00:00
W000257,U000257,34054.25,IDR,ACTIVE,2025-01-04 07:00:00,2025-11-06 07:00:00
W000258,U000258,33100.29,IDR,ACTIVE,2025-09-07 04:00:00,2026-08-23 00:00:00
W000259,U000259,15936.23,IDR,ACTIVE,2024-03-19 12:00:00,2024-04-09 12:00:00
W000260,U000260,38719.5,IDR,ACTIVE,2024-12-25 20:00:00,2025-09-26 20:00:00
W000261,U000261,105730.07,IDR,ACTIVE,2025-01-25 06:00:00,2025-04-27 06:00:00
W000262,U000262,87809.21,IDR,ACTIVE,2024-03-04 17:00:00,2025-05-06 17:00:00
W000263,U000263,40699.75,IDR,ACTIVE,2025-07-21 07:00:00,2025-12-16 07:00:00
W000264,U000264,23962.49,IDR,ACTIVE,2025-04-05 00:00:00,2025-05-22 00:00:00
W000265,U000265,49797.05,IDR,ACTIVE,2024-07-24 08:00:00,2025-06-06 08:00:00
W000266,U000266,48735.36,IDR,ACTIVE,2025-04-05 15:00:00,2026-06-06 15:00:00
W000267,U000267,134545.48,IDR,FROZEN,2024-08-08 09:00:00,2025-03-29 09:00:00
W000268,U000268,75411.25,IDR,ACTIVE,2025-09-05 08:00:00,2026-08-23 00:00:00
W000269,U000269,65685.11,IDR,ACTIVE,2024-07-11 06:00:00,2025-06-20 06:00:00
W000270,U000270,207495.01,IDR,ACTIVE,2026-06-29 14:00:00,2026-08-23 00:00:00
W000271,U000271,305629.84,IDR,ACTIVE,2026-01-03 01:00:00,2026-05-24 01:00:00
W000272,U000272,86711.37,IDR,ACTIVE,2025-05-26 19:00:00,2025-06-15 19:00:00
W000273,U000273,88957.52,IDR,ACTIVE,2025-04-16 13:00:00,2025-12-06 13:00:00
W000274,U000274,53253.99,IDR,ACTIVE,2024-08-07 02:00:00,2025-06-11 02:00:00
W000275,U000275,25916.09,IDR,ACTIVE,2024-06-30 11:00:00,2025-08-25 11:00:00
W000276,U000276,146648.85,IDR,ACTIVE,2024-07-30 10:00:00,2025-05-20 10:00:00
W000277,U000277,117754.48,IDR,ACTIVE,2026-04-20 14:00:00,2026-08-17 14:00:00
W000278,U000278,57659.65,IDR,ACTIVE,2025-07-31 12:00:00,2025-09-17 12:00:00
W000279,U000279,75649.42,IDR,ACTIVE,2025-01-01 21:00:00,2025-04-13 21:00:00
W000280,U000280,191950.13,IDR,ACTIVE,2025-07-26 08:00:00,2025-08-05 08:00:00
W000281,U000281,231506.34,IDR,ACTIVE,2025-03-05 15:00:00,2025-06-18 15:00:00
W000282,U000282,5625.95,IDR,ACTIVE,2026-07-17 17:00:00,2026-08-23 00:00:00
W000283,U000283,31981.32,IDR,ACTIVE,2025-06-04 18:00:00,2025-07-23 18:00:00
W000284,U000284,57473.68,IDR,ACTIVE,2026-05-10 16:00:00,2026-08-23 00:00:00
W000285,U000285,20788.67,IDR,ACTIVE,2024-08-19 00:00:00,2025-01-16 00:00:00
W000286,U000286,77712.14,IDR,ACTIVE,2024-08-12 22:00:00,2025-07-23 22:00:00
W000287,U000287,33583.42,IDR,ACTIVE,2025-01-25 10:00:00,2025-09-01 10:00:00
W000288,U000288,80429.88,IDR,ACTIVE,2024-02-12 20:00:00,2024-07-03 20:00:00
W000289,U000289,34546.97,IDR,ACTIVE,2025-01-04 01:00:00,2025-09-03 01:00:00
W000290,U000290,35951.86,IDR,ACTIVE,2024-09-29 05:00:00,2025-11-15 05:00:00
W000291,U000291,79799.5,IDR,ACTIVE,2025-10-15 21:00:00,2026-06-29 21:00:00
W000292,U000292,153847.25,IDR,ACTIVE,2026-01-11 16:00:00,2026-08-23 00:00:00
W000293,U000293,110576.2,IDR,ACTIVE,2026-02-23 14:00:00,2026-08-23 00:00:00
W000294,U000294,57959.29,IDR,ACTIVE,2025-04-13 21:00:00,2026-04-16 21:00:00
W000295,U000295,10102.73,IDR,ACTIVE,2026-01-15 18:00:00,2026-08-23 00:00:00
W000296,U000296,35136.51,IDR,ACTIVE,2024-06-16 12:00:00,2024-11-26 12:00:00
W000297,U000297,31670.94,IDR,ACTIVE,2024-05-07 14:00:00,2024-08-07 14:00:00
W000298,U000298,125620.02,IDR,ACTIVE,2025-03-03 13:00:00,2025-07-07 13:00:00
W000299,U000299,70096.95,IDR,FROZEN,2026-07-18 02:00:00,2026-08-23 00:00:00
W000300,U000300,72762.43,IDR,ACTIVE,2026-02-24 08:00:00,2026-08-23 00:00:00
W000301,U000301,27020.33,IDR,ACTIVE,2024-06-27 14:00:00,2025-04-07 14:00:00
W000302,U000302,242660.33,IDR,ACTIVE,2024-12-22 13:00:00,2025-08-09 13:00:00
W000303,U000303,72263.42,IDR,ACTIVE,2025-09-11 04:00:00,2026-03-27 04:00:00
W000304,U000304,25560.91,IDR,ACTIVE,2025-05-01 15:00:00,2026-04-21 15:00:00
W000305,U000305,27266.88,IDR,ACTIVE,2024-08-25 17:00:00,2025-10-24 17:00:00
W000306,U000306,83480.83,IDR,ACTIVE,2024-05-12 17:00:00,2025-09-20 17:00:00
W000307,U000307,24693.27,IDR,ACTIVE,2025-08-01 18:00:00,2026-08-23 00:00:00
W000308,U000308,32053.62,IDR,ACTIVE,2024-04-03 05:00:00,2025-06-11 05:00:00
W000309,U000309,19904.75,IDR,ACTIVE,2025-10-20 17:00:00,2026-08-23 00:00:00
W000310,U000310,124511.23,IDR,ACTIVE,2026-07-23 17:00:00,2026-08-23 00:00:00
W000311,U000311,25224.56,IDR,ACTIVE,2026-06-17 20:00:00,2026-08-23 00:00:00
W000312,U000312,293467.75,IDR,ACTIVE,2026-01-20 18:00:00,2026-08-23 00:00:00
W000313,U000313,94692.4,IDR,ACTIVE,2025-07-26 18:00:00,2025-08-27 18:00:00
W000314,U000314,19835.44,IDR,ACTIVE,2025-02-21 12:00:00,2025-03-06 12:00:00
W000315,U000315,109503.66,IDR,ACTIVE,2025-04-26 16:00:00,2025-09-22 16:00:00
W000316,U000316,243166.18,IDR,ACTIVE,2024-01-10 23:00:00,2024-12-31 23:00:00
W000317,U000317,55510.58,IDR,ACTIVE,2024-08-09 21:00:00,2025-05-22 21:00:00
W000318,U000318,278605.29,IDR,ACTIVE,2026-04-05 11:00:00,2026-07-12 11:00:00
W000319,U000319,96581.32,IDR,ACTIVE,2025-12-06 22:00:00,2026-04-01 22:00:00
W000320,U000320,33616.47,IDR,ACTIVE,2025-04-29 22:00:00,2026-06-09 22:00:00
W000321,U000321,548164.08,IDR,ACTIVE,2026-07-16 06:00:00,2026-08-23 00:00:00
W000322,U000322,15557.39,IDR,ACTIVE,2024-03-19 06:00:00,2024-05-21 06:00:00
W000323,U000323,43401.41,IDR,ACTIVE,2025-11-21 10:00:00,2026-05-28 10:00:00
W000324,U000324,57960.61,IDR,ACTIVE,2026-08-03 12:00:00,2026-08-23 00:00:00
W000325,U000325,435262.31,IDR,ACTIVE,2024-12-01 00:00:00,2025-08-10 00:00:00
W000326,U000326,127666.52,IDR,ACTIVE,2024-06-21 13:00:00,2025-07-10 13:00:00
W000327,U000327,105994.37,IDR,ACTIVE,2024-12-10 08:00:00,2025-04-19 08:00:00
W000328,U000328,29042.44,IDR,ACTIVE,2024-11-15 22:00:00,2026-03-02 22:00:00
W000329,U000329,53468.15,IDR,ACTIVE,2024-07-05 08:00:00,2025-07-23 08:00:00
W000330,U000330,34362.7,IDR,ACTIVE,2024-09-30 00:00:00,2024-10-02 00:00:00
W000331,U000331,102278.91,IDR,ACTIVE,2024-12-23 23:00:00,2026-01-02 23:00:00
W000332,U000332,200588.37,IDR,ACTIVE,2025-09-09 01:00:00,2026-08-23 00:00:00
W000333,U000333,733401.74,IDR,ACTIVE,2025-12-16 11:00:00,2026-07-14 11:00:00
W000334,U000334,38114.84,IDR,ACTIVE,2026-06-13 04:00:00,2026-08-23 00:00:00
W000335,U000335,15177.82,IDR,ACTIVE,2024-06-27 01:00:00,2025-07-04 01:00:00
W000336,U000336,44106.73,IDR,ACTIVE,2024-09-24 09:00:00,2026-02-02 09:00:00
W000337,U000337,170792.38,IDR,ACTIVE,2024-05-16 14:00:00,2025-06-13 14:00:00
W000338,U000338,25895.47,IDR,ACTIVE,2026-07-05 15:00:00,2026-08-23 00:00:00
W000339,U000339,60057.64,IDR,ACTIVE,2025-06-13 13:00:00,2026-03-08 13:00:00
W000340,U000340,107433.03,IDR,ACTIVE,2024-04-30 05:00:00,2024-07-29 05:00:00
W000341,U000341,38859.15,IDR,ACTIVE,2025-07-01 17:00:00,2026-03-15 17:00:00
W000342,U000342,75488.15,IDR,ACTIVE,2024-06-10 10:00:00,2025-06-28 10:00:00
W000343,U000343,23685.71,IDR,ACTIVE,2024-09-27 04:00:00,2025-05-17 04:00:00
W000344,U000344,217169.54,IDR,ACTIVE,2024-10-02 23:00:00,2025-02-15 23:00:00
W000345,U000345,47400.74,IDR,ACTIVE,2026-05-26 18:00:00,2026-08-23 00:00:00
W000346,U000346,73276.78,IDR,ACTIVE,2024-08-23 18:00:00,2025-10-18 18:00:00
W000347,U000347,10459.22,IDR,ACTIVE,2025-11-19 19:00:00,2026-02-03 19:00:00
W000348,U000348,20840.97,IDR,ACTIVE,2026-07-08 03:00:00,2026-08-23 00:00:00
W000349,U000349,164452.87,IDR,ACTIVE,2024-04-27 19:00:00,2024-12-28 19:00:00
W000350,U000350,38339.75,IDR,FROZEN,2024-03-01 06:00:00,2025-04-20 06:00:00
W000351,U000351,24786.12,IDR,ACTIVE,2024-04-30 13:00:00,2025-03-19 13:00:00
W000352,U000352,14147.39,IDR,ACTIVE,2026-02-27 08:00:00,2026-08-23 00:00:00
W000353,U000353,212422.03,IDR,ACTIVE,2026-05-13 11:00:00,2026-08-23 00:00:00
W000354,U000354,121775.29,IDR,ACTIVE,2024-10-20 17:00:00,2025-10-14 17:00:00
W000355,U000355,113384.88,IDR,ACTIVE,2025-06-19 23:00:00,2025-10-21 23:00:00
W000356,U000356,326970.03,IDR,ACTIVE,2024-03-03 15:00:00,2025-06-11 15:00:00
W000357,U000357,43443.48,IDR,ACTIVE,2025-03-15 01:00:00,2026-05-18 01:00:00
W000358,U000358,15335.97,IDR,ACTIVE,2026-07-19 10:00:00,2026-08-23 00:00:00
W000359,U000359,63626.5,IDR,ACTIVE,2024-05-28 23:00:00,2025-05-19 23:00:00
W000360,U000360,410974.26,IDR,ACTIVE,2026-07-25 11:00:00,2026-08-23 00:00:00
W000361,U000361,64943.77,IDR,ACTIVE,2024-05-08 18:00:00,2024-06-05 18:00:00
W000362,U000362,194627.63,IDR,ACTIVE,2024-07-20 22:00:00,2025-09-05 22:00:00
W000363,U000363,15851.07,IDR,ACTIVE,2026-05-19 14:00:00,2026-07-19 14:00:00
W000364,U000364,28500.36,IDR,FROZEN,2026-03-30 10:00:00,2026-07-07 10:00:00
W000365,U000365,153727.77,IDR,ACTIVE,2026-03-02 12:00:00,2026-03-03 12:00:00
W000366,U000366,71772.3,IDR,ACTIVE,2025-04-26 03:00:00,2025-12-25 03:00:00
W000367,U000367,54507.66,IDR,ACTIVE,2024-10-26 07:00:00,2025-10-19 07:00:00
W000368,U000368,191568.55,IDR,ACTIVE,2025-04-04 08:00:00,2025-05-05 08:00:00
W000369,U000369,151450.73,IDR,ACTIVE,2024-07-22 11:00:00,2025-01-31 11:00:00
W000370,U000370,73754.11,IDR,ACTIVE,2024-09-09 01:00:00,2025-02-06 01:00:00
W000371,U000371,5684.61,IDR,ACTIVE,2024-03-08 06:00:00,2025-06-11 06:00:00
W000372,U000372,60977.03,IDR,ACTIVE,2025-11-21 13:00:00,2026-08-23 00:00:00
W000373,U000373,93511.42,IDR,ACTIVE,2024-12-30 15:00:00,2025-08-25 15:00:00
W000374,U000374,10697.26,IDR,ACTIVE,2025-12-30 04:00:00,2026-08-23 00:00:00
W000375,U000375,90254.01,IDR,FROZEN,2025-11-15 14:00:00,2026-01-10 14:00:00
W000376,U000376,201726.23,IDR,ACTIVE,2024-11-06 14:00:00,2025-08-27 14:00:00
W000377,U000377,60862.61,IDR,ACTIVE,2025-08-01 23:00:00,2026-07-19 23:00:00
W000378,U000378,22315.96,IDR,FROZEN,2024-05-11 03:00:00,2024-12-21 03:00:00
W000379,U000379,6274.25,IDR,ACTIVE,2025-11-29 06:00:00,2026-08-23 00:00:00
W000380,U000380,92134.96,IDR,ACTIVE,2025-12-02 00:00:00,2026-06-30 00:00:00
W000381,U000381,11858.82,IDR,ACTIVE,2025-10-07 05:00:00,2026-08-23 00:00:00
W000382,U000382,112391.04,IDR,ACTIVE,2025-08-04 05:00:00,2026-05-22 05:00:00
W000383,U000383,386176.01,IDR,ACTIVE,2025-08-07 19:00:00,2026-08-23 00:00:00
W000384,U000384,7034.41,IDR,ACTIVE,2024-06-02 22:00:00,2024-10-30 22:00:00
W000385,U000385,29744.49,IDR,ACTIVE,2024-08-01 16:00:00,2025-05-08 16:00:00
W000386,U000386,48563.35,IDR,ACTIVE,2024-08-05 03:00:00,2025-04-11 03:00:00
W000387,U000387,414928.31,IDR,ACTIVE,2024-01-11 13:00:00,2024-09-03 13:00:00
W000388,U000388,68586.84,IDR,ACTIVE,2025-02-02 04:00:00,2026-05-25 04:00:00
W000389,U000389,38705.5,IDR,ACTIVE,2025-01-04 14:00:00,2025-01-21 14:00:00
W000390,U000390,170777.49,IDR,ACTIVE,2025-01-05 23:00:00,2025-07-02 23:00:00
W000391,U000391,40774.75,IDR,ACTIVE,2026-02-16 07:00:00,2026-08-23 00:00:00
W000392,U000392,27941.45,IDR,ACTIVE,2026-06-12 12:00:00,2026-08-23 00:00:00
W000393,U000393,110554.68,IDR,ACTIVE,2024-01-03 18:00:00,2024-02-06 18:00:00
W000394,U000394,186796.82,IDR,ACTIVE,2026-06-06 16:00:00,2026-08-23 00:00:00
W000395,U000395,4870.94,IDR,ACTIVE,2026-03-25 08:00:00,2026-08-23 00:00:00
W000396,U000396,27756.73,IDR,ACTIVE,2026-03-29 04:00:00,2026-08-23 00:00:00
W000397,U000397,74512.21,IDR,ACTIVE,2024-03-09 01:00:00,2025-05-05 01:00:00
W000398,U000398,50674.86,IDR,ACTIVE,2025-01-30 12:00:00,2026-03-19 12:00:00
W000399,U000399,59160.1,IDR,ACTIVE,2024-04-15 16:00:00,2024-07-04 16:00:00
W000400,U000400,22515.9,IDR,ACTIVE,2026-06-24 01:00:00,2026-08-23 00:00:00
W000401,U000401,119815.23,IDR,ACTIVE,2025-07-01 13:00:00,2026-05-14 13:00:00
W000402,U000402,291995.71,IDR,ACTIVE,2025-12-22 12:00:00,2026-08-23 00:00:00
W000403,U000403,27173.1,IDR,ACTIVE,2024-02-27 10:00:00,2025-02-24 10:00:00
W000404,U000404,119708.54,IDR,ACTIVE,2024-11-07 11:00:00,2024-11-23 11:00:00
W000405,U000405,166368.88,IDR,ACTIVE,2025-04-28 05:00:00,2025-11-15 05:00:00
W000406,U000406,73954.8,IDR,ACTIVE,2026-01-05 07:00:00,2026-05-16 07:00:00
W000407,U000407,114336.89,IDR,ACTIVE,2025-03-20 22:00:00,2026-02-02 22:00:00
W000408,U000408,30198.86,IDR,ACTIVE,2025-03-01 07:00:00,2025-04-17 07:00:00
W000409,U000409,272505.43,IDR,ACTIVE,2025-11-14 04:00:00,2026-08-23 00:00:00
W000410,U000410,188431.0,IDR,ACTIVE,2026-02-11 01:00:00,2026-08-23 00:00:00
W000411,U000411,214203.94,IDR,ACTIVE,2026-03-19 13:00:00,2026-08-23 00:00:00
W000412,U000412,19232.64,IDR,ACTIVE,2024-05-03 13:00:00,2024-11-26 13:00:00
W000413,U000413,99637.64,IDR,ACTIVE,2024-05-05 09:00:00,2025-04-05 09:00:00
W000414,U000414,32335.75,IDR,ACTIVE,2026-07-25 10:00:00,2026-08-23 00:00:00
W000415,U000415,301656.71,IDR,ACTIVE,2025-11-22 20:00:00,2026-02-21 20:00:00
W000416,U000416,27710.74,IDR,ACTIVE,2025-07-02 05:00:00,2026-05-19 05:00:00
W000417,U000417,77048.85,IDR,ACTIVE,2024-04-28 03:00:00,2025-04-17 03:00:00
W000418,U000418,8347.28,IDR,ACTIVE,2024-09-06 18:00:00,2025-01-26 18:00:00
W000419,U000419,76642.43,IDR,ACTIVE,2026-08-01 10:00:00,2026-08-23 00:00:00
W000420,U000420,19434.44,IDR,ACTIVE,2024-04-16 05:00:00,2025-08-12 05:00:00
W000421,U000421,105119.65,IDR,ACTIVE,2025-08-19 23:00:00,2026-03-29 23:00:00
W000422,U000422,52169.79,IDR,ACTIVE,2025-11-29 14:00:00,2026-08-23 00:00:00
W000423,U000423,41942.93,IDR,ACTIVE,2025-11-22 00:00:00,2026-05-28 00:00:00
W000424,U000424,311102.46,IDR,ACTIVE,2024-08-03 02:00:00,2024-12-03 02:00:00
W000425,U000425,600757.47,IDR,ACTIVE,2025-05-05 01:00:00,2026-08-23 00:00:00
W000426,U000426,14774.5,IDR,ACTIVE,2024-06-26 14:00:00,2024-10-18 14:00:00
W000427,U000427,43266.85,IDR,ACTIVE,2026-02-14 03:00:00,2026-06-08 03:00:00
W000428,U000428,141439.99,IDR,ACTIVE,2024-07-02 14:00:00,2025-09-13 14:00:00
W000429,U000429,87988.94,IDR,ACTIVE,2025-03-21 20:00:00,2026-01-01 20:00:00
W000430,U000430,133061.5,IDR,ACTIVE,2024-07-10 09:00:00,2025-01-08 09:00:00
W000431,U000431,55969.01,IDR,ACTIVE,2025-11-23 11:00:00,2026-01-30 11:00:00
W000432,U000432,197523.29,IDR,ACTIVE,2025-06-24 03:00:00,2025-12-02 03:00:00
W000433,U000433,73680.16,IDR,ACTIVE,2026-04-22 00:00:00,2026-08-23 00:00:00
W000434,U000434,93496.37,IDR,ACTIVE,2024-08-03 23:00:00,2025-01-28 23:00:00
W000435,U000435,19455.36,IDR,ACTIVE,2026-05-12 11:00:00,2026-08-23 00:00:00
W000436,U000436,66339.54,IDR,ACTIVE,2026-05-06 11:00:00,2026-08-23 00:00:00
W000437,U000437,143136.78,IDR,ACTIVE,2025-04-25 19:00:00,2026-08-22 19:00:00
W000438,U000438,83047.71,IDR,ACTIVE,2025-05-08 01:00:00,2026-02-19 01:00:00
W000439,U000439,459186.0,IDR,FROZEN,2025-12-25 17:00:00,2026-08-23 00:00:00
W000440,U000440,69360.78,IDR,ACTIVE,2026-07-03 09:00:00,2026-08-19 09:00:00
W000441,U000441,99761.28,IDR,ACTIVE,2026-02-20 06:00:00,2026-08-14 06:00:00
W000442,U000442,73257.7,IDR,FROZEN,2024-09-10 18:00:00,2025-07-05 18:00:00
W000443,U000443,57839.99,IDR,ACTIVE,2026-03-19 17:00:00,2026-08-23 00:00:00
W000444,U000444,148111.05,IDR,ACTIVE,2025-01-25 20:00:00,2025-04-23 20:00:00
W000445,U000445,53970.21,IDR,ACTIVE,2026-08-13 17:00:00,2026-08-23 00:00:00
W000446,U000446,18389.58,IDR,ACTIVE,2024-09-20 04:00:00,2025-12-11 04:00:00
W000447,U000447,294202.89,IDR,ACTIVE,2026-07-30 07:00:00,2026-08-23 00:00:00
W000448,U000448,33265.03,IDR,FROZEN,2024-03-12 00:00:00,2024-03-29 00:00:00
W000449,U000449,14140.51,IDR,ACTIVE,2024-02-18 20:00:00,2024-05-23 20:00:00
W000450,U000450,113344.48,IDR,ACTIVE,2025-01-16 21:00:00,2025-07-12 21:00:00
W000451,U000451,342597.34,IDR,ACTIVE,2025-12-05 11:00:00,2026-01-18 11:00:00
W000452,U000452,116261.57,IDR,ACTIVE,2024-09-03 18:00:00,2025-11-23 18:00:00
W000453,U000453,246431.83,IDR,ACTIVE,2025-12-23 22:00:00,2026-08-23 00:00:00
W000454,U000454,24979.25,IDR,ACTIVE,2024-08-12 02:00:00,2025-10-29 02:00:00
W000455,U000455,18622.67,IDR,ACTIVE,2025-09-13 06:00:00,2026-05-14 06:00:00
W000456,U000456,43114.94,IDR,ACTIVE,2025-01-12 08:00:00,2025-11-09 08:00:00
W000457,U000457,181266.05,IDR,CLOSED,2025-11-30 06:00:00,2026-01-03 06:00:00
W000458,U000458,105514.34,IDR,ACTIVE,2024-03-19 14:00:00,2025-05-03 14:00:00
W000459,U000459,114040.68,IDR,ACTIVE,2024-09-05 08:00:00,2025-10-01 08:00:00
W000460,U000460,69319.09,IDR,ACTIVE,2025-05-01 10:00:00,2026-01-27 10:00:00
W000461,U000461,43936.04,IDR,ACTIVE,2025-12-28 00:00:00,2026-08-23 00:00:00
W000462,U000462,72548.04,IDR,ACTIVE,2024-05-19 19:00:00,2025-01-26 19:00:00
W000463,U000463,52138.8,IDR,ACTIVE,2025-12-12 22:00:00,2026-03-03 22:00:00
W000464,U000464,41051.25,IDR,ACTIVE,2026-06-25 06:00:00,2026-08-23 00:00:00
W000465,U000465,90503.83,IDR,ACTIVE,2025-03-14 13:00:00,2026-04-08 13:00:00
W000466,U000466,47419.63,IDR,ACTIVE,2024-01-13 12:00:00,2024-06-02 12:00:00
W000467,U000467,80244.13,IDR,ACTIVE,2024-07-29 12:00:00,2024-09-06 12:00:00
W000468,U000468,9132.22,IDR,ACTIVE,2025-09-19 04:00:00,2026-08-23 00:00:00
W000469,U000469,73654.42,IDR,CLOSED,2024-03-22 13:00:00,2025-04-20 13:00:00
W000470,U000470,47132.91,IDR,ACTIVE,2025-03-25 07:00:00,2025-06-10 07:00:00
W000471,U000471,262530.15,IDR,ACTIVE,2025-11-30 04:00:00,2026-08-23 00:00:00
W000472,U000472,13596.98,IDR,ACTIVE,2025-09-05 08:00:00,2026-08-23 00:00:00
W000473,U000473,68262.74,IDR,ACTIVE,2025-07-22 01:00:00,2026-08-05 01:00:00
W000474,U000474,145051.28,IDR,ACTIVE,2026-07-26 16:00:00,2026-08-23 00:00:00
W000475,U000475,54213.52,IDR,ACTIVE,2024-03-03 03:00:00,2024-07-19 03:00:00
W000476,U000476,45595.9,IDR,ACTIVE,2025-06-03 22:00:00,2025-07-28 22:00:00
W000477,U000477,144503.96,IDR,ACTIVE,2025-12-10 18:00:00,2026-08-23 00:00:00
W000478,U000478,102805.03,IDR,CLOSED,2025-05-10 02:00:00,2026-03-21 02:00:00
W000479,U000479,111199.72,IDR,ACTIVE,2025-04-11 17:00:00,2025-08-28 17:00:00
W000480,U000480,41129.92,IDR,ACTIVE,2026-03-02 17:00:00,2026-08-23 00:00:00
W000481,U000481,36413.06,IDR,ACTIVE,2025-04-12 08:00:00,2025-08-16 08:00:00
W000482,U000482,80344.75,IDR,ACTIVE,2024-06-20 09:00:00,2025-03-30 09:00:00
W000483,U000483,158167.89,IDR,ACTIVE,2025-04-24 20:00:00,2026-05-01 20:00:00
W000484,U000484,16395.16,IDR,ACTIVE,2025-02-18 03:00:00,2026-04-08 03:00:00
W000485,U000485,56143.28,IDR,ACTIVE,2026-06-25 12:00:00,2026-08-23 00:00:00
W000486,U000486,37980.5,IDR,ACTIVE,2025-08-13 15:00:00,2026-08-23 00:00:00
W000487,U000487,63098.82,IDR,ACTIVE,2026-06-10 07:00:00,2026-06-14 07:00:00
W000488,U000488,130591.4,IDR,ACTIVE,2025-11-18 00:00:00,2026-08-11 00:00:00
W000489,U000489,27226.67,IDR,ACTIVE,2025-10-03 10:00:00,2026-06-23 10:00:00
W000490,U000490,115488.83,IDR,ACTIVE,2026-02-20 18:00:00,2026-08-23 00:00:00
W000491,U000491,42474.74,IDR,ACTIVE,2024-08-02 10:00:00,2025-10-12 10:00:00
W000492,U000492,187626.28,IDR,ACTIVE,2025-05-21 16:00:00,2025-06-11 16:00:00
W000493,U000493,28719.42,IDR,ACTIVE,2025-12-17 03:00:00,2026-05-03 03:00:00
W000494,U000494,155738.85,IDR,ACTIVE,2026-01-22 06:00:00,2026-05-12 06:00:00
W000495,U000495,17963.31,IDR,ACTIVE,2025-04-09 22:00:00,2026-06-12 22:00:00
W000496,U000496,75001.0,IDR,ACTIVE,2026-01-15 10:00:00,2026-02-01 10:00:00
W000497,U000497,118100.81,IDR,ACTIVE,2026-06-11 23:00:00,2026-08-07 23:00:00
W000498,U000498,29432.75,IDR,ACTIVE,2024-08-17 23:00:00,2025-11-17 23:00:00
W000499,U000499,7225.03,IDR,ACTIVE,2024-05-02 10:00:00,2024-11-10 10:00:00
W000500,U000500,39186.94,IDR,ACTIVE,2026-04-18 07:00:00,2026-08-23 00:00:00
W000501,U000501,63782.37,IDR,ACTIVE,2026-08-16 16:00:00,2026-08-23 00:00:00
W000502,U000502,45440.54,IDR,ACTIVE,2026-04-06 13:00:00,2026-08-23 00:00:00
W000503,U000503,35807.45,IDR,FROZEN,2025-10-06 18:00:00,2025-10-25 18:00:00
W000504,U000504,146921.8,IDR,ACTIVE,2024-01-11 05:00:00,2025-05-17 05:00:00
W000505,U000505,210280.46,IDR,ACTIVE,2026-01-11 07:00:00,2026-02-15 07:00:00
W000506,U000506,196361.65,IDR,ACTIVE,2025-05-13 13:00:00,2026-05-07 13:00:00
W000507,U000507,98384.11,IDR,ACTIVE,2024-12-27 18:00:00,2025-05-31 18:00:00
W000508,U000508,112995.13,IDR,ACTIVE,2025-10-12 00:00:00,2026-08-23 00:00:00
W000509,U000509,25162.63,IDR,ACTIVE,2026-02-08 20:00:00,2026-03-18 20:00:00
W000510,U000510,58122.68,IDR,ACTIVE,2026-06-01 09:00:00,2026-08-23 00:00:00
W000511,U000511,69165.23,IDR,FROZEN,2025-03-19 14:00:00,2026-05-17 14:00:00
W000512,U000512,83348.33,IDR,ACTIVE,2026-02-23 08:00:00,2026-05-07 08:00:00
W000513,U000513,81868.18,IDR,ACTIVE,2024-06-25 03:00:00,2024-09-09 03:00:00
W000514,U000514,63942.38,IDR,ACTIVE,2025-02-05 21:00:00,2026-02-10 21:00:00
W000515,U000515,97206.36,IDR,ACTIVE,2025-06-09 11:00:00,2026-03-25 11:00:00
W000516,U000516,78235.23,IDR,ACTIVE,2024-10-29 06:00:00,2025-05-20 06:00:00
W000517,U000517,78054.6,IDR,ACTIVE,2026-03-11 01:00:00,2026-08-23 00:00:00
W000518,U000518,31288.36,IDR,ACTIVE,2024-05-29 19:00:00,2025-02-13 19:00:00
W000519,U000519,20304.27,IDR,ACTIVE,2025-01-22 08:00:00,2025-11-17 08:00:00
W000520,U000520,83771.43,IDR,ACTIVE,2025-01-02 23:00:00,2025-06-15 23:00:00
W000521,U000521,40830.41,IDR,ACTIVE,2026-06-10 02:00:00,2026-08-23 00:00:00
W000522,U000522,32660.32,IDR,ACTIVE,2025-01-02 12:00:00,2025-01-04 12:00:00
W000523,U000523,121358.65,IDR,ACTIVE,2025-12-25 04:00:00,2025-12-25 04:00:00
W000524,U000524,58740.09,IDR,ACTIVE,2026-02-19 07:00:00,2026-03-31 07:00:00
W000525,U000525,247752.35,IDR,ACTIVE,2025-04-05 08:00:00,2026-04-21 08:00:00
W000526,U000526,108240.83,IDR,ACTIVE,2026-01-13 11:00:00,2026-08-14 11:00:00
W000527,U000527,29534.99,IDR,ACTIVE,2025-08-05 11:00:00,2026-04-15 11:00:00
W000528,U000528,122958.17,IDR,ACTIVE,2026-04-02 03:00:00,2026-08-23 00:00:00
W000529,U000529,92522.91,IDR,ACTIVE,2026-05-27 12:00:00,2026-08-23 00:00:00
W000530,U000530,28524.02,IDR,ACTIVE,2026-02-25 16:00:00,2026-08-23 00:00:00
W000531,U000531,36335.44,IDR,ACTIVE,2025-05-24 06:00:00,2025-06-04 06:00:00
W000532,U000532,116901.29,IDR,ACTIVE,2026-06-25 18:00:00,2026-08-23 00:00:00
W000533,U000533,11326.21,IDR,ACTIVE,2025-11-24 01:00:00,2026-04-28 01:00:00
W000534,U000534,8089.0,IDR,ACTIVE,2024-07-23 16:00:00,2025-05-10 16:00:00
W000535,U000535,73707.55,IDR,ACTIVE,2026-05-28 12:00:00,2026-08-23 00:00:00
W000536,U000536,68363.73,IDR,ACTIVE,2025-04-25 03:00:00,2025-11-14 03:00:00
W000537,U000537,80493.62,IDR,ACTIVE,2025-01-31 11:00:00,2025-02-20 11:00:00
W000538,U000538,68557.55,IDR,ACTIVE,2026-06-19 12:00:00,2026-08-23 00:00:00
W000539,U000539,95931.65,IDR,ACTIVE,2025-06-21 22:00:00,2026-08-23 00:00:00
W000540,U000540,213608.36,IDR,ACTIVE,2024-04-05 10:00:00,2024-07-11 10:00:00
W000541,U000541,62601.98,IDR,ACTIVE,2025-03-21 04:00:00,2026-05-28 04:00:00
W000542,U000542,15273.67,IDR,ACTIVE,2025-10-15 00:00:00,2026-06-13 00:00:00
W000543,U000543,10217.36,IDR,ACTIVE,2025-08-09 08:00:00,2026-08-23 00:00:00
W000544,U000544,44325.95,IDR,ACTIVE,2024-07-27 17:00:00,2025-11-08 17:00:00
W000545,U000545,45438.01,IDR,ACTIVE,2026-04-15 12:00:00,2026-08-23 00:00:00
W000546,U000546,17599.01,IDR,ACTIVE,2024-02-05 05:00:00,2024-09-03 05:00:00
W000547,U000547,6929.58,IDR,ACTIVE,2026-04-25 06:00:00,2026-08-23 00:00:00
W000548,U000548,41305.16,IDR,ACTIVE,2025-06-23 11:00:00,2026-08-14 11:00:00
W000549,U000549,340436.87,IDR,ACTIVE,2024-06-25 15:00:00,2024-10-31 15:00:00
W000550,U000550,91947.03,IDR,ACTIVE,2024-01-26 17:00:00,2024-08-16 17:00:00
W000551,U000551,84015.63,IDR,ACTIVE,2024-06-05 16:00:00,2025-06-21 16:00:00
W000552,U000552,52659.49,IDR,ACTIVE,2026-07-17 22:00:00,2026-08-23 00:00:00
W000553,U000553,44255.31,IDR,ACTIVE,2024-03-11 06:00:00,2024-12-31 06:00:00
W000554,U000554,101810.36,IDR,ACTIVE,2026-04-18 09:00:00,2026-08-23 00:00:00
W000555,U000555,19473.4,IDR,ACTIVE,2025-03-25 16:00:00,2025-07-15 16:00:00
W000556,U000556,463079.74,IDR,ACTIVE,2026-07-18 08:00:00,2026-08-23 00:00:00
W000557,U000557,20795.36,IDR,ACTIVE,2025-04-14 04:00:00,2026-03-25 04:00:00
W000558,U000558,111674.35,IDR,ACTIVE,2024-12-11 15:00:00,2025-08-31 15:00:00
W000559,U000559,22547.5,IDR,ACTIVE,2024-04-06 11:00:00,2025-01-20 11:00:00
W000560,U000560,70281.85,IDR,ACTIVE,2026-02-10 16:00:00,2026-04-14 16:00:00
W000561,U000561,124754.91,IDR,ACTIVE,2025-09-28 05:00:00,2025-10-05 05:00:00
W000562,U000562,12865.34,IDR,ACTIVE,2024-10-13 19:00:00,2025-04-27 19:00:00
W000563,U000563,24843.62,IDR,FROZEN,2025-04-13 12:00:00,2026-02-20 12:00:00
W000564,U000564,26361.81,IDR,ACTIVE,2025-10-09 05:00:00,2026-04-16 05:00:00
W000565,U000565,47904.96,IDR,FROZEN,2025-02-02 19:00:00,2025-09-02 19:00:00
W000566,U000566,79382.74,IDR,ACTIVE,2025-11-29 14:00:00,2026-07-10 14:00:00
W000567,U000567,349053.21,IDR,ACTIVE,2026-04-14 05:00:00,2026-06-24 05:00:00
W000568,U000568,36036.34,IDR,ACTIVE,2025-08-08 13:00:00,2026-05-10 13:00:00
W000569,U000569,322324.66,IDR,ACTIVE,2024-10-19 02:00:00,2025-12-05 02:00:00
W000570,U000570,88678.11,IDR,ACTIVE,2025-06-01 15:00:00,2025-11-22 15:00:00
W000571,U000571,20176.05,IDR,ACTIVE,2024-10-22 08:00:00,2024-12-23 08:00:00
W000572,U000572,52897.3,IDR,ACTIVE,2026-05-09 06:00:00,2026-08-23 00:00:00
W000573,U000573,15501.77,IDR,ACTIVE,2026-04-10 19:00:00,2026-08-23 00:00:00
W000574,U000574,44350.14,IDR,ACTIVE,2025-02-11 10:00:00,2026-01-02 10:00:00
W000575,U000575,41508.7,IDR,ACTIVE,2024-06-03 17:00:00,2025-07-28 17:00:00
W000576,U000576,71450.64,IDR,ACTIVE,2024-11-13 01:00:00,2025-02-03 01:00:00
W000577,U000577,112069.79,IDR,FROZEN,2024-03-12 16:00:00,2024-03-21 16:00:00
W000578,U000578,57024.39,IDR,ACTIVE,2026-05-09 14:00:00,2026-08-23 00:00:00
W000579,U000579,22280.59,IDR,ACTIVE,2024-10-31 21:00:00,2026-03-13 21:00:00
W000580,U000580,562939.0,IDR,FROZEN,2026-06-04 13:00:00,2026-08-09 13:00:00
W000581,U000581,246521.51,IDR,ACTIVE,2026-05-07 09:00:00,2026-08-23 00:00:00
W000582,U000582,377684.93,IDR,ACTIVE,2026-01-29 04:00:00,2026-08-23 00:00:00
W000583,U000583,51774.37,IDR,ACTIVE,2025-07-02 21:00:00,2026-07-25 21:00:00
W000584,U000584,84744.62,IDR,ACTIVE,2026-01-30 09:00:00,2026-06-15 09:00:00
W000585,U000585,49066.78,IDR,ACTIVE,2024-02-23 07:00:00,2025-03-26 07:00:00
W000586,U000586,72029.21,IDR,ACTIVE,2024-12-26 21:00:00,2025-04-14 21:00:00
W000587,U000587,75935.73,IDR,ACTIVE,2024-01-16 03:00:00,2025-04-10 03:00:00
W000588,U000588,17841.05,IDR,ACTIVE,2026-08-17 09:00:00,2026-08-23 00:00:00
W000589,U000589,45150.63,IDR,ACTIVE,2024-01-25 19:00:00,2024-03-02 19:00:00
W000590,U000590,171231.94,IDR,ACTIVE,2025-09-30 23:00:00,2026-01-19 23:00:00
W000591,U000591,155283.77,IDR,ACTIVE,2025-03-02 07:00:00,2026-03-13 07:00:00
W000592,U000592,44361.29,IDR,FROZEN,2025-11-01 03:00:00,2026-08-23 00:00:00
W000593,U000593,77403.19,IDR,ACTIVE,2024-05-31 13:00:00,2025-08-03 13:00:00
W000594,U000594,47644.74,IDR,ACTIVE,2024-10-27 23:00:00,2025-06-02 23:00:00
W000595,U000595,116665.42,IDR,ACTIVE,2024-05-03 18:00:00,2025-03-25 18:00:00
W000596,U000596,12771.14,IDR,ACTIVE,2025-01-12 13:00:00,2025-08-16 13:00:00
W000597,U000597,102098.7,IDR,ACTIVE,2024-02-21 15:00:00,2025-06-26 15:00:00
W000598,U000598,266452.86,IDR,ACTIVE,2025-08-10 08:00:00,2026-04-07 08:00:00
W000599,U000599,30976.25,IDR,ACTIVE,2024-01-16 20:00:00,2024-12-05 20:00:00
W000600,U000600,226080.5,IDR,ACTIVE,2026-02-15 01:00:00,2026-08-23 00:00:00
W000601,U000601,81392.57,IDR,ACTIVE,2026-05-29 02:00:00,2026-08-23 00:00:00
W000602,U000602,56883.7,IDR,ACTIVE,2024-03-07 09:00:00,2024-03-07 09:00:00
W000603,U000603,44035.6,IDR,ACTIVE,2026-01-10 07:00:00,2026-08-23 00:00:00
W000604,U000604,235412.5,IDR,ACTIVE,2025-03-12 07:00:00,2026-03-26 07:00:00
W000605,U000605,47793.67,IDR,ACTIVE,2024-01-26 17:00:00,2024-04-23 17:00:00
W000606,U000606,317001.97,IDR,ACTIVE,2024-08-12 00:00:00,2025-09-21 00:00:00
W000607,U000607,274997.47,IDR,ACTIVE,2026-05-26 20:00:00,2026-08-23 00:00:00
W000608,U000608,38370.86,IDR,ACTIVE,2024-05-02 15:00:00,2025-05-01 15:00:00
W000609,U000609,51295.09,IDR,ACTIVE,2024-06-01 19:00:00,2025-06-21 19:00:00
W000610,U000610,9766.43,IDR,ACTIVE,2025-06-14 20:00:00,2025-10-05 20:00:00
W000611,U000611,58728.58,IDR,ACTIVE,2024-02-16 23:00:00,2025-06-07 23:00:00
W000612,U000612,66279.11,IDR,ACTIVE,2026-02-02 04:00:00,2026-04-11 04:00:00
W000613,U000613,192378.05,IDR,ACTIVE,2025-08-07 06:00:00,2026-06-05 06:00:00
W000614,U000614,293152.19,IDR,ACTIVE,2025-08-13 19:00:00,2025-10-18 19:00:00
W000615,U000615,128720.95,IDR,ACTIVE,2024-04-24 08:00:00,2024-06-28 08:00:00
W000616,U000616,175152.57,IDR,ACTIVE,2025-08-14 15:00:00,2026-04-15 15:00:00
W000617,U000617,51255.47,IDR,ACTIVE,2025-05-07 05:00:00,2025-12-26 05:00:00
W000618,U000618,18850.46,IDR,ACTIVE,2024-01-10 08:00:00,2024-07-13 08:00:00
W000619,U000619,81239.01,IDR,ACTIVE,2025-07-14 21:00:00,2026-01-03 21:00:00
W000620,U000620,188733.43,IDR,ACTIVE,2024-07-24 05:00:00,2024-09-16 05:00:00
W000621,U000621,4813.37,IDR,ACTIVE,2025-11-30 16:00:00,2026-08-23 00:00:00
W000622,U000622,69481.01,IDR,ACTIVE,2024-02-11 05:00:00,2024-03-29 05:00:00
W000623,U000623,10931.16,IDR,ACTIVE,2024-05-24 09:00:00,2025-02-17 09:00:00
W000624,U000624,28717.35,IDR,ACTIVE,2024-01-21 13:00:00,2024-02-07 13:00:00
W000625,U000625,72303.74,IDR,ACTIVE,2024-05-11 22:00:00,2024-11-20 22:00:00
W000626,U000626,298960.65,IDR,ACTIVE,2024-09-20 16:00:00,2025-01-15 16:00:00
W000627,U000627,62774.16,IDR,ACTIVE,2025-02-22 12:00:00,2026-02-21 12:00:00
W000628,U000628,119930.67,IDR,ACTIVE,2024-09-18 15:00:00,2025-06-22 15:00:00
W000629,U000629,80436.61,IDR,ACTIVE,2025-04-12 09:00:00,2025-07-11 09:00:00
W000630,U000630,30350.1,IDR,ACTIVE,2025-01-18 23:00:00,2026-03-01 23:00:00
W000631,U000631,97653.26,IDR,FROZEN,2024-06-17 09:00:00,2025-02-08 09:00:00
W000632,U000632,18402.16,IDR,ACTIVE,2025-09-07 22:00:00,2026-07-24 22:00:00
W000633,U000633,61884.39,IDR,ACTIVE,2025-11-16 18:00:00,2026-08-23 00:00:00
W000634,U000634,230254.67,IDR,ACTIVE,2024-08-01 07:00:00,2025-02-05 07:00:00
W000635,U000635,74361.16,IDR,ACTIVE,2024-11-10 16:00:00,2025-12-20 16:00:00
W000636,U000636,80472.08,IDR,ACTIVE,2025-09-12 09:00:00,2026-04-28 09:00:00
W000637,U000637,44288.21,IDR,ACTIVE,2026-02-02 01:00:00,2026-08-23 00:00:00
W000638,U000638,13569.24,IDR,ACTIVE,2025-08-08 18:00:00,2026-08-02 18:00:00
W000639,U000639,49348.32,IDR,ACTIVE,2024-06-27 07:00:00,2025-06-11 07:00:00
W000640,U000640,146795.73,IDR,ACTIVE,2025-11-14 05:00:00,2026-08-10 05:00:00
W000641,U000641,91338.24,IDR,ACTIVE,2025-09-28 07:00:00,2025-12-03 07:00:00
W000642,U000642,19367.77,IDR,ACTIVE,2025-04-17 20:00:00,2025-05-14 20:00:00
W000643,U000643,10461.6,IDR,ACTIVE,2025-10-19 10:00:00,2026-03-26 10:00:00
W000644,U000644,30023.14,IDR,ACTIVE,2025-11-29 02:00:00,2026-08-23 00:00:00
W000645,U000645,49834.34,IDR,ACTIVE,2024-02-28 22:00:00,2025-02-02 22:00:00
W000646,U000646,53372.4,IDR,ACTIVE,2025-07-07 20:00:00,2026-03-06 20:00:00
W000647,U000647,54062.55,IDR,ACTIVE,2025-09-14 09:00:00,2026-04-12 09:00:00
W000648,U000648,62165.35,IDR,ACTIVE,2024-01-19 14:00:00,2024-12-14 14:00:00
W000649,U000649,94500.08,IDR,ACTIVE,2026-03-05 16:00:00,2026-08-23 00:00:00
W000650,U000650,41478.29,IDR,ACTIVE,2025-08-30 16:00:00,2026-08-23 00:00:00
W000651,U000651,24426.27,IDR,ACTIVE,2026-01-21 16:00:00,2026-08-23 00:00:00
W000652,U000652,106239.1,IDR,ACTIVE,2024-05-14 06:00:00,2025-05-16 06:00:00
W000653,U000653,150689.63,IDR,ACTIVE,2025-06-17 23:00:00,2026-08-23 00:00:00
W000654,U000654,35573.97,IDR,ACTIVE,2024-05-31 07:00:00,2025-08-19 07:00:00
W000655,U000655,467201.02,IDR,ACTIVE,2024-04-16 10:00:00,2025-02-26 10:00:00
W000656,U000656,280073.34,IDR,ACTIVE,2024-02-07 09:00:00,2025-03-12 09:00:00
W000657,U000657,20626.2,IDR,ACTIVE,2024-09-14 10:00:00,2026-01-27 10:00:00
W000658,U000658,11117.41,IDR,ACTIVE,2024-09-30 04:00:00,2025-09-25 04:00:00
W000659,U000659,51965.61,IDR,ACTIVE,2026-05-19 03:00:00,2026-08-23 00:00:00
W000660,U000660,81009.6,IDR,ACTIVE,2024-10-15 10:00:00,2025-11-02 10:00:00
W000661,U000661,458415.59,IDR,ACTIVE,2024-02-16 05:00:00,2024-06-12 05:00:00
W000662,U000662,438929.64,IDR,ACTIVE,2026-07-10 10:00:00,2026-08-23 00:00:00
W000663,U000663,120239.16,IDR,ACTIVE,2024-12-01 01:00:00,2025-01-14 01:00:00
W000664,U000664,42297.15,IDR,ACTIVE,2026-06-17 08:00:00,2026-08-23 00:00:00
W000665,U000665,202085.75,IDR,ACTIVE,2024-11-02 15:00:00,2025-07-09 15:00:00
W000666,U000666,69948.29,IDR,ACTIVE,2026-02-01 13:00:00,2026-04-12 13:00:00
W000667,U000667,16934.96,IDR,ACTIVE,2025-08-27 21:00:00,2025-12-05 21:00:00
W000668,U000668,17509.06,IDR,ACTIVE,2024-06-28 18:00:00,2025-01-08 18:00:00
W000669,U000669,42570.09,IDR,ACTIVE,2024-09-26 09:00:00,2025-10-23 09:00:00
W000670,U000670,166368.94,IDR,ACTIVE,2025-05-03 19:00:00,2026-07-26 19:00:00
W000671,U000671,22233.97,IDR,ACTIVE,2024-07-01 21:00:00,2025-02-23 21:00:00
W000672,U000672,42480.84,IDR,ACTIVE,2026-03-06 02:00:00,2026-08-23 00:00:00
W000673,U000673,277168.36,IDR,ACTIVE,2024-08-03 17:00:00,2025-06-20 17:00:00
W000674,U000674,91175.06,IDR,ACTIVE,2024-10-17 04:00:00,2025-12-05 04:00:00
W000675,U000675,380069.38,IDR,FROZEN,2024-08-05 00:00:00,2024-08-27 00:00:00
W000676,U000676,102746.27,IDR,ACTIVE,2024-03-26 22:00:00,2025-02-19 22:00:00
W000677,U000677,173193.97,IDR,ACTIVE,2026-01-22 00:00:00,2026-08-23 00:00:00
W000678,U000678,43325.0,IDR,ACTIVE,2026-05-22 03:00:00,2026-08-23 00:00:00
W000679,U000679,300432.44,IDR,ACTIVE,2025-10-08 05:00:00,2026-06-23 05:00:00
W000680,U000680,124148.9,IDR,ACTIVE,2024-05-09 21:00:00,2024-12-08 21:00:00
W000681,U000681,55095.77,IDR,ACTIVE,2025-03-31 01:00:00,2025-10-19 01:00:00
W000682,U000682,237360.42,IDR,ACTIVE,2026-04-15 10:00:00,2026-05-28 10:00:00
W000683,U000683,118377.53,IDR,ACTIVE,2026-05-29 15:00:00,2026-08-23 00:00:00
W000684,U000684,60724.85,IDR,FROZEN,2026-03-06 10:00:00,2026-04-30 10:00:00
W000685,U000685,105973.64,IDR,ACTIVE,2025-07-24 18:00:00,2026-08-20 18:00:00
W000686,U000686,26518.48,IDR,ACTIVE,2026-04-28 18:00:00,2026-08-23 00:00:00
W000687,U000687,202916.65,IDR,ACTIVE,2025-04-08 14:00:00,2025-05-28 14:00:00
W000688,U000688,448450.82,IDR,ACTIVE,2025-06-27 22:00:00,2026-08-02 22:00:00
W000689,U000689,13053.71,IDR,ACTIVE,2025-01-05 00:00:00,2025-12-10 00:00:00
W000690,U000690,35192.51,IDR,ACTIVE,2025-10-29 00:00:00,2025-10-29 00:00:00
W000691,U000691,32500.11,IDR,ACTIVE,2026-04-08 08:00:00,2026-08-23 00:00:00
W000692,U000692,132765.54,IDR,ACTIVE,2025-03-31 16:00:00,2026-03-21 16:00:00
W000693,U000693,76794.94,IDR,ACTIVE,2024-04-03 05:00:00,2024-08-20 05:00:00
W000694,U000694,40491.35,IDR,ACTIVE,2024-07-25 21:00:00,2024-10-22 21:00:00
W000695,U000695,46725.52,IDR,ACTIVE,2025-01-20 21:00:00,2026-04-25 21:00:00
W000696,U000696,37050.3,IDR,ACTIVE,2024-08-10 09:00:00,2025-11-01 09:00:00
W000697,U000697,115685.66,IDR,ACTIVE,2024-04-29 22:00:00,2025-02-24 22:00:00
W000698,U000698,75523.15,IDR,ACTIVE,2025-03-09 13:00:00,2025-09-03 13:00:00
W000699,U000699,44575.69,IDR,ACTIVE,2026-01-30 21:00:00,2026-04-05 21:00:00
W000700,U000700,37689.76,IDR,ACTIVE,2025-07-12 09:00:00,2026-08-23 00:00:00
W000701,U000701,242278.78,IDR,ACTIVE,2025-09-11 06:00:00,2026-08-23 00:00:00
W000702,U000702,197042.17,IDR,ACTIVE,2025-05-16 11:00:00,2025-07-13 11:00:00
W000703,U000703,117127.43,IDR,ACTIVE,2026-05-01 03:00:00,2026-08-23 00:00:00
W000704,U000704,174206.7,IDR,ACTIVE,2026-01-24 04:00:00,2026-08-23 00:00:00
W000705,U000705,17085.36,IDR,ACTIVE,2024-03-13 02:00:00,2024-06-13 02:00:00
W000706,U000706,22049.91,IDR,ACTIVE,2024-09-04 06:00:00,2025-11-20 06:00:00
W000707,U000707,19956.71,IDR,ACTIVE,2025-10-27 06:00:00,2026-08-23 00:00:00
W000708,U000708,62603.07,IDR,ACTIVE,2025-03-01 10:00:00,2025-06-27 10:00:00
W000709,U000709,180772.97,IDR,FROZEN,2025-01-24 14:00:00,2025-08-03 14:00:00
W000710,U000710,41046.83,IDR,ACTIVE,2024-03-23 14:00:00,2025-03-06 14:00:00
W000711,U000711,210578.36,IDR,ACTIVE,2024-05-28 15:00:00,2025-01-10 15:00:00
W000712,U000712,35120.76,IDR,ACTIVE,2024-05-01 08:00:00,2025-08-06 08:00:00
W000713,U000713,54439.86,IDR,ACTIVE,2024-01-15 04:00:00,2024-07-31 04:00:00
W000714,U000714,40599.87,IDR,ACTIVE,2025-10-19 17:00:00,2026-08-23 00:00:00
W000715,U000715,50454.17,IDR,ACTIVE,2024-04-21 10:00:00,2024-05-15 10:00:00
W000716,U000716,56043.73,IDR,ACTIVE,2024-06-08 21:00:00,2024-07-13 21:00:00
W000717,U000717,10837.56,IDR,ACTIVE,2025-04-09 09:00:00,2026-04-06 09:00:00
W000718,U000718,88583.25,IDR,ACTIVE,2024-08-11 18:00:00,2025-03-23 18:00:00
W000719,U000719,54764.46,IDR,ACTIVE,2024-01-16 02:00:00,2024-05-26 02:00:00
W000720,U000720,299626.8,IDR,ACTIVE,2024-11-26 15:00:00,2026-03-08 15:00:00
W000721,U000721,111086.95,IDR,ACTIVE,2024-05-15 02:00:00,2025-04-02 02:00:00
W000722,U000722,84670.88,IDR,ACTIVE,2024-07-12 20:00:00,2024-10-13 20:00:00
W000723,U000723,278562.22,IDR,ACTIVE,2025-05-05 00:00:00,2026-08-23 00:00:00
W000724,U000724,246251.93,IDR,ACTIVE,2025-03-07 02:00:00,2026-07-01 02:00:00
W000725,U000725,316219.56,IDR,ACTIVE,2026-05-11 18:00:00,2026-08-23 00:00:00
W000726,U000726,37195.29,IDR,ACTIVE,2026-03-15 15:00:00,2026-08-23 00:00:00
W000727,U000727,19518.21,IDR,ACTIVE,2025-01-07 12:00:00,2025-07-27 12:00:00
W000728,U000728,10885.91,IDR,ACTIVE,2025-01-11 13:00:00,2025-11-16 13:00:00
W000729,U000729,171535.81,IDR,ACTIVE,2024-01-20 21:00:00,2024-06-07 21:00:00
W000730,U000730,9481.17,IDR,ACTIVE,2024-07-25 04:00:00,2025-09-04 04:00:00
W000731,U000731,76670.44,IDR,FROZEN,2024-09-27 02:00:00,2025-05-20 02:00:00
W000732,U000732,145303.44,IDR,CLOSED,2024-01-26 05:00:00,2024-06-22 05:00:00
W000733,U000733,14027.48,IDR,ACTIVE,2025-02-11 11:00:00,2025-08-29 11:00:00
W000734,U000734,23759.35,IDR,CLOSED,2025-09-11 16:00:00,2026-08-13 16:00:00
W000735,U000735,201426.37,IDR,ACTIVE,2025-10-07 23:00:00,2025-11-01 23:00:00
W000736,U000736,102016.69,IDR,ACTIVE,2026-04-15 04:00:00,2026-08-23 00:00:00
W000737,U000737,200092.64,IDR,ACTIVE,2024-05-09 12:00:00,2025-08-28 12:00:00
W000738,U000738,78358.73,IDR,ACTIVE,2024-11-13 11:00:00,2025-11-14 11:00:00
W000739,U000739,24339.11,IDR,ACTIVE,2024-04-12 11:00:00,2024-09-25 11:00:00
W000740,U000740,39598.69,IDR,ACTIVE,2024-05-15 14:00:00,2025-05-22 14:00:00
W000741,U000741,153116.93,IDR,ACTIVE,2025-12-07 12:00:00,2026-08-14 12:00:00
W000742,U000742,12967.82,IDR,ACTIVE,2024-07-04 10:00:00,2025-07-12 10:00:00
W000743,U000743,36623.87,IDR,ACTIVE,2024-01-18 15:00:00,2025-05-28 15:00:00
W000744,U000744,31982.73,IDR,ACTIVE,2026-03-25 02:00:00,2026-08-23 00:00:00
W000745,U000745,56797.35,IDR,ACTIVE,2024-07-16 21:00:00,2025-03-28 21:00:00
W000746,U000746,115091.07,IDR,ACTIVE,2024-02-15 16:00:00,2025-02-01 16:00:00
W000747,U000747,194269.3,IDR,ACTIVE,2024-04-09 20:00:00,2025-02-07 20:00:00
W000748,U000748,16115.43,IDR,ACTIVE,2025-12-09 14:00:00,2026-08-23 00:00:00
W000749,U000749,25890.67,IDR,ACTIVE,2026-02-16 08:00:00,2026-08-23 00:00:00
W000750,U000750,17806.93,IDR,ACTIVE,2025-02-02 13:00:00,2026-02-20 13:00:00
W000751,U000751,59071.08,IDR,ACTIVE,2024-06-30 02:00:00,2024-10-01 02:00:00
W000752,U000752,19796.63,IDR,ACTIVE,2024-01-22 12:00:00,2024-03-07 12:00:00
W000753,U000753,87856.05,IDR,FROZEN,2025-07-20 19:00:00,2026-07-12 19:00:00
W000754,U000754,22223.57,IDR,CLOSED,2026-05-10 19:00:00,2026-08-22 19:00:00
W000755,U000755,226340.18,IDR,ACTIVE,2025-05-16 12:00:00,2026-04-24 12:00:00
W000756,U000756,11208.41,IDR,ACTIVE,2025-02-25 03:00:00,2026-03-26 03:00:00
W000757,U000757,26728.35,IDR,ACTIVE,2025-08-04 12:00:00,2025-11-02 12:00:00
W000758,U000758,320359.96,IDR,ACTIVE,2026-03-13 10:00:00,2026-08-23 00:00:00
W000759,U000759,74538.54,IDR,ACTIVE,2024-04-19 09:00:00,2024-08-27 09:00:00
W000760,U000760,37220.23,IDR,ACTIVE,2025-04-27 18:00:00,2026-07-15 18:00:00
W000761,U000761,953956.74,IDR,ACTIVE,2025-12-10 18:00:00,2026-05-22 18:00:00
W000762,U000762,46557.72,IDR,ACTIVE,2025-03-28 20:00:00,2026-01-31 20:00:00
W000763,U000763,110312.32,IDR,ACTIVE,2025-07-27 12:00:00,2026-08-23 00:00:00
W000764,U000764,27820.64,IDR,ACTIVE,2025-09-29 06:00:00,2025-10-07 06:00:00
W000765,U000765,23550.0,IDR,ACTIVE,2025-06-22 20:00:00,2026-01-09 20:00:00
W000766,U000766,117415.33,IDR,ACTIVE,2025-04-22 12:00:00,2025-07-05 12:00:00
W000767,U000767,357624.9,IDR,ACTIVE,2025-01-06 03:00:00,2026-02-15 03:00:00
W000768,U000768,38793.56,IDR,ACTIVE,2024-08-09 11:00:00,2025-07-22 11:00:00
W000769,U000769,22004.24,IDR,ACTIVE,2024-03-09 12:00:00,2024-07-19 12:00:00
W000770,U000770,168247.24,IDR,ACTIVE,2025-10-03 14:00:00,2026-06-21 14:00:00
W000771,U000771,39159.64,IDR,ACTIVE,2026-06-22 23:00:00,2026-08-23 00:00:00
W000772,U000772,89110.95,IDR,ACTIVE,2026-07-10 20:00:00,2026-08-07 20:00:00
W000773,U000773,37694.27,IDR,ACTIVE,2024-07-23 16:00:00,2024-09-16 16:00:00
W000774,U000774,44044.32,IDR,ACTIVE,2025-05-04 06:00:00,2026-05-18 06:00:00
W000775,U000775,25763.18,IDR,ACTIVE,2025-02-28 11:00:00,2026-03-26 11:00:00
W000776,U000776,120816.76,IDR,ACTIVE,2024-07-30 22:00:00,2025-08-07 22:00:00
W000777,U000777,91890.5,IDR,ACTIVE,2024-06-14 23:00:00,2025-05-03 23:00:00
W000778,U000778,88594.82,IDR,ACTIVE,2025-05-04 20:00:00,2025-09-07 20:00:00
W000779,U000779,30564.86,IDR,ACTIVE,2025-07-12 13:00:00,2026-01-14 13:00:00
W000780,U000780,83826.11,IDR,ACTIVE,2025-12-20 15:00:00,2026-08-23 00:00:00
W000781,U000781,422126.24,IDR,ACTIVE,2025-04-19 05:00:00,2026-05-15 05:00:00
W000782,U000782,22140.05,IDR,ACTIVE,2024-08-20 10:00:00,2025-06-13 10:00:00
W000783,U000783,28006.67,IDR,CLOSED,2025-07-08 17:00:00,2026-01-24 17:00:00
W000784,U000784,29436.32,IDR,ACTIVE,2025-02-09 14:00:00,2025-10-07 14:00:00
W000785,U000785,68186.25,IDR,ACTIVE,2025-12-05 01:00:00,2026-05-25 01:00:00
W000786,U000786,20680.86,IDR,ACTIVE,2025-12-19 09:00:00,2026-08-23 00:00:00
W000787,U000787,102165.28,IDR,ACTIVE,2024-01-21 18:00:00,2025-01-20 18:00:00
W000788,U000788,10214.71,IDR,ACTIVE,2025-09-14 15:00:00,2025-10-29 15:00:00
W000789,U000789,137332.65,IDR,ACTIVE,2026-06-29 22:00:00,2026-08-23 00:00:00
W000790,U000790,86928.59,IDR,ACTIVE,2024-04-12 12:00:00,2025-02-17 12:00:00
W000791,U000791,409836.46,IDR,ACTIVE,2024-05-24 03:00:00,2024-11-06 03:00:00
W000792,U000792,23085.49,IDR,ACTIVE,2025-12-18 22:00:00,2026-08-23 00:00:00
W000793,U000793,175979.96,IDR,ACTIVE,2025-11-03 15:00:00,2025-11-07 15:00:00
W000794,U000794,54928.24,IDR,ACTIVE,2025-08-17 21:00:00,2025-10-21 21:00:00
W000795,U000795,45035.69,IDR,ACTIVE,2025-07-05 07:00:00,2025-10-24 07:00:00
W000796,U000796,22086.79,IDR,ACTIVE,2025-11-25 03:00:00,2026-03-13 03:00:00
W000797,U000797,38219.14,IDR,ACTIVE,2026-08-11 12:00:00,2026-08-23 00:00:00
W000798,U000798,39890.35,IDR,ACTIVE,2026-05-07 06:00:00,2026-08-23 00:00:00
W000799,U000799,14107.78,IDR,ACTIVE,2025-03-11 13:00:00,2025-03-21 13:00:00
W000800,U000800,85983.81,IDR,ACTIVE,2024-11-05 02:00:00,2025-03-12 02:00:00
W000801,U000801,75001.97,IDR,ACTIVE,2026-04-26 17:00:00,2026-08-23 00:00:00
W000802,U000802,109838.03,IDR,ACTIVE,2026-05-30 09:00:00,2026-07-07 09:00:00
W000803,U000803,33708.77,IDR,ACTIVE,2025-02-25 15:00:00,2025-10-29 15:00:00
W000804,U000804,143157.77,IDR,ACTIVE,2026-07-16 22:00:00,2026-08-23 00:00:00
W000805,U000805,240736.43,IDR,ACTIVE,2024-04-03 19:00:00,2024-05-07 19:00:00
W000806,U000806,48424.23,IDR,ACTIVE,2025-01-11 08:00:00,2025-04-09 08:00:00
W000807,U000807,23515.29,IDR,ACTIVE,2024-09-28 20:00:00,2025-08-24 20:00:00
W000808,U000808,64704.46,IDR,ACTIVE,2025-05-10 02:00:00,2026-05-14 02:00:00
W000809,U000809,61763.23,IDR,ACTIVE,2024-02-15 11:00:00,2025-03-28 11:00:00
W000810,U000810,50931.29,IDR,ACTIVE,2026-04-23 02:00:00,2026-08-23 00:00:00
W000811,U000811,110110.41,IDR,ACTIVE,2024-02-29 21:00:00,2025-06-07 21:00:00
W000812,U000812,42964.74,IDR,ACTIVE,2026-07-24 10:00:00,2026-08-23 00:00:00
W000813,U000813,21868.55,IDR,ACTIVE,2026-01-14 05:00:00,2026-04-03 05:00:00
W000814,U000814,70843.64,IDR,ACTIVE,2024-11-08 22:00:00,2025-05-15 22:00:00
W000815,U000815,115883.78,IDR,ACTIVE,2024-10-03 04:00:00,2025-09-21 04:00:00
W000816,U000816,126442.9,IDR,ACTIVE,2024-08-19 10:00:00,2025-05-30 10:00:00
W000817,U000817,40334.12,IDR,ACTIVE,2026-03-29 21:00:00,2026-04-11 21:00:00
W000818,U000818,81556.13,IDR,ACTIVE,2025-08-04 06:00:00,2025-08-06 06:00:00
W000819,U000819,248687.87,IDR,CLOSED,2024-06-07 04:00:00,2025-07-05 04:00:00
W000820,U000820,246168.03,IDR,ACTIVE,2024-07-30 17:00:00,2025-09-01 17:00:00
W000821,U000821,181845.22,IDR,ACTIVE,2026-01-28 05:00:00,2026-08-23 00:00:00
W000822,U000822,13349.02,IDR,ACTIVE,2026-05-23 07:00:00,2026-08-23 00:00:00
W000823,U000823,43344.03,IDR,ACTIVE,2026-07-03 17:00:00,2026-08-23 00:00:00
W000824,U000824,227651.32,IDR,ACTIVE,2025-04-22 16:00:00,2026-03-01 16:00:00
W000825,U000825,13282.03,IDR,ACTIVE,2024-01-04 03:00:00,2024-07-13 03:00:00
W000826,U000826,56959.16,IDR,ACTIVE,2025-05-11 06:00:00,2025-11-06 06:00:00
W000827,U000827,33192.68,IDR,ACTIVE,2024-08-08 20:00:00,2025-03-05 20:00:00
W000828,U000828,83369.59,IDR,ACTIVE,2025-05-12 15:00:00,2026-08-23 00:00:00
W000829,U000829,7594.16,IDR,ACTIVE,2024-01-18 13:00:00,2024-10-13 13:00:00
W000830,U000830,203171.29,IDR,ACTIVE,2024-04-17 09:00:00,2025-06-26 09:00:00
W000831,U000831,59740.29,IDR,ACTIVE,2024-01-04 15:00:00,2024-05-19 15:00:00
W000832,U000832,20590.11,IDR,ACTIVE,2025-10-14 08:00:00,2026-08-23 00:00:00
W000833,U000833,29051.68,IDR,ACTIVE,2026-02-05 10:00:00,2026-02-22 10:00:00
W000834,U000834,86388.19,IDR,FROZEN,2026-04-29 21:00:00,2026-07-15 21:00:00
W000835,U000835,27018.64,IDR,ACTIVE,2026-06-18 07:00:00,2026-08-09 07:00:00
W000836,U000836,343344.86,IDR,ACTIVE,2025-12-02 03:00:00,2026-08-23 00:00:00
W000837,U000837,53121.72,IDR,ACTIVE,2024-02-02 23:00:00,2025-01-17 23:00:00
W000838,U000838,272196.83,IDR,ACTIVE,2024-04-25 16:00:00,2025-01-29 16:00:00
W000839,U000839,70967.3,IDR,ACTIVE,2024-09-06 17:00:00,2025-05-09 17:00:00
W000840,U000840,120791.72,IDR,ACTIVE,2024-05-25 12:00:00,2025-06-07 12:00:00
W000841,U000841,113199.62,IDR,ACTIVE,2025-11-02 11:00:00,2026-08-23 00:00:00
W000842,U000842,37230.17,IDR,ACTIVE,2024-03-24 23:00:00,2025-03-05 23:00:00
W000843,U000843,122422.88,IDR,ACTIVE,2024-10-23 17:00:00,2024-12-18 17:00:00
W000844,U000844,40402.58,IDR,ACTIVE,2025-04-08 00:00:00,2025-09-18 00:00:00
W000845,U000845,12244.25,IDR,ACTIVE,2025-09-04 00:00:00,2025-10-29 00:00:00
W000846,U000846,48663.47,IDR,ACTIVE,2024-03-25 17:00:00,2025-07-01 17:00:00
W000847,U000847,18070.61,IDR,ACTIVE,2024-05-18 17:00:00,2025-08-16 17:00:00
W000848,U000848,39082.45,IDR,ACTIVE,2024-06-01 13:00:00,2025-02-05 13:00:00
W000849,U000849,57818.18,IDR,ACTIVE,2025-03-31 15:00:00,2026-05-16 15:00:00
W000850,U000850,24165.31,IDR,ACTIVE,2024-06-29 08:00:00,2025-03-11 08:00:00
W000851,U000851,104683.34,IDR,ACTIVE,2025-02-16 02:00:00,2025-12-14 02:00:00
W000852,U000852,39949.1,IDR,ACTIVE,2025-08-25 14:00:00,2026-05-24 14:00:00
W000853,U000853,17599.27,IDR,ACTIVE,2025-07-29 17:00:00,2026-08-23 00:00:00
W000854,U000854,24519.57,IDR,ACTIVE,2025-02-14 12:00:00,2025-05-24 12:00:00
W000855,U000855,66686.65,IDR,ACTIVE,2024-12-18 20:00:00,2025-05-18 20:00:00
W000856,U000856,46634.98,IDR,ACTIVE,2024-04-06 10:00:00,2024-08-08 10:00:00
W000857,U000857,80191.18,IDR,ACTIVE,2026-04-21 07:00:00,2026-08-23 00:00:00
W000858,U000858,67160.8,IDR,ACTIVE,2026-01-08 14:00:00,2026-05-29 14:00:00
W000859,U000859,22517.79,IDR,ACTIVE,2024-05-04 18:00:00,2024-11-29 18:00:00
W000860,U000860,32453.94,IDR,ACTIVE,2026-03-13 06:00:00,2026-08-23 00:00:00
W000861,U000861,141882.51,IDR,ACTIVE,2025-11-29 18:00:00,2026-08-23 00:00:00
W000862,U000862,26106.24,IDR,ACTIVE,2024-10-26 04:00:00,2025-12-06 04:00:00
W000863,U000863,280000.65,IDR,ACTIVE,2024-05-03 13:00:00,2025-08-16 13:00:00
W000864,U000864,14474.2,IDR,ACTIVE,2026-07-13 16:00:00,2026-08-23 00:00:00
W000865,U000865,136877.09,IDR,ACTIVE,2024-05-17 02:00:00,2024-11-09 02:00:00
W000866,U000866,53959.59,IDR,ACTIVE,2026-07-01 05:00:00,2026-08-23 00:00:00
W000867,U000867,22648.25,IDR,ACTIVE,2024-08-21 09:00:00,2024-12-04 09:00:00
W000868,U000868,64833.62,IDR,ACTIVE,2026-05-26 20:00:00,2026-08-23 00:00:00
W000869,U000869,26897.19,IDR,ACTIVE,2026-04-12 09:00:00,2026-08-23 00:00:00
W000870,U000870,34451.47,IDR,FROZEN,2025-02-14 10:00:00,2026-06-22 10:00:00
W000871,U000871,40878.88,IDR,ACTIVE,2024-09-24 03:00:00,2025-07-28 03:00:00
W000872,U000872,125508.11,IDR,ACTIVE,2026-08-04 00:00:00,2026-08-23 00:00:00
W000873,U000873,32023.55,IDR,ACTIVE,2025-05-31 00:00:00,2025-10-07 00:00:00
W000874,U000874,75351.89,IDR,ACTIVE,2026-01-09 04:00:00,2026-08-23 00:00:00
W000875,U000875,130791.29,IDR,ACTIVE,2024-02-02 00:00:00,2024-12-17 00:00:00
W000876,U000876,63093.48,IDR,ACTIVE,2025-03-12 20:00:00,2025-12-25 20:00:00
W000877,U000877,87662.08,IDR,FROZEN,2024-12-21 05:00:00,2025-10-21 05:00:00
W000878,U000878,57491.58,IDR,ACTIVE,2025-05-13 08:00:00,2025-11-10 08:00:00
W000879,U000879,102416.95,IDR,ACTIVE,2025-11-19 15:00:00,2026-07-07 15:00:00
W000880,U000880,17161.69,IDR,ACTIVE,2026-03-13 13:00:00,2026-08-23 00:00:00
W000881,U000881,251106.8,IDR,ACTIVE,2026-03-11 18:00:00,2026-08-23 00:00:00
W000882,U000882,9323.91,IDR,FROZEN,2025-04-30 10:00:00,2026-02-21 10:00:00
W000883,U000883,30187.64,IDR,ACTIVE,2026-06-02 19:00:00,2026-08-23 00:00:00
W000884,U000884,54487.74,IDR,ACTIVE,2024-11-07 14:00:00,2025-11-26 14:00:00
W000885,U000885,9336.7,IDR,ACTIVE,2024-02-22 15:00:00,2025-07-06 15:00:00
W000886,U000886,36037.16,IDR,ACTIVE,2024-11-07 07:00:00,2025-05-25 07:00:00
W000887,U000887,78565.16,IDR,ACTIVE,2026-02-24 11:00:00,2026-06-08 11:00:00
W000888,U000888,293841.49,IDR,ACTIVE,2025-01-12 14:00:00,2025-12-08 14:00:00
W000889,U000889,107348.63,IDR,ACTIVE,2025-11-25 16:00:00,2026-05-23 16:00:00
W000890,U000890,38744.8,IDR,ACTIVE,2026-05-08 14:00:00,2026-08-23 00:00:00
W000891,U000891,13465.66,IDR,ACTIVE,2025-02-06 16:00:00,2026-02-23 16:00:00
W000892,U000892,218645.52,IDR,ACTIVE,2024-02-14 21:00:00,2025-01-27 21:00:00
W000893,U000893,37041.18,IDR,ACTIVE,2026-06-08 20:00:00,2026-08-23 00:00:00
W000894,U000894,78342.91,IDR,CLOSED,2026-03-09 14:00:00,2026-05-07 14:00:00
W000895,U000895,38845.23,IDR,ACTIVE,2024-09-26 03:00:00,2025-11-09 03:00:00
W000896,U000896,88650.42,IDR,ACTIVE,2026-08-05 19:00:00,2026-08-23 00:00:00
W000897,U000897,207487.61,IDR,ACTIVE,2025-08-08 08:00:00,2025-12-21 08:00:00
W000898,U000898,123892.31,IDR,ACTIVE,2025-01-28 19:00:00,2026-05-20 19:00:00
W000899,U000899,45808.94,IDR,ACTIVE,2026-03-20 02:00:00,2026-08-23 00:00:00
W000900,U000900,224740.85,IDR,ACTIVE,2025-08-05 07:00:00,2026-08-23 00:00:00
W000901,U000901,380043.19,IDR,ACTIVE,2026-01-20 10:00:00,2026-04-22 10:00:00
W000902,U000902,161249.94,IDR,ACTIVE,2025-05-21 15:00:00,2025-09-26 15:00:00
W000903,U000903,39986.48,IDR,ACTIVE,2025-04-10 15:00:00,2025-12-13 15:00:00
W000904,U000904,137193.69,IDR,ACTIVE,2025-01-09 07:00:00,2025-08-21 07:00:00
W000905,U000905,159413.98,IDR,ACTIVE,2025-09-21 05:00:00,2025-10-31 05:00:00
W000906,U000906,46646.09,IDR,ACTIVE,2024-02-09 07:00:00,2024-10-25 07:00:00
W000907,U000907,379977.38,IDR,ACTIVE,2025-02-08 16:00:00,2025-09-29 16:00:00
W000908,U000908,196915.43,IDR,ACTIVE,2025-08-27 11:00:00,2026-03-11 11:00:00
W000909,U000909,48987.22,IDR,ACTIVE,2026-06-07 19:00:00,2026-07-18 19:00:00
W000910,U000910,39946.81,IDR,ACTIVE,2024-12-13 18:00:00,2026-02-12 18:00:00
W000911,U000911,155400.39,IDR,ACTIVE,2024-06-02 15:00:00,2024-11-19 15:00:00
W000912,U000912,525340.9,IDR,ACTIVE,2026-05-19 15:00:00,2026-08-23 00:00:00
W000913,U000913,18234.28,IDR,ACTIVE,2024-12-14 17:00:00,2026-02-21 17:00:00
W000914,U000914,93130.84,IDR,ACTIVE,2025-07-31 04:00:00,2026-08-09 04:00:00
W000915,U000915,134491.82,IDR,ACTIVE,2025-12-31 19:00:00,2026-01-20 19:00:00
W000916,U000916,205320.74,IDR,ACTIVE,2024-10-31 00:00:00,2026-02-13 00:00:00
W000917,U000917,135963.75,IDR,ACTIVE,2026-04-03 10:00:00,2026-08-23 00:00:00
W000918,U000918,37506.19,IDR,ACTIVE,2024-08-22 10:00:00,2025-01-15 10:00:00
W000919,U000919,16489.84,IDR,ACTIVE,2026-06-04 23:00:00,2026-08-01 23:00:00
W000920,U000920,44285.84,IDR,ACTIVE,2025-05-07 07:00:00,2025-11-17 07:00:00
W000921,U000921,131026.6,IDR,CLOSED,2024-10-02 17:00:00,2025-04-06 17:00:00
W000922,U000922,33898.4,IDR,ACTIVE,2025-03-01 01:00:00,2025-08-13 01:00:00
W000923,U000923,244903.49,IDR,ACTIVE,2024-09-05 18:00:00,2024-10-09 18:00:00
W000924,U000924,52799.33,IDR,ACTIVE,2025-11-06 07:00:00,2026-03-27 07:00:00
W000925,U000925,31967.02,IDR,ACTIVE,2025-10-29 05:00:00,2026-03-26 05:00:00
W000926,U000926,7681.06,IDR,FROZEN,2024-01-09 04:00:00,2025-03-24 04:00:00
W000927,U000927,104383.41,IDR,ACTIVE,2025-08-04 23:00:00,2026-08-23 00:00:00
W000928,U000928,47737.5,IDR,CLOSED,2026-04-05 03:00:00,2026-06-12 03:00:00
W000929,U000929,38932.02,IDR,ACTIVE,2025-01-21 19:00:00,2025-05-20 19:00:00
W000930,U000930,446177.89,IDR,ACTIVE,2024-07-19 01:00:00,2025-08-19 01:00:00
W000931,U000931,33704.89,IDR,ACTIVE,2026-07-04 10:00:00,2026-08-23 00:00:00
W000932,U000932,42796.92,IDR,ACTIVE,2024-03-12 11:00:00,2025-06-04 11:00:00
W000933,U000933,106003.16,IDR,ACTIVE,2026-07-15 22:00:00,2026-08-23 00:00:00
W000934,U000934,240540.46,IDR,ACTIVE,2024-07-28 15:00:00,2025-01-04 15:00:00
W000935,U000935,95799.59,IDR,ACTIVE,2024-10-21 21:00:00,2025-07-25 21:00:00
W000936,U000936,66395.33,IDR,ACTIVE,2024-12-20 18:00:00,2025-07-10 18:00:00
W000937,U000937,517285.19,IDR,ACTIVE,2024-02-04 16:00:00,2024-05-09 16:00:00
W000938,U000938,40917.18,IDR,ACTIVE,2024-03-01 22:00:00,2024-05-01 22:00:00
W000939,U000939,41110.4,IDR,ACTIVE,2024-03-18 12:00:00,2025-06-30 12:00:00
W000940,U000940,34163.42,IDR,ACTIVE,2024-01-31 16:00:00,2024-10-07 16:00:00
W000941,U000941,89772.63,IDR,ACTIVE,2025-10-11 15:00:00,2026-08-23 00:00:00
W000942,U000942,25705.18,IDR,ACTIVE,2026-05-02 10:00:00,2026-08-23 00:00:00
W000943,U000943,20292.0,IDR,ACTIVE,2024-11-16 16:00:00,2025-10-15 16:00:00
W000944,U000944,42673.4,IDR,ACTIVE,2025-10-17 04:00:00,2026-08-23 00:00:00
W000945,U000945,12931.25,IDR,ACTIVE,2025-02-25 15:00:00,2025-06-02 15:00:00
W000946,U000946,78378.6,IDR,ACTIVE,2024-06-12 13:00:00,2024-10-16 13:00:00
W000947,U000947,90011.23,IDR,ACTIVE,2024-06-26 18:00:00,2025-10-16 18:00:00
W000948,U000948,107044.46,IDR,ACTIVE,2024-11-05 14:00:00,2025-02-25 14:00:00
W000949,U000949,143861.44,IDR,ACTIVE,2026-03-25 20:00:00,2026-08-23 00:00:00
W000950,U000950,43836.16,IDR,CLOSED,2025-09-30 23:00:00,2026-02-03 23:00:00
W000951,U000951,209472.21,IDR,ACTIVE,2026-05-02 12:00:00,2026-08-23 00:00:00
W000952,U000952,186550.19,IDR,ACTIVE,2024-12-30 18:00:00,2025-09-11 18:00:00
W000953,U000953,22633.18,IDR,ACTIVE,2024-06-22 18:00:00,2025-03-04 18:00:00
W000954,U000954,57666.78,IDR,ACTIVE,2024-05-21 10:00:00,2025-09-09 10:00:00
W000955,U000955,6650.84,IDR,ACTIVE,2025-02-02 00:00:00,2026-03-13 00:00:00
W000956,U000956,212928.97,IDR,ACTIVE,2025-04-04 21:00:00,2026-02-27 21:00:00
W000957,U000957,141090.72,IDR,ACTIVE,2024-06-05 08:00:00,2024-12-08 08:00:00
W000958,U000958,275030.86,IDR,ACTIVE,2025-03-29 01:00:00,2025-11-11 01:00:00
W000959,U000959,14376.51,IDR,FROZEN,2024-07-01 04:00:00,2025-05-04 04:00:00
W000960,U000960,98628.0,IDR,ACTIVE,2024-09-22 05:00:00,2026-01-18 05:00:00
W000961,U000961,36342.84,IDR,ACTIVE,2025-02-22 23:00:00,2026-07-04 23:00:00
W000962,U000962,9198.17,IDR,ACTIVE,2024-10-13 00:00:00,2025-09-29 00:00:00
W000963,U000963,165279.35,IDR,ACTIVE,2025-12-10 00:00:00,2026-08-23 00:00:00
W000964,U000964,18548.95,IDR,ACTIVE,2024-09-17 19:00:00,2025-01-13 19:00:00
W000965,U000965,86029.87,IDR,ACTIVE,2024-09-06 05:00:00,2025-08-25 05:00:00
W000966,U000966,35957.97,IDR,ACTIVE,2026-01-19 12:00:00,2026-07-20 12:00:00
W000967,U000967,71838.13,IDR,ACTIVE,2026-08-07 14:00:00,2026-08-23 00:00:00
W000968,U000968,146075.32,IDR,ACTIVE,2024-06-24 11:00:00,2024-11-19 11:00:00
W000969,U000969,72038.98,IDR,CLOSED,2024-03-13 07:00:00,2024-03-21 07:00:00
W000970,U000970,661049.27,IDR,CLOSED,2024-01-21 19:00:00,2024-06-24 19:00:00
W000971,U000971,25255.78,IDR,ACTIVE,2026-03-19 02:00:00,2026-08-23 00:00:00
W000972,U000972,460530.28,IDR,ACTIVE,2026-01-19 13:00:00,2026-08-23 00:00:00
W000973,U000973,44437.88,IDR,ACTIVE,2026-08-10 02:00:00,2026-08-23 00:00:00
W000974,U000974,29969.48,IDR,ACTIVE,2026-02-25 10:00:00,2026-06-09 10:00:00
W000975,U000975,55926.72,IDR,ACTIVE,2024-09-15 17:00:00,2025-11-19 17:00:00
W000976,U000976,14665.9,IDR,ACTIVE,2025-05-31 14:00:00,2025-08-23 14:00:00
W000977,U000977,32497.39,IDR,ACTIVE,2026-02-27 20:00:00,2026-08-07 20:00:00
W000978,U000978,47064.57,IDR,ACTIVE,2025-01-02 02:00:00,2026-01-03 02:00:00
W000979,U000979,78001.37,IDR,ACTIVE,2026-06-11 17:00:00,2026-08-23 00:00:00
W000980,U000980,63812.37,IDR,ACTIVE,2025-11-27 01:00:00,2026-08-13 01:00:00
W000981,U000981,98903.53,IDR,ACTIVE,2024-01-30 16:00:00,2024-07-03 16:00:00
W000982,U000982,58173.39,IDR,ACTIVE,2024-02-25 15:00:00,2024-08-11 15:00:00
W000983,U000983,184135.52,IDR,ACTIVE,2025-07-20 10:00:00,2026-08-15 10:00:00
W000984,U000984,117829.52,IDR,ACTIVE,2025-12-06 22:00:00,2026-08-23 00:00:00
W000985,U000985,91150.62,IDR,ACTIVE,2025-12-03 11:00:00,2026-03-13 11:00:00
W000986,U000986,220788.98,IDR,ACTIVE,2024-01-06 12:00:00,2024-06-27 12:00:00
W000987,U000987,220760.74,IDR,CLOSED,2026-05-02 20:00:00,2026-08-23 00:00:00
W000988,U000988,68540.24,IDR,ACTIVE,2024-03-12 13:00:00,2024-12-04 13:00:00
W000989,U000989,42404.8,IDR,ACTIVE,2024-08-06 19:00:00,2025-12-03 19:00:00
W000990,U000990,75134.03,IDR,ACTIVE,2026-08-07 01:00:00,2026-08-23 00:00:00
W000991,U000991,53445.19,IDR,ACTIVE,2025-09-03 23:00:00,2026-08-23 00:00:00
W000992,U000992,40839.95,IDR,ACTIVE,2025-06-08 11:00:00,2025-07-20 11:00:00
W000993,U000993,72193.63,IDR,ACTIVE,2024-07-10 01:00:00,2025-02-04 01:00:00
W000994,U000994,88293.75,IDR,ACTIVE,2026-02-24 13:00:00,2026-08-23 00:00:00
W000995,U000995,111925.79,IDR,ACTIVE,2024-03-16 02:00:00,2025-04-19 02:00:00
W000996,U000996,264247.61,IDR,ACTIVE,2024-10-02 17:00:00,2024-11-25 17:00:00
W000997,U000997,79531.71,IDR,ACTIVE,2025-08-25 12:00:00,2026-06-01 12:00:00
W000998,U000998,59452.75,IDR,ACTIVE,2026-08-04 17:00:00,2026-08-23 00:00:00
W000999,U000999,160769.75,IDR,ACTIVE,2025-09-10 05:00:00,2026-05-15 05:00:00
W001000,U001000,27567.52,IDR,ACTIVE,2025-12-06 10:00:00,2026-03-30 10:00:00
W001001,U001001,9108.98,IDR,CLOSED,2025-10-04 18:00:00,2026-08-23 00:00:00
W001002,U001002,13048.16,IDR,ACTIVE,2025-05-04 04:00:00,2025-06-30 04:00:00
W001003,U001003,97220.28,IDR,ACTIVE,2024-11-22 23:00:00,2025-09-11 23:00:00
W001004,U001004,44276.15,IDR,ACTIVE,2026-02-21 09:00:00,2026-04-05 09:00:00
W001005,U001005,47534.63,IDR,FROZEN,2025-07-01 15:00:00,2025-08-22 15:00:00
W001006,U001006,26984.38,IDR,ACTIVE,2026-06-06 07:00:00,2026-06-07 07:00:00
W001007,U001007,199501.7,IDR,ACTIVE,2025-03-21 22:00:00,2025-06-27 22:00:00
W001008,U001008,13503.66,IDR,ACTIVE,2024-02-11 01:00:00,2025-04-10 01:00:00
W001009,U001009,107694.9,IDR,ACTIVE,2024-03-30 11:00:00,2024-12-26 11:00:00
W001010,U001010,60267.52,IDR,ACTIVE,2025-03-21 01:00:00,2025-10-15 01:00:00
W001011,U001011,284334.16,IDR,ACTIVE,2024-04-08 08:00:00,2025-03-23 08:00:00
W001012,U001012,161559.39,IDR,ACTIVE,2024-02-22 06:00:00,2025-07-06 06:00:00
W001013,U001013,21016.82,IDR,ACTIVE,2026-05-23 16:00:00,2026-08-23 00:00:00
W001014,U001014,117944.56,IDR,ACTIVE,2025-08-27 13:00:00,2026-04-10 13:00:00
W001015,U001015,94344.14,IDR,ACTIVE,2025-08-25 06:00:00,2026-05-26 06:00:00
W001016,U001016,56040.73,IDR,ACTIVE,2024-03-25 13:00:00,2024-09-13 13:00:00
W001017,U001017,108537.86,IDR,ACTIVE,2024-11-13 13:00:00,2024-12-06 13:00:00
W001018,U001018,32428.34,IDR,ACTIVE,2025-07-26 15:00:00,2026-03-29 15:00:00
W001019,U001019,66375.16,IDR,ACTIVE,2025-04-02 11:00:00,2026-01-15 11:00:00
W001020,U001020,61327.28,IDR,FROZEN,2024-10-18 14:00:00,2025-11-23 14:00:00
W001021,U001021,28264.82,IDR,ACTIVE,2024-07-04 23:00:00,2025-10-14 23:00:00
W001022,U001022,44375.85,IDR,ACTIVE,2025-03-10 09:00:00,2025-04-30 09:00:00
W001023,U001023,37701.95,IDR,ACTIVE,2024-09-06 10:00:00,2026-01-02 10:00:00
W001024,U001024,88228.02,IDR,ACTIVE,2025-12-27 20:00:00,2026-08-23 00:00:00
W001025,U001025,213120.55,IDR,ACTIVE,2025-05-17 15:00:00,2026-08-20 15:00:00
W001026,U001026,17237.62,IDR,ACTIVE,2025-04-14 04:00:00,2025-10-12 04:00:00
W001027,U001027,90990.88,IDR,ACTIVE,2026-03-27 09:00:00,2026-04-16 09:00:00
W001028,U001028,36437.33,IDR,ACTIVE,2026-04-23 10:00:00,2026-08-23 00:00:00
W001029,U001029,150699.77,IDR,ACTIVE,2025-06-28 17:00:00,2026-05-27 17:00:00
W001030,U001030,89867.71,IDR,ACTIVE,2025-04-03 23:00:00,2025-12-16 23:00:00
W001031,U001031,13900.74,IDR,ACTIVE,2024-01-16 02:00:00,2024-01-29 02:00:00
W001032,U001032,72253.91,IDR,ACTIVE,2026-08-13 17:00:00,2026-08-23 00:00:00
W001033,U001033,53210.92,IDR,ACTIVE,2025-08-16 10:00:00,2026-05-13 10:00:00
W001034,U001034,18826.18,IDR,ACTIVE,2025-02-03 04:00:00,2025-05-22 04:00:00
W001035,U001035,36878.04,IDR,ACTIVE,2025-08-06 15:00:00,2026-04-20 15:00:00
W001036,U001036,69107.44,IDR,ACTIVE,2024-03-10 11:00:00,2025-04-15 11:00:00
W001037,U001037,37885.19,IDR,ACTIVE,2026-03-10 20:00:00,2026-05-25 20:00:00
W001038,U001038,170537.88,IDR,ACTIVE,2026-04-08 16:00:00,2026-04-18 16:00:00
W001039,U001039,52750.89,IDR,ACTIVE,2024-11-23 09:00:00,2026-03-19 09:00:00
W001040,U001040,34505.84,IDR,ACTIVE,2024-06-10 00:00:00,2025-07-21 00:00:00
W001041,U001041,73000.19,IDR,ACTIVE,2024-02-07 02:00:00,2024-08-14 02:00:00
W001042,U001042,82889.15,IDR,ACTIVE,2024-04-23 14:00:00,2025-05-04 14:00:00
W001043,U001043,152217.64,IDR,ACTIVE,2026-05-17 18:00:00,2026-08-23 00:00:00
W001044,U001044,63802.13,IDR,ACTIVE,2025-02-05 12:00:00,2025-08-18 12:00:00
W001045,U001045,1185.12,IDR,ACTIVE,2025-09-20 16:00:00,2026-08-23 00:00:00
W001046,U001046,79521.92,IDR,ACTIVE,2025-08-28 13:00:00,2026-08-23 00:00:00
W001047,U001047,44262.94,IDR,FROZEN,2024-01-12 03:00:00,2024-02-25 03:00:00
W001048,U001048,292845.55,IDR,ACTIVE,2024-03-12 20:00:00,2024-09-15 20:00:00
W001049,U001049,89321.42,IDR,ACTIVE,2024-06-15 12:00:00,2025-10-24 12:00:00
W001050,U001050,70675.84,IDR,ACTIVE,2024-05-15 02:00:00,2024-09-10 02:00:00
W001051,U001051,37885.47,IDR,ACTIVE,2025-09-07 09:00:00,2025-09-15 09:00:00
W001052,U001052,174813.67,IDR,ACTIVE,2026-04-10 08:00:00,2026-08-23 00:00:00
W001053,U001053,12739.09,IDR,ACTIVE,2026-04-29 20:00:00,2026-08-23 00:00:00
W001054,U001054,73419.43,IDR,ACTIVE,2025-08-02 01:00:00,2025-08-23 01:00:00
W001055,U001055,12519.29,IDR,CLOSED,2024-08-08 10:00:00,2025-05-17 10:00:00
W001056,U001056,32830.49,IDR,ACTIVE,2026-06-09 01:00:00,2026-08-23 00:00:00
W001057,U001057,136309.38,IDR,ACTIVE,2026-05-02 17:00:00,2026-08-23 00:00:00
W001058,U001058,83727.04,IDR,FROZEN,2024-11-22 04:00:00,2025-10-08 04:00:00
W001059,U001059,71704.23,IDR,ACTIVE,2026-03-08 00:00:00,2026-08-23 00:00:00
W001060,U001060,23014.14,IDR,ACTIVE,2024-12-10 19:00:00,2025-11-24 19:00:00
W001061,U001061,56868.16,IDR,ACTIVE,2024-10-08 20:00:00,2025-04-22 20:00:00
W001062,U001062,87147.7,IDR,ACTIVE,2024-04-24 19:00:00,2025-06-02 19:00:00
W001063,U001063,152330.9,IDR,ACTIVE,2024-11-03 19:00:00,2025-03-06 19:00:00
W001064,U001064,99035.37,IDR,ACTIVE,2024-12-31 13:00:00,2025-11-28 13:00:00
W001065,U001065,136294.45,IDR,CLOSED,2024-04-19 23:00:00,2025-04-10 23:00:00
W001066,U001066,16130.32,IDR,ACTIVE,2026-01-26 16:00:00,2026-08-23 00:00:00
W001067,U001067,70076.77,IDR,ACTIVE,2025-04-19 21:00:00,2025-08-12 21:00:00
W001068,U001068,158975.69,IDR,FROZEN,2025-10-29 12:00:00,2026-02-14 12:00:00
W001069,U001069,7539.15,IDR,ACTIVE,2025-01-19 06:00:00,2025-08-13 06:00:00
W001070,U001070,48779.6,IDR,ACTIVE,2025-03-06 15:00:00,2025-05-16 15:00:00
W001071,U001071,88010.61,IDR,ACTIVE,2025-05-30 09:00:00,2025-12-01 09:00:00
W001072,U001072,183631.39,IDR,ACTIVE,2025-11-23 16:00:00,2026-08-23 00:00:00
W001073,U001073,67124.79,IDR,ACTIVE,2024-06-20 03:00:00,2025-02-23 03:00:00
W001074,U001074,59982.22,IDR,ACTIVE,2024-08-05 16:00:00,2025-08-13 16:00:00
W001075,U001075,80434.25,IDR,ACTIVE,2024-04-27 07:00:00,2024-10-22 07:00:00
W001076,U001076,88865.7,IDR,ACTIVE,2024-02-18 09:00:00,2025-05-09 09:00:00
W001077,U001077,26728.63,IDR,ACTIVE,2024-11-28 21:00:00,2025-03-02 21:00:00
W001078,U001078,37827.05,IDR,ACTIVE,2025-02-09 08:00:00,2026-01-06 08:00:00
W001079,U001079,11069.69,IDR,ACTIVE,2025-09-03 19:00:00,2026-07-22 19:00:00
W001080,U001080,32835.06,IDR,ACTIVE,2026-02-19 13:00:00,2026-08-23 00:00:00
W001081,U001081,21616.12,IDR,ACTIVE,2025-07-21 07:00:00,2026-06-29 07:00:00
W001082,U001082,26510.98,IDR,ACTIVE,2026-08-13 01:00:00,2026-08-23 00:00:00
W001083,U001083,522051.46,IDR,ACTIVE,2024-08-06 23:00:00,2024-08-23 23:00:00
W001084,U001084,171891.82,IDR,ACTIVE,2026-05-30 11:00:00,2026-08-23 00:00:00
W001085,U001085,22052.45,IDR,ACTIVE,2025-07-13 22:00:00,2026-04-19 22:00:00
W001086,U001086,17634.9,IDR,ACTIVE,2024-12-26 08:00:00,2025-12-20 08:00:00
W001087,U001087,34641.52,IDR,ACTIVE,2024-12-31 17:00:00,2026-03-20 17:00:00
W001088,U001088,17130.98,IDR,ACTIVE,2026-03-17 23:00:00,2026-08-23 00:00:00
W001089,U001089,78308.64,IDR,ACTIVE,2025-12-08 20:00:00,2026-03-02 20:00:00
W001090,U001090,76953.07,IDR,ACTIVE,2025-05-19 03:00:00,2025-10-20 03:00:00
W001091,U001091,26155.62,IDR,ACTIVE,2026-04-25 21:00:00,2026-08-23 00:00:00
W001092,U001092,118854.63,IDR,ACTIVE,2025-08-12 03:00:00,2026-08-23 00:00:00
W001093,U001093,118987.54,IDR,ACTIVE,2025-01-26 01:00:00,2025-11-11 01:00:00
W001094,U001094,31513.73,IDR,ACTIVE,2025-09-24 16:00:00,2026-08-23 00:00:00
W001095,U001095,25393.96,IDR,ACTIVE,2026-01-19 06:00:00,2026-02-25 06:00:00
W001096,U001096,40749.87,IDR,CLOSED,2025-11-15 00:00:00,2026-08-23 00:00:00
W001097,U001097,104374.66,IDR,ACTIVE,2026-03-12 16:00:00,2026-08-23 00:00:00
W001098,U001098,467003.69,IDR,ACTIVE,2024-08-21 12:00:00,2025-12-30 12:00:00
W001099,U001099,101803.69,IDR,ACTIVE,2026-07-25 17:00:00,2026-08-23 00:00:00
W001100,U001100,20471.93,IDR,CLOSED,2024-06-27 03:00:00,2024-10-19 03:00:00
W001101,U001101,82585.1,IDR,ACTIVE,2026-07-06 07:00:00,2026-08-23 00:00:00
W001102,U001102,67272.58,IDR,ACTIVE,2025-01-15 17:00:00,2025-06-14 17:00:00
W001103,U001103,63488.17,IDR,ACTIVE,2026-07-10 19:00:00,2026-08-23 00:00:00
W001104,U001104,17538.81,IDR,ACTIVE,2024-03-03 05:00:00,2024-12-09 05:00:00
W001105,U001105,82356.14,IDR,ACTIVE,2025-02-05 11:00:00,2025-03-04 11:00:00
W001106,U001106,58634.52,IDR,ACTIVE,2025-09-21 12:00:00,2026-01-28 12:00:00
W001107,U001107,19742.81,IDR,ACTIVE,2026-08-01 08:00:00,2026-08-23 00:00:00
W001108,U001108,331940.63,IDR,ACTIVE,2024-09-22 12:00:00,2024-12-09 12:00:00
W001109,U001109,18048.1,IDR,ACTIVE,2026-03-05 14:00:00,2026-07-01 14:00:00
W001110,U001110,93685.27,IDR,ACTIVE,2025-12-05 04:00:00,2026-08-23 00:00:00
W001111,U001111,52037.74,IDR,ACTIVE,2025-08-22 07:00:00,2026-03-25 07:00:00
W001112,U001112,42808.17,IDR,ACTIVE,2024-11-10 04:00:00,2025-06-23 04:00:00
W001113,U001113,209388.67,IDR,ACTIVE,2026-07-30 18:00:00,2026-08-23 00:00:00
W001114,U001114,149615.47,IDR,ACTIVE,2026-08-13 12:00:00,2026-08-23 00:00:00
W001115,U001115,52238.65,IDR,FROZEN,2026-02-20 18:00:00,2026-08-20 18:00:00
W001116,U001116,27493.13,IDR,ACTIVE,2026-01-20 23:00:00,2026-08-23 00:00:00
W001117,U001117,38429.11,IDR,ACTIVE,2026-04-19 09:00:00,2026-08-23 00:00:00
W001118,U001118,45694.34,IDR,ACTIVE,2026-03-22 11:00:00,2026-04-10 11:00:00
W001119,U001119,152459.57,IDR,ACTIVE,2026-04-05 01:00:00,2026-08-23 00:00:00
W001120,U001120,86675.42,IDR,ACTIVE,2025-08-17 20:00:00,2026-05-02 20:00:00
W001121,U001121,158021.83,IDR,ACTIVE,2024-07-28 14:00:00,2024-09-27 14:00:00
W001122,U001122,17013.04,IDR,ACTIVE,2024-05-11 07:00:00,2025-04-09 07:00:00
W001123,U001123,173133.22,IDR,ACTIVE,2024-01-09 02:00:00,2025-01-31 02:00:00
W001124,U001124,246231.92,IDR,ACTIVE,2026-03-23 15:00:00,2026-05-10 15:00:00
W001125,U001125,29206.51,IDR,ACTIVE,2025-05-06 01:00:00,2026-08-06 01:00:00
W001126,U001126,132702.33,IDR,ACTIVE,2024-08-29 05:00:00,2025-03-12 05:00:00
W001127,U001127,223241.05,IDR,ACTIVE,2026-04-12 08:00:00,2026-08-23 00:00:00
W001128,U001128,34933.98,IDR,ACTIVE,2025-10-04 14:00:00,2025-11-17 14:00:00
W001129,U001129,21383.8,IDR,FROZEN,2025-07-30 10:00:00,2025-08-17 10:00:00
W001130,U001130,75126.75,IDR,ACTIVE,2026-06-17 08:00:00,2026-08-23 00:00:00
W001131,U001131,10732.91,IDR,ACTIVE,2024-07-03 11:00:00,2024-10-05 11:00:00
W001132,U001132,170579.12,IDR,ACTIVE,2024-09-09 08:00:00,2025-02-01 08:00:00
W001133,U001133,25994.14,IDR,ACTIVE,2025-09-15 21:00:00,2026-08-18 21:00:00
W001134,U001134,47354.68,IDR,ACTIVE,2026-08-13 23:00:00,2026-08-23 00:00:00
W001135,U001135,119164.45,IDR,ACTIVE,2025-08-27 19:00:00,2026-08-23 00:00:00
W001136,U001136,103542.66,IDR,ACTIVE,2025-11-08 23:00:00,2026-08-23 00:00:00
W001137,U001137,115485.32,IDR,FROZEN,2024-12-11 23:00:00,2025-06-17 23:00:00
W001138,U001138,29075.54,IDR,ACTIVE,2024-02-29 02:00:00,2025-01-31 02:00:00
W001139,U001139,81802.42,IDR,ACTIVE,2026-08-13 18:00:00,2026-08-23 00:00:00
W001140,U001140,141247.71,IDR,ACTIVE,2024-11-09 07:00:00,2026-03-01 07:00:00
W001141,U001141,33946.9,IDR,ACTIVE,2024-02-24 14:00:00,2024-12-05 14:00:00
W001142,U001142,362771.49,IDR,ACTIVE,2024-09-20 08:00:00,2025-07-21 08:00:00
W001143,U001143,49366.07,IDR,ACTIVE,2025-01-08 15:00:00,2026-03-08 15:00:00
W001144,U001144,10075.73,IDR,ACTIVE,2024-05-15 04:00:00,2024-05-25 04:00:00
W001145,U001145,49115.32,IDR,ACTIVE,2025-07-04 06:00:00,2026-08-23 00:00:00
W001146,U001146,219833.43,IDR,ACTIVE,2026-07-01 06:00:00,2026-08-23 00:00:00
W001147,U001147,24591.48,IDR,ACTIVE,2024-05-20 19:00:00,2024-12-06 19:00:00
W001148,U001148,22907.52,IDR,ACTIVE,2026-06-25 23:00:00,2026-08-23 00:00:00
W001149,U001149,88599.48,IDR,ACTIVE,2024-12-18 05:00:00,2026-02-09 05:00:00
W001150,U001150,21277.43,IDR,ACTIVE,2026-06-13 21:00:00,2026-08-23 00:00:00
W001151,U001151,20523.66,IDR,ACTIVE,2025-09-24 22:00:00,2026-08-23 00:00:00
W001152,U001152,27328.33,IDR,ACTIVE,2024-04-23 09:00:00,2025-03-26 09:00:00
W001153,U001153,293357.51,IDR,ACTIVE,2024-07-02 03:00:00,2024-12-08 03:00:00
W001154,U001154,98827.31,IDR,ACTIVE,2026-06-13 08:00:00,2026-08-23 00:00:00
W001155,U001155,63792.02,IDR,ACTIVE,2026-07-01 00:00:00,2026-08-23 00:00:00
W001156,U001156,28900.37,IDR,ACTIVE,2024-06-29 13:00:00,2025-06-19 13:00:00
W001157,U001157,139423.77,IDR,ACTIVE,2024-12-08 06:00:00,2025-06-06 06:00:00
W001158,U001158,109511.13,IDR,ACTIVE,2026-03-13 09:00:00,2026-05-31 09:00:00
W001159,U001159,319422.76,IDR,ACTIVE,2025-01-21 11:00:00,2025-07-14 11:00:00
W001160,U001160,24320.6,IDR,CLOSED,2025-06-16 02:00:00,2026-03-28 02:00:00
W001161,U001161,21748.81,IDR,ACTIVE,2026-01-10 04:00:00,2026-08-23 00:00:00
W001162,U001162,10301.46,IDR,ACTIVE,2026-06-11 23:00:00,2026-08-23 00:00:00
W001163,U001163,101309.68,IDR,ACTIVE,2026-02-14 06:00:00,2026-08-23 00:00:00
W001164,U001164,76411.69,IDR,ACTIVE,2025-01-12 03:00:00,2026-03-29 03:00:00
W001165,U001165,41296.7,IDR,ACTIVE,2024-12-24 11:00:00,2025-06-18 11:00:00
W001166,U001166,10137.71,IDR,ACTIVE,2024-06-14 00:00:00,2025-04-04 00:00:00
W001167,U001167,251104.64,IDR,ACTIVE,2026-08-13 11:00:00,2026-08-23 00:00:00
W001168,U001168,72507.89,IDR,ACTIVE,2025-07-30 20:00:00,2026-01-31 20:00:00
W001169,U001169,197642.37,IDR,ACTIVE,2026-06-11 15:00:00,2026-08-23 00:00:00
W001170,U001170,219938.24,IDR,ACTIVE,2024-10-11 11:00:00,2025-05-04 11:00:00
W001171,U001171,98298.65,IDR,ACTIVE,2026-06-16 16:00:00,2026-08-23 00:00:00
W001172,U001172,114049.57,IDR,ACTIVE,2025-10-19 16:00:00,2026-08-23 00:00:00
W001173,U001173,32945.8,IDR,ACTIVE,2025-06-24 20:00:00,2026-08-23 00:00:00
W001174,U001174,66864.14,IDR,ACTIVE,2026-03-18 05:00:00,2026-08-23 00:00:00
W001175,U001175,162888.39,IDR,ACTIVE,2024-01-19 14:00:00,2024-04-08 14:00:00
W001176,U001176,27400.81,IDR,ACTIVE,2026-06-22 02:00:00,2026-08-23 00:00:00
W001177,U001177,150532.81,IDR,ACTIVE,2026-08-10 06:00:00,2026-08-23 00:00:00
W001178,U001178,140282.0,IDR,ACTIVE,2026-05-03 01:00:00,2026-08-23 00:00:00
W001179,U001179,136351.12,IDR,ACTIVE,2026-01-04 05:00:00,2026-08-23 00:00:00
W001180,U001180,62413.81,IDR,ACTIVE,2026-02-15 06:00:00,2026-08-23 00:00:00
W001181,U001181,29295.6,IDR,ACTIVE,2025-08-03 03:00:00,2026-08-13 03:00:00
W001182,U001182,360239.67,IDR,ACTIVE,2024-10-06 04:00:00,2025-05-02 04:00:00
W001183,U001183,233516.19,IDR,ACTIVE,2024-12-22 05:00:00,2025-08-10 05:00:00
W001184,U001184,63881.9,IDR,ACTIVE,2025-01-01 07:00:00,2025-03-21 07:00:00
W001185,U001185,76534.64,IDR,ACTIVE,2024-11-01 04:00:00,2025-06-18 04:00:00
W001186,U001186,46388.78,IDR,ACTIVE,2024-10-02 23:00:00,2025-05-09 23:00:00
W001187,U001187,10887.58,IDR,ACTIVE,2026-03-15 09:00:00,2026-08-23 00:00:00
W001188,U001188,55097.88,IDR,ACTIVE,2026-05-25 10:00:00,2026-08-23 00:00:00
W001189,U001189,99147.61,IDR,ACTIVE,2024-09-12 16:00:00,2025-11-26 16:00:00
W001190,U001190,34846.25,IDR,ACTIVE,2026-01-10 18:00:00,2026-08-23 00:00:00
W001191,U001191,44163.55,IDR,ACTIVE,2025-02-08 12:00:00,2025-11-10 12:00:00
W001192,U001192,43786.07,IDR,ACTIVE,2026-05-17 20:00:00,2026-08-23 00:00:00
W001193,U001193,67746.58,IDR,ACTIVE,2025-10-02 09:00:00,2026-07-27 09:00:00
W001194,U001194,48207.42,IDR,ACTIVE,2024-11-07 04:00:00,2026-03-21 04:00:00
W001195,U001195,26152.66,IDR,ACTIVE,2025-07-07 09:00:00,2025-11-21 09:00:00
W001196,U001196,67521.31,IDR,ACTIVE,2024-05-03 19:00:00,2024-08-10 19:00:00
W001197,U001197,93977.66,IDR,ACTIVE,2024-09-17 06:00:00,2025-04-18 06:00:00
W001198,U001198,73842.23,IDR,ACTIVE,2026-08-10 11:00:00,2026-08-23 00:00:00
W001199,U001199,10179.22,IDR,ACTIVE,2024-05-03 05:00:00,2025-07-20 05:00:00
W001200,U001200,113195.33,IDR,ACTIVE,2025-05-03 12:00:00,2025-11-28 12:00:00
W001201,U001201,19841.84,IDR,ACTIVE,2025-11-24 08:00:00,2026-08-23 00:00:00
W001202,U001202,92368.53,IDR,ACTIVE,2026-03-22 00:00:00,2026-08-23 00:00:00
W001203,U001203,96571.39,IDR,ACTIVE,2024-09-18 10:00:00,2025-01-13 10:00:00
W001204,U001204,14191.41,IDR,ACTIVE,2025-01-26 20:00:00,2025-08-30 20:00:00
W001205,U001205,145157.85,IDR,ACTIVE,2025-09-09 20:00:00,2026-05-23 20:00:00
W001206,U001206,355643.74,IDR,ACTIVE,2026-01-05 05:00:00,2026-01-21 05:00:00
W001207,U001207,45418.04,IDR,ACTIVE,2025-09-08 02:00:00,2026-03-30 02:00:00
W001208,U001208,92387.75,IDR,ACTIVE,2025-02-11 22:00:00,2026-02-10 22:00:00
W001209,U001209,38526.35,IDR,ACTIVE,2025-08-28 03:00:00,2026-05-02 03:00:00
W001210,U001210,19605.18,IDR,ACTIVE,2025-03-18 19:00:00,2025-03-25 19:00:00
W001211,U001211,160791.15,IDR,ACTIVE,2024-09-23 07:00:00,2025-02-24 07:00:00
W001212,U001212,94769.62,IDR,ACTIVE,2025-05-20 06:00:00,2026-02-27 06:00:00
W001213,U001213,31044.11,IDR,ACTIVE,2026-04-21 17:00:00,2026-08-12 17:00:00
W001214,U001214,20367.28,IDR,ACTIVE,2025-11-22 06:00:00,2026-01-13 06:00:00
W001215,U001215,380279.99,IDR,ACTIVE,2026-07-19 10:00:00,2026-08-23 00:00:00
W001216,U001216,16193.37,IDR,ACTIVE,2026-01-20 23:00:00,2026-03-10 23:00:00
W001217,U001217,108998.54,IDR,ACTIVE,2025-11-19 00:00:00,2026-01-11 00:00:00
W001218,U001218,71372.91,IDR,ACTIVE,2025-02-08 12:00:00,2025-07-01 12:00:00
W001219,U001219,129320.63,IDR,ACTIVE,2024-01-03 00:00:00,2024-03-23 00:00:00
W001220,U001220,269991.9,IDR,ACTIVE,2025-12-29 13:00:00,2026-03-08 13:00:00
W001221,U001221,5124.72,IDR,ACTIVE,2026-01-13 01:00:00,2026-08-23 00:00:00
W001222,U001222,22454.25,IDR,ACTIVE,2025-03-31 19:00:00,2025-07-22 19:00:00
W001223,U001223,53441.52,IDR,ACTIVE,2026-05-03 16:00:00,2026-08-23 00:00:00
W001224,U001224,296298.67,IDR,ACTIVE,2026-05-22 23:00:00,2026-08-23 00:00:00
W001225,U001225,40130.04,IDR,ACTIVE,2024-09-12 20:00:00,2025-12-03 20:00:00
W001226,U001226,33417.48,IDR,ACTIVE,2024-12-09 06:00:00,2025-01-14 06:00:00
W001227,U001227,7312.93,IDR,ACTIVE,2025-01-07 11:00:00,2025-05-28 11:00:00
W001228,U001228,30529.86,IDR,ACTIVE,2025-02-23 07:00:00,2025-12-08 07:00:00
W001229,U001229,105125.55,IDR,ACTIVE,2024-10-11 17:00:00,2026-01-19 17:00:00
W001230,U001230,53774.52,IDR,ACTIVE,2025-12-08 11:00:00,2026-08-13 11:00:00
W001231,U001231,29838.03,IDR,ACTIVE,2026-02-03 08:00:00,2026-08-23 00:00:00
W001232,U001232,386234.33,IDR,ACTIVE,2024-08-24 10:00:00,2025-06-16 10:00:00
W001233,U001233,45197.47,IDR,ACTIVE,2024-06-07 00:00:00,2025-05-17 00:00:00
W001234,U001234,67739.12,IDR,ACTIVE,2025-11-13 13:00:00,2025-11-19 13:00:00
W001235,U001235,28194.51,IDR,ACTIVE,2024-05-22 13:00:00,2025-07-29 13:00:00
W001236,U001236,19478.87,IDR,ACTIVE,2024-12-03 07:00:00,2025-12-04 07:00:00
W001237,U001237,120476.79,IDR,ACTIVE,2026-02-14 11:00:00,2026-03-16 11:00:00
W001238,U001238,11996.36,IDR,ACTIVE,2024-02-20 12:00:00,2024-03-10 12:00:00
W001239,U001239,96068.34,IDR,ACTIVE,2024-03-28 13:00:00,2025-07-08 13:00:00
W001240,U001240,3934.53,IDR,ACTIVE,2026-01-02 05:00:00,2026-08-23 00:00:00
W001241,U001241,82813.45,IDR,ACTIVE,2025-08-15 09:00:00,2026-08-23 00:00:00
W001242,U001242,21240.62,IDR,ACTIVE,2025-01-22 17:00:00,2025-12-15 17:00:00
W001243,U001243,25451.18,IDR,ACTIVE,2024-02-24 04:00:00,2024-05-08 04:00:00
W001244,U001244,45541.19,IDR,ACTIVE,2026-03-21 03:00:00,2026-08-23 00:00:00
W001245,U001245,18153.6,IDR,ACTIVE,2025-05-01 22:00:00,2025-07-14 22:00:00
W001246,U001246,9574.22,IDR,ACTIVE,2024-03-07 20:00:00,2024-04-26 20:00:00
W001247,U001247,50077.1,IDR,ACTIVE,2025-04-09 10:00:00,2025-05-01 10:00:00
W001248,U001248,127120.54,IDR,ACTIVE,2024-12-05 04:00:00,2025-01-07 04:00:00
W001249,U001249,75074.64,IDR,ACTIVE,2025-11-05 16:00:00,2026-04-02 16:00:00
W001250,U001250,183126.75,IDR,ACTIVE,2025-03-04 02:00:00,2025-08-16 02:00:00
W001251,U001251,10588.31,IDR,FROZEN,2025-01-13 19:00:00,2026-04-13 19:00:00
W001252,U001252,40408.64,IDR,ACTIVE,2026-07-17 15:00:00,2026-08-23 00:00:00
W001253,U001253,61957.55,IDR,ACTIVE,2025-01-23 00:00:00,2025-08-13 00:00:00
W001254,U001254,25473.03,IDR,ACTIVE,2025-06-09 22:00:00,2026-04-19 22:00:00
W001255,U001255,64671.68,IDR,ACTIVE,2025-07-08 02:00:00,2025-07-27 02:00:00
W001256,U001256,172076.47,IDR,ACTIVE,2024-06-17 19:00:00,2025-02-16 19:00:00
W001257,U001257,98967.45,IDR,ACTIVE,2025-05-09 11:00:00,2025-08-11 11:00:00
W001258,U001258,201207.24,IDR,ACTIVE,2024-10-27 16:00:00,2025-05-17 16:00:00
W001259,U001259,79469.68,IDR,ACTIVE,2025-07-11 11:00:00,2025-08-05 11:00:00
W001260,U001260,54065.07,IDR,ACTIVE,2024-03-04 06:00:00,2024-10-04 06:00:00
W001261,U001261,273576.44,IDR,ACTIVE,2026-06-01 02:00:00,2026-08-23 00:00:00
W001262,U001262,67282.92,IDR,ACTIVE,2025-03-04 17:00:00,2026-06-23 17:00:00
W001263,U001263,351481.75,IDR,ACTIVE,2024-08-30 05:00:00,2024-10-27 05:00:00
W001264,U001264,148741.11,IDR,ACTIVE,2026-04-22 01:00:00,2026-08-23 00:00:00
W001265,U001265,30910.86,IDR,FROZEN,2026-02-24 15:00:00,2026-06-04 15:00:00
W001266,U001266,48992.81,IDR,ACTIVE,2025-01-05 16:00:00,2025-12-22 16:00:00
W001267,U001267,270741.26,IDR,ACTIVE,2025-08-25 02:00:00,2026-08-23 00:00:00
W001268,U001268,183200.81,IDR,ACTIVE,2024-08-28 06:00:00,2025-06-20 06:00:00
W001269,U001269,125086.82,IDR,ACTIVE,2025-09-28 06:00:00,2026-08-10 06:00:00
W001270,U001270,111174.95,IDR,ACTIVE,2024-05-29 19:00:00,2025-08-29 19:00:00
W001271,U001271,16695.85,IDR,FROZEN,2024-10-04 00:00:00,2026-01-14 00:00:00
W001272,U001272,20268.26,IDR,ACTIVE,2024-06-15 10:00:00,2025-08-21 10:00:00
W001273,U001273,75629.0,IDR,ACTIVE,2024-02-21 21:00:00,2024-09-08 21:00:00
W001274,U001274,497227.55,IDR,FROZEN,2026-03-27 12:00:00,2026-08-23 00:00:00
W001275,U001275,25946.84,IDR,ACTIVE,2025-07-23 15:00:00,2025-07-26 15:00:00
W001276,U001276,45897.76,IDR,ACTIVE,2024-11-22 05:00:00,2025-10-21 05:00:00
W001277,U001277,42847.22,IDR,ACTIVE,2025-12-29 15:00:00,2026-05-24 15:00:00
W001278,U001278,105412.12,IDR,ACTIVE,2025-10-10 10:00:00,2026-08-23 00:00:00
W001279,U001279,78630.74,IDR,ACTIVE,2025-02-18 14:00:00,2026-01-03 14:00:00
W001280,U001280,167785.02,IDR,ACTIVE,2025-04-19 22:00:00,2026-01-17 22:00:00
W001281,U001281,80156.22,IDR,ACTIVE,2024-12-26 19:00:00,2025-03-23 19:00:00
W001282,U001282,74169.7,IDR,FROZEN,2024-10-27 07:00:00,2025-01-21 07:00:00
W001283,U001283,59837.72,IDR,ACTIVE,2024-09-17 07:00:00,2025-06-16 07:00:00
W001284,U001284,198119.79,IDR,ACTIVE,2025-09-15 10:00:00,2026-08-23 00:00:00
W001285,U001285,60477.17,IDR,ACTIVE,2026-04-09 04:00:00,2026-08-23 00:00:00
W001286,U001286,30070.67,IDR,ACTIVE,2025-05-17 05:00:00,2025-07-25 05:00:00
W001287,U001287,116942.59,IDR,ACTIVE,2026-04-29 14:00:00,2026-08-23 00:00:00
W001288,U001288,53523.36,IDR,ACTIVE,2025-01-31 05:00:00,2026-06-08 05:00:00
W001289,U001289,146752.04,IDR,ACTIVE,2024-01-02 08:00:00,2024-01-21 08:00:00
W001290,U001290,3864.45,IDR,ACTIVE,2026-07-14 09:00:00,2026-08-23 00:00:00
W001291,U001291,223278.71,IDR,ACTIVE,2025-04-15 21:00:00,2025-08-20 21:00:00
W001292,U001292,49090.99,IDR,ACTIVE,2024-12-01 21:00:00,2026-04-01 21:00:00
W001293,U001293,214197.36,IDR,ACTIVE,2025-03-05 15:00:00,2026-04-03 15:00:00
W001294,U001294,150952.7,IDR,ACTIVE,2024-02-29 09:00:00,2024-06-28 09:00:00
W001295,U001295,35142.4,IDR,ACTIVE,2024-08-05 02:00:00,2025-04-21 02:00:00
W001296,U001296,26389.82,IDR,ACTIVE,2025-01-25 12:00:00,2026-03-04 12:00:00
W001297,U001297,24494.0,IDR,ACTIVE,2024-05-23 11:00:00,2025-03-26 11:00:00
W001298,U001298,19850.3,IDR,ACTIVE,2024-12-04 14:00:00,2025-09-09 14:00:00
W001299,U001299,191281.81,IDR,ACTIVE,2026-01-19 01:00:00,2026-08-23 00:00:00
W001300,U001300,49767.79,IDR,ACTIVE,2024-05-30 18:00:00,2024-08-26 18:00:00
W001301,U001301,323095.03,IDR,FROZEN,2025-08-17 08:00:00,2026-08-23 00:00:00
W001302,U001302,31374.72,IDR,ACTIVE,2025-11-06 06:00:00,2026-05-29 06:00:00
W001303,U001303,37102.73,IDR,ACTIVE,2026-07-25 19:00:00,2026-08-23 00:00:00
W001304,U001304,100273.89,IDR,ACTIVE,2024-03-27 07:00:00,2024-11-26 07:00:00
W001305,U001305,303116.88,IDR,ACTIVE,2026-05-28 11:00:00,2026-08-23 00:00:00
W001306,U001306,35602.31,IDR,ACTIVE,2024-12-10 20:00:00,2025-06-15 20:00:00
W001307,U001307,133128.23,IDR,ACTIVE,2025-11-25 00:00:00,2026-04-17 00:00:00
W001308,U001308,60242.38,IDR,ACTIVE,2025-03-27 17:00:00,2025-07-29 17:00:00
W001309,U001309,101522.53,IDR,ACTIVE,2024-07-26 15:00:00,2025-01-26 15:00:00
W001310,U001310,27765.92,IDR,ACTIVE,2026-06-06 00:00:00,2026-08-23 00:00:00
W001311,U001311,118882.45,IDR,FROZEN,2025-09-14 15:00:00,2026-08-23 00:00:00
W001312,U001312,46063.05,IDR,ACTIVE,2026-02-19 01:00:00,2026-08-23 00:00:00
W001313,U001313,38726.88,IDR,ACTIVE,2026-01-19 01:00:00,2026-08-23 00:00:00
W001314,U001314,57937.81,IDR,ACTIVE,2025-09-06 03:00:00,2026-04-21 03:00:00
W001315,U001315,108130.11,IDR,ACTIVE,2025-02-17 03:00:00,2026-01-05 03:00:00
W001316,U001316,51204.91,IDR,ACTIVE,2026-06-13 07:00:00,2026-08-23 00:00:00
W001317,U001317,39081.34,IDR,FROZEN,2025-10-20 18:00:00,2026-08-23 00:00:00
W001318,U001318,52853.64,IDR,ACTIVE,2025-05-15 00:00:00,2025-10-06 00:00:00
W001319,U001319,51625.81,IDR,ACTIVE,2024-09-19 06:00:00,2025-01-18 06:00:00
W001320,U001320,99236.52,IDR,ACTIVE,2025-11-17 11:00:00,2026-08-23 00:00:00
W001321,U001321,41480.44,IDR,ACTIVE,2024-03-11 18:00:00,2024-10-12 18:00:00
W001322,U001322,40521.61,IDR,ACTIVE,2024-08-31 00:00:00,2024-10-29 00:00:00
W001323,U001323,27984.31,IDR,FROZEN,2024-03-25 02:00:00,2024-08-31 02:00:00
W001324,U001324,105973.15,IDR,ACTIVE,2024-06-22 00:00:00,2024-08-07 00:00:00
W001325,U001325,68688.79,IDR,ACTIVE,2024-02-07 21:00:00,2024-05-19 21:00:00
W001326,U001326,196740.85,IDR,FROZEN,2024-11-25 10:00:00,2025-02-28 10:00:00
W001327,U001327,169768.42,IDR,FROZEN,2026-03-29 13:00:00,2026-06-22 13:00:00
W001328,U001328,75605.56,IDR,ACTIVE,2024-04-03 12:00:00,2024-04-30 12:00:00
W001329,U001329,54523.71,IDR,ACTIVE,2025-02-27 18:00:00,2025-06-13 18:00:00
W001330,U001330,60429.16,IDR,ACTIVE,2024-04-13 12:00:00,2025-04-28 12:00:00
W001331,U001331,33299.76,IDR,ACTIVE,2024-01-31 04:00:00,2025-02-23 04:00:00
W001332,U001332,28249.55,IDR,ACTIVE,2026-03-01 12:00:00,2026-08-23 00:00:00
W001333,U001333,24841.79,IDR,ACTIVE,2026-04-05 07:00:00,2026-06-03 07:00:00
W001334,U001334,50298.62,IDR,ACTIVE,2026-02-17 03:00:00,2026-07-16 03:00:00
W001335,U001335,5677.67,IDR,ACTIVE,2024-02-03 17:00:00,2025-06-05 17:00:00
W001336,U001336,289116.89,IDR,ACTIVE,2025-04-18 06:00:00,2025-06-10 06:00:00
W001337,U001337,403322.06,IDR,FROZEN,2024-08-31 02:00:00,2025-05-01 02:00:00
W001338,U001338,22530.74,IDR,ACTIVE,2025-07-06 22:00:00,2026-02-20 22:00:00
W001339,U001339,395388.9,IDR,ACTIVE,2026-02-17 19:00:00,2026-08-23 00:00:00
W001340,U001340,22806.16,IDR,ACTIVE,2025-08-26 09:00:00,2026-02-04 09:00:00
W001341,U001341,60760.43,IDR,ACTIVE,2025-06-15 23:00:00,2025-10-21 23:00:00
W001342,U001342,88094.6,IDR,ACTIVE,2024-05-16 10:00:00,2025-06-10 10:00:00
W001343,U001343,66105.98,IDR,ACTIVE,2026-08-09 19:00:00,2026-08-23 00:00:00
W001344,U001344,35510.56,IDR,ACTIVE,2025-01-10 18:00:00,2025-07-14 18:00:00
W001345,U001345,33968.42,IDR,ACTIVE,2025-04-30 17:00:00,2025-06-06 17:00:00
W001346,U001346,134714.6,IDR,ACTIVE,2024-07-25 22:00:00,2024-07-30 22:00:00
W001347,U001347,203355.67,IDR,ACTIVE,2025-04-25 10:00:00,2025-11-22 10:00:00
W001348,U001348,11285.64,IDR,ACTIVE,2024-08-14 07:00:00,2025-07-06 07:00:00
W001349,U001349,77034.12,IDR,ACTIVE,2026-05-16 05:00:00,2026-08-23 00:00:00
W001350,U001350,108997.93,IDR,ACTIVE,2025-05-09 07:00:00,2025-11-11 07:00:00
W001351,U001351,71846.0,IDR,FROZEN,2025-04-18 11:00:00,2025-06-01 11:00:00
W001352,U001352,16087.54,IDR,ACTIVE,2024-06-15 13:00:00,2024-10-15 13:00:00
W001353,U001353,100324.28,IDR,ACTIVE,2026-08-09 05:00:00,2026-08-23 00:00:00
W001354,U001354,173759.03,IDR,FROZEN,2026-05-30 07:00:00,2026-08-23 00:00:00
W001355,U001355,27589.7,IDR,ACTIVE,2024-12-26 04:00:00,2025-12-21 04:00:00
W001356,U001356,35150.47,IDR,ACTIVE,2026-01-10 16:00:00,2026-08-23 00:00:00
W001357,U001357,73132.91,IDR,ACTIVE,2025-08-25 15:00:00,2025-10-14 15:00:00
W001358,U001358,55993.45,IDR,ACTIVE,2024-09-11 12:00:00,2025-04-11 12:00:00
W001359,U001359,35323.32,IDR,ACTIVE,2025-09-27 23:00:00,2026-05-01 23:00:00
W001360,U001360,19393.91,IDR,ACTIVE,2024-11-13 05:00:00,2025-04-12 05:00:00
W001361,U001361,38149.19,IDR,ACTIVE,2026-02-02 05:00:00,2026-08-23 00:00:00
W001362,U001362,8089.27,IDR,ACTIVE,2025-01-18 11:00:00,2026-04-15 11:00:00
W001363,U001363,111015.89,IDR,ACTIVE,2026-08-03 14:00:00,2026-08-23 00:00:00
W001364,U001364,30533.68,IDR,ACTIVE,2026-06-08 02:00:00,2026-08-23 00:00:00
W001365,U001365,130767.38,IDR,FROZEN,2024-06-19 18:00:00,2024-07-11 18:00:00
W001366,U001366,48272.23,IDR,ACTIVE,2025-01-17 15:00:00,2025-03-01 15:00:00
W001367,U001367,68948.46,IDR,ACTIVE,2025-08-25 10:00:00,2025-12-01 10:00:00
W001368,U001368,13030.07,IDR,ACTIVE,2025-11-13 04:00:00,2026-08-23 00:00:00
W001369,U001369,119889.57,IDR,ACTIVE,2024-09-16 21:00:00,2025-08-01 21:00:00
W001370,U001370,784461.2,IDR,ACTIVE,2024-03-27 15:00:00,2025-03-17 15:00:00
W001371,U001371,41721.41,IDR,ACTIVE,2025-12-04 11:00:00,2026-02-25 11:00:00
W001372,U001372,67676.27,IDR,ACTIVE,2024-06-25 03:00:00,2024-12-03 03:00:00
W001373,U001373,76518.8,IDR,ACTIVE,2025-10-06 14:00:00,2026-08-23 00:00:00
W001374,U001374,17283.35,IDR,ACTIVE,2024-10-06 19:00:00,2025-10-01 19:00:00
W001375,U001375,21684.15,IDR,ACTIVE,2024-05-22 19:00:00,2025-07-09 19:00:00
W001376,U001376,102560.85,IDR,ACTIVE,2024-07-12 03:00:00,2025-02-02 03:00:00
W001377,U001377,27604.39,IDR,ACTIVE,2025-07-19 17:00:00,2026-08-23 00:00:00
W001378,U001378,47874.27,IDR,ACTIVE,2026-03-05 03:00:00,2026-08-23 00:00:00
W001379,U001379,69106.63,IDR,ACTIVE,2025-08-14 10:00:00,2026-08-23 00:00:00
W001380,U001380,106442.13,IDR,ACTIVE,2024-08-12 02:00:00,2024-09-15 02:00:00
W001381,U001381,50422.34,IDR,ACTIVE,2025-04-24 05:00:00,2026-04-29 05:00:00
W001382,U001382,51708.02,IDR,ACTIVE,2024-07-02 03:00:00,2024-09-20 03:00:00
W001383,U001383,627255.08,IDR,ACTIVE,2024-01-07 22:00:00,2025-02-22 22:00:00
W001384,U001384,154799.97,IDR,ACTIVE,2026-02-14 09:00:00,2026-08-19 09:00:00
W001385,U001385,42824.12,IDR,ACTIVE,2024-01-10 13:00:00,2024-08-22 13:00:00
W001386,U001386,52295.51,IDR,ACTIVE,2026-07-03 02:00:00,2026-08-23 00:00:00
W001387,U001387,366427.43,IDR,ACTIVE,2025-10-01 06:00:00,2026-05-16 06:00:00
W001388,U001388,106838.79,IDR,ACTIVE,2026-07-21 23:00:00,2026-08-23 00:00:00
W001389,U001389,178016.14,IDR,ACTIVE,2025-03-10 08:00:00,2025-04-26 08:00:00
W001390,U001390,41802.64,IDR,ACTIVE,2024-10-16 00:00:00,2025-09-30 00:00:00
W001391,U001391,37411.91,IDR,ACTIVE,2024-02-28 12:00:00,2024-12-29 12:00:00
W001392,U001392,267947.5,IDR,ACTIVE,2026-07-27 09:00:00,2026-08-23 00:00:00
W001393,U001393,56201.39,IDR,ACTIVE,2024-03-18 20:00:00,2024-04-14 20:00:00
W001394,U001394,55348.87,IDR,ACTIVE,2024-09-09 11:00:00,2025-05-10 11:00:00
W001395,U001395,39277.92,IDR,ACTIVE,2026-07-15 00:00:00,2026-08-23 00:00:00
W001396,U001396,170255.6,IDR,ACTIVE,2026-06-19 00:00:00,2026-08-23 00:00:00
W001397,U001397,190041.46,IDR,CLOSED,2025-05-16 20:00:00,2026-06-27 20:00:00
W001398,U001398,72668.39,IDR,ACTIVE,2026-01-01 15:00:00,2026-07-26 15:00:00
W001399,U001399,20523.62,IDR,ACTIVE,2025-05-26 14:00:00,2025-06-09 14:00:00
W001400,U001400,35325.0,IDR,ACTIVE,2024-11-22 03:00:00,2025-03-07 03:00:00
W001401,U001401,213721.36,IDR,ACTIVE,2024-04-02 01:00:00,2024-05-30 01:00:00
W001402,U001402,74414.48,IDR,ACTIVE,2026-07-28 21:00:00,2026-08-23 00:00:00
W001403,U001403,172178.75,IDR,ACTIVE,2025-05-07 06:00:00,2026-02-03 06:00:00
W001404,U001404,89101.17,IDR,ACTIVE,2026-08-12 02:00:00,2026-08-23 00:00:00
W001405,U001405,23053.23,IDR,ACTIVE,2026-02-14 20:00:00,2026-08-23 00:00:00
W001406,U001406,99400.83,IDR,ACTIVE,2024-10-29 02:00:00,2025-06-18 02:00:00
W001407,U001407,57514.67,IDR,ACTIVE,2025-12-23 00:00:00,2026-08-23 00:00:00
W001408,U001408,36243.24,IDR,ACTIVE,2025-10-06 10:00:00,2026-06-03 10:00:00
W001409,U001409,39242.05,IDR,ACTIVE,2025-06-29 12:00:00,2025-12-29 12:00:00
W001410,U001410,167329.26,IDR,CLOSED,2024-11-09 08:00:00,2024-11-15 08:00:00
W001411,U001411,76957.11,IDR,ACTIVE,2024-04-15 02:00:00,2025-01-31 02:00:00
W001412,U001412,71640.38,IDR,ACTIVE,2026-05-04 21:00:00,2026-08-23 00:00:00
W001413,U001413,301498.9,IDR,ACTIVE,2025-06-16 23:00:00,2026-08-23 00:00:00
W001414,U001414,30966.95,IDR,ACTIVE,2024-10-29 09:00:00,2026-01-10 09:00:00
W001415,U001415,54884.42,IDR,ACTIVE,2024-02-25 12:00:00,2025-03-01 12:00:00
W001416,U001416,33418.91,IDR,ACTIVE,2024-08-29 22:00:00,2025-11-29 22:00:00
W001417,U001417,97415.59,IDR,ACTIVE,2025-06-05 17:00:00,2026-07-29 17:00:00
W001418,U001418,72934.23,IDR,ACTIVE,2026-03-20 09:00:00,2026-04-27 09:00:00
W001419,U001419,42602.13,IDR,ACTIVE,2026-06-15 13:00:00,2026-08-23 00:00:00
W001420,U001420,47775.94,IDR,ACTIVE,2024-04-13 06:00:00,2024-08-29 06:00:00
W001421,U001421,149590.05,IDR,ACTIVE,2024-02-20 05:00:00,2024-07-24 05:00:00
W001422,U001422,196106.98,IDR,ACTIVE,2026-07-15 22:00:00,2026-08-23 00:00:00
W001423,U001423,35174.21,IDR,ACTIVE,2025-02-25 03:00:00,2025-07-04 03:00:00
W001424,U001424,832664.6,IDR,ACTIVE,2025-01-05 10:00:00,2026-03-30 10:00:00
W001425,U001425,16871.28,IDR,ACTIVE,2024-12-02 21:00:00,2025-06-22 21:00:00
W001426,U001426,22255.6,IDR,ACTIVE,2024-06-24 04:00:00,2024-11-11 04:00:00
W001427,U001427,45802.83,IDR,ACTIVE,2024-02-10 04:00:00,2024-04-14 04:00:00
W001428,U001428,29472.76,IDR,ACTIVE,2024-08-27 01:00:00,2025-07-22 01:00:00
W001429,U001429,26387.84,IDR,ACTIVE,2026-03-25 09:00:00,2026-05-28 09:00:00
W001430,U001430,190702.9,IDR,ACTIVE,2026-03-14 02:00:00,2026-08-23 00:00:00
W001431,U001431,101113.5,IDR,ACTIVE,2025-12-14 13:00:00,2026-08-23 00:00:00
W001432,U001432,65692.7,IDR,ACTIVE,2024-03-11 08:00:00,2024-10-01 08:00:00
W001433,U001433,36423.49,IDR,ACTIVE,2024-03-12 07:00:00,2024-12-02 07:00:00
W001434,U001434,23082.79,IDR,ACTIVE,2026-06-18 11:00:00,2026-08-07 11:00:00
W001435,U001435,22160.77,IDR,ACTIVE,2025-05-15 22:00:00,2025-11-04 22:00:00
W001436,U001436,189645.77,IDR,ACTIVE,2025-03-07 04:00:00,2025-07-06 04:00:00
W001437,U001437,181037.08,IDR,ACTIVE,2024-07-02 22:00:00,2025-02-03 22:00:00
W001438,U001438,46824.02,IDR,ACTIVE,2025-03-02 10:00:00,2025-05-16 10:00:00
W001439,U001439,15714.29,IDR,ACTIVE,2026-05-19 15:00:00,2026-08-23 00:00:00
W001440,U001440,110433.81,IDR,FROZEN,2026-04-23 08:00:00,2026-08-23 00:00:00
W001441,U001441,46986.92,IDR,ACTIVE,2025-03-16 07:00:00,2025-05-05 07:00:00
W001442,U001442,156719.14,IDR,ACTIVE,2024-04-21 08:00:00,2025-02-12 08:00:00
W001443,U001443,21848.63,IDR,ACTIVE,2025-11-21 00:00:00,2026-06-29 00:00:00
W001444,U001444,65184.24,IDR,ACTIVE,2026-01-01 10:00:00,2026-08-23 00:00:00
W001445,U001445,20173.13,IDR,FROZEN,2024-03-25 03:00:00,2024-05-13 03:00:00
W001446,U001446,30204.85,IDR,ACTIVE,2024-10-07 06:00:00,2025-06-07 06:00:00
W001447,U001447,29561.98,IDR,ACTIVE,2024-11-05 03:00:00,2026-02-24 03:00:00
W001448,U001448,46137.98,IDR,ACTIVE,2026-06-01 20:00:00,2026-08-23 00:00:00
W001449,U001449,208418.56,IDR,ACTIVE,2024-06-01 20:00:00,2025-01-04 20:00:00
W001450,U001450,68561.84,IDR,ACTIVE,2026-01-02 07:00:00,2026-08-23 00:00:00
W001451,U001451,130318.28,IDR,ACTIVE,2025-02-04 21:00:00,2025-02-10 21:00:00
W001452,U001452,64517.12,IDR,ACTIVE,2024-10-12 17:00:00,2025-08-14 17:00:00
W001453,U001453,40470.53,IDR,ACTIVE,2025-12-07 01:00:00,2026-08-23 00:00:00
W001454,U001454,9113.2,IDR,ACTIVE,2026-01-09 17:00:00,2026-08-16 17:00:00
W001455,U001455,22876.35,IDR,ACTIVE,2025-12-19 21:00:00,2026-08-23 00:00:00
W001456,U001456,59887.55,IDR,ACTIVE,2025-06-26 14:00:00,2026-07-13 14:00:00
W001457,U001457,70649.87,IDR,ACTIVE,2025-05-22 01:00:00,2025-07-18 01:00:00
W001458,U001458,157336.12,IDR,ACTIVE,2025-10-06 16:00:00,2026-01-30 16:00:00
W001459,U001459,12579.57,IDR,ACTIVE,2025-06-13 08:00:00,2025-08-06 08:00:00
W001460,U001460,497486.72,IDR,ACTIVE,2025-06-17 21:00:00,2025-11-29 21:00:00
W001461,U001461,9026.92,IDR,ACTIVE,2026-06-12 08:00:00,2026-08-23 00:00:00
W001462,U001462,56267.02,IDR,FROZEN,2026-07-09 15:00:00,2026-08-23 00:00:00
W001463,U001463,34095.44,IDR,ACTIVE,2026-05-13 07:00:00,2026-08-23 00:00:00
W001464,U001464,23235.47,IDR,ACTIVE,2025-09-23 22:00:00,2026-01-15 22:00:00
W001465,U001465,279498.55,IDR,ACTIVE,2026-07-16 20:00:00,2026-08-23 00:00:00
W001466,U001466,35366.41,IDR,ACTIVE,2024-04-07 19:00:00,2024-12-03 19:00:00
W001467,U001467,11813.82,IDR,ACTIVE,2026-06-21 13:00:00,2026-08-23 00:00:00
W001468,U001468,17792.58,IDR,ACTIVE,2025-03-30 15:00:00,2025-04-16 15:00:00
W001469,U001469,179420.05,IDR,ACTIVE,2024-11-15 21:00:00,2025-06-21 21:00:00
W001470,U001470,18547.05,IDR,ACTIVE,2025-04-20 11:00:00,2025-07-08 11:00:00
W001471,U001471,14856.35,IDR,ACTIVE,2024-05-19 07:00:00,2024-06-27 07:00:00
W001472,U001472,71978.26,IDR,ACTIVE,2026-03-05 22:00:00,2026-08-23 00:00:00
W001473,U001473,45829.49,IDR,ACTIVE,2026-05-03 01:00:00,2026-08-23 00:00:00
W001474,U001474,93752.47,IDR,ACTIVE,2026-05-19 18:00:00,2026-08-23 00:00:00
W001475,U001475,40640.02,IDR,ACTIVE,2024-02-19 00:00:00,2024-04-01 00:00:00
W001476,U001476,122088.86,IDR,ACTIVE,2025-09-06 03:00:00,2026-05-29 03:00:00
W001477,U001477,16354.72,IDR,ACTIVE,2025-09-23 19:00:00,2026-04-14 19:00:00
W001478,U001478,13875.63,IDR,ACTIVE,2024-11-26 18:00:00,2025-11-17 18:00:00
W001479,U001479,78750.42,IDR,ACTIVE,2024-08-05 08:00:00,2025-06-30 08:00:00
W001480,U001480,45893.36,IDR,ACTIVE,2024-08-27 23:00:00,2025-07-10 23:00:00
W001481,U001481,38621.82,IDR,ACTIVE,2024-04-22 05:00:00,2025-02-05 05:00:00
W001482,U001482,110370.87,IDR,ACTIVE,2026-01-26 10:00:00,2026-08-23 00:00:00
W001483,U001483,597177.18,IDR,ACTIVE,2024-05-13 11:00:00,2024-05-29 11:00:00
W001484,U001484,14166.83,IDR,FROZEN,2026-07-29 11:00:00,2026-08-23 00:00:00
W001485,U001485,217321.22,IDR,ACTIVE,2024-10-08 04:00:00,2025-06-22 04:00:00
W001486,U001486,115428.5,IDR,ACTIVE,2025-07-05 16:00:00,2025-11-18 16:00:00
W001487,U001487,37066.73,IDR,ACTIVE,2026-07-29 23:00:00,2026-08-23 00:00:00
W001488,U001488,305381.93,IDR,ACTIVE,2025-01-03 12:00:00,2025-09-18 12:00:00
W001489,U001489,17881.43,IDR,ACTIVE,2026-06-14 12:00:00,2026-08-23 00:00:00
W001490,U001490,90407.59,IDR,ACTIVE,2026-06-01 23:00:00,2026-08-23 00:00:00
W001491,U001491,49690.23,IDR,ACTIVE,2026-01-20 19:00:00,2026-08-23 00:00:00
W001492,U001492,37073.07,IDR,ACTIVE,2025-03-10 09:00:00,2025-04-18 09:00:00
W001493,U001493,20158.17,IDR,ACTIVE,2024-05-18 20:00:00,2024-07-05 20:00:00
W001494,U001494,985961.9,IDR,ACTIVE,2026-04-17 19:00:00,2026-08-23 00:00:00
W001495,U001495,36784.54,IDR,ACTIVE,2025-12-07 01:00:00,2026-08-23 00:00:00
W001496,U001496,6518.44,IDR,ACTIVE,2025-07-04 23:00:00,2026-07-09 23:00:00
W001497,U001497,136782.26,IDR,ACTIVE,2024-09-19 12:00:00,2024-12-18 12:00:00
W001498,U001498,82590.72,IDR,ACTIVE,2025-04-19 15:00:00,2026-01-06 15:00:00
W001499,U001499,45281.31,IDR,ACTIVE,2026-01-07 19:00:00,2026-01-20 19:00:00
W001500,U001500,41318.64,IDR,ACTIVE,2024-03-23 17:00:00,2025-04-03 17:00:00
W001501,U001501,55204.89,IDR,ACTIVE,2024-05-10 20:00:00,2024-06-06 20:00:00
W001502,U001502,138044.78,IDR,FROZEN,2024-07-25 16:00:00,2025-09-07 16:00:00
W001503,U001503,83790.54,IDR,ACTIVE,2025-02-03 02:00:00,2026-02-28 02:00:00
W001504,U001504,98726.91,IDR,ACTIVE,2026-07-27 04:00:00,2026-08-23 00:00:00
W001505,U001505,98672.24,IDR,ACTIVE,2025-02-11 03:00:00,2025-10-04 03:00:00
W001506,U001506,144993.25,IDR,ACTIVE,2026-04-01 10:00:00,2026-08-23 00:00:00
W001507,U001507,196576.36,IDR,ACTIVE,2024-05-11 17:00:00,2024-07-26 17:00:00
W001508,U001508,30790.27,IDR,ACTIVE,2024-08-27 06:00:00,2024-12-28 06:00:00
W001509,U001509,71891.59,IDR,ACTIVE,2025-08-18 05:00:00,2026-02-02 05:00:00
W001510,U001510,9379.37,IDR,FROZEN,2026-06-17 15:00:00,2026-08-23 00:00:00
W001511,U001511,186211.74,IDR,ACTIVE,2024-06-29 11:00:00,2024-06-30 11:00:00
W001512,U001512,30579.43,IDR,ACTIVE,2025-09-13 22:00:00,2026-08-23 00:00:00
W001513,U001513,238741.26,IDR,ACTIVE,2026-04-07 16:00:00,2026-08-23 00:00:00
W001514,U001514,30328.64,IDR,ACTIVE,2026-01-08 13:00:00,2026-03-12 13:00:00
W001515,U001515,86999.13,IDR,ACTIVE,2025-11-07 05:00:00,2026-08-23 00:00:00
W001516,U001516,46047.3,IDR,ACTIVE,2025-08-17 22:00:00,2025-10-15 22:00:00
W001517,U001517,39295.68,IDR,ACTIVE,2024-03-05 02:00:00,2024-06-10 02:00:00
W001518,U001518,93707.24,IDR,ACTIVE,2025-02-28 05:00:00,2025-11-09 05:00:00
W001519,U001519,198436.69,IDR,ACTIVE,2024-06-03 22:00:00,2025-02-11 22:00:00
W001520,U001520,45001.83,IDR,ACTIVE,2025-01-10 04:00:00,2025-04-23 04:00:00
W001521,U001521,219667.7,IDR,ACTIVE,2024-01-18 20:00:00,2024-09-25 20:00:00
W001522,U001522,29318.04,IDR,ACTIVE,2024-01-19 22:00:00,2024-09-25 22:00:00
W001523,U001523,201782.19,IDR,ACTIVE,2024-06-11 05:00:00,2025-09-18 05:00:00
W001524,U001524,66554.1,IDR,ACTIVE,2024-12-06 21:00:00,2026-03-09 21:00:00
W001525,U001525,81677.97,IDR,ACTIVE,2024-10-27 23:00:00,2025-01-12 23:00:00
W001526,U001526,19629.38,IDR,ACTIVE,2024-05-22 19:00:00,2024-09-28 19:00:00
W001527,U001527,37782.74,IDR,ACTIVE,2026-07-28 01:00:00,2026-08-23 00:00:00
W001528,U001528,58222.7,IDR,ACTIVE,2024-10-16 07:00:00,2026-01-17 07:00:00
W001529,U001529,174430.86,IDR,ACTIVE,2025-01-29 08:00:00,2025-03-27 08:00:00
W001530,U001530,48620.22,IDR,ACTIVE,2025-12-06 20:00:00,2026-08-23 00:00:00
W001531,U001531,27235.53,IDR,ACTIVE,2024-04-25 02:00:00,2025-03-07 02:00:00
W001532,U001532,75078.71,IDR,CLOSED,2025-06-02 19:00:00,2025-10-27 19:00:00
W001533,U001533,426578.99,IDR,ACTIVE,2025-02-15 10:00:00,2025-03-12 10:00:00
W001534,U001534,83713.92,IDR,ACTIVE,2026-02-04 10:00:00,2026-08-23 00:00:00
W001535,U001535,48078.37,IDR,ACTIVE,2024-06-17 21:00:00,2025-10-21 21:00:00
W001536,U001536,75729.88,IDR,ACTIVE,2026-08-12 07:00:00,2026-08-23 00:00:00
W001537,U001537,25576.64,IDR,ACTIVE,2025-02-08 00:00:00,2026-04-26 00:00:00
W001538,U001538,256411.4,IDR,ACTIVE,2024-04-21 11:00:00,2024-10-21 11:00:00
W001539,U001539,251199.07,IDR,ACTIVE,2024-08-21 23:00:00,2025-08-06 23:00:00
W001540,U001540,24670.43,IDR,ACTIVE,2025-02-19 15:00:00,2025-10-30 15:00:00
W001541,U001541,243851.88,IDR,ACTIVE,2026-01-14 22:00:00,2026-08-23 00:00:00
W001542,U001542,76514.52,IDR,ACTIVE,2026-04-19 12:00:00,2026-08-23 00:00:00
W001543,U001543,117905.31,IDR,ACTIVE,2026-01-20 05:00:00,2026-08-23 00:00:00
W001544,U001544,59416.42,IDR,ACTIVE,2025-04-15 14:00:00,2026-02-08 14:00:00
W001545,U001545,63945.39,IDR,ACTIVE,2025-07-22 14:00:00,2025-10-06 14:00:00
W001546,U001546,32832.38,IDR,ACTIVE,2025-12-15 16:00:00,2026-08-23 00:00:00
W001547,U001547,25014.6,IDR,ACTIVE,2024-03-04 03:00:00,2024-10-06 03:00:00
W001548,U001548,23857.35,IDR,ACTIVE,2025-04-11 02:00:00,2025-06-15 02:00:00
W001549,U001549,180356.74,IDR,ACTIVE,2025-07-14 04:00:00,2025-08-26 04:00:00
W001550,U001550,71526.97,IDR,ACTIVE,2024-10-21 10:00:00,2024-12-13 10:00:00
W001551,U001551,26043.5,IDR,ACTIVE,2024-02-09 21:00:00,2025-05-08 21:00:00
W001552,U001552,65864.2,IDR,ACTIVE,2025-08-28 02:00:00,2025-12-28 02:00:00
W001553,U001553,12366.81,IDR,ACTIVE,2025-11-30 06:00:00,2025-12-25 06:00:00
W001554,U001554,25586.04,IDR,ACTIVE,2024-03-28 00:00:00,2024-11-26 00:00:00
W001555,U001555,201073.84,IDR,ACTIVE,2024-07-03 06:00:00,2025-01-09 06:00:00
W001556,U001556,36118.22,IDR,ACTIVE,2024-08-21 01:00:00,2024-11-20 01:00:00
W001557,U001557,174302.85,IDR,ACTIVE,2026-01-30 12:00:00,2026-08-23 00:00:00
W001558,U001558,54799.09,IDR,ACTIVE,2024-03-14 08:00:00,2025-07-15 08:00:00
W001559,U001559,118742.77,IDR,ACTIVE,2024-09-26 09:00:00,2025-09-25 09:00:00
W001560,U001560,20395.01,IDR,ACTIVE,2024-06-02 03:00:00,2024-08-28 03:00:00
W001561,U001561,100832.48,IDR,ACTIVE,2024-06-26 04:00:00,2025-08-21 04:00:00
W001562,U001562,7447.76,IDR,ACTIVE,2025-10-26 04:00:00,2026-01-26 04:00:00
W001563,U001563,39281.82,IDR,ACTIVE,2026-06-13 05:00:00,2026-08-23 00:00:00
W001564,U001564,213672.24,IDR,ACTIVE,2024-11-27 17:00:00,2025-08-01 17:00:00
W001565,U001565,61837.47,IDR,ACTIVE,2024-09-26 16:00:00,2025-10-16 16:00:00
W001566,U001566,24493.59,IDR,ACTIVE,2025-03-02 22:00:00,2026-05-16 22:00:00
W001567,U001567,193834.85,IDR,ACTIVE,2026-05-10 01:00:00,2026-08-23 00:00:00
W001568,U001568,496834.4,IDR,ACTIVE,2026-06-25 18:00:00,2026-08-23 00:00:00
W001569,U001569,46855.68,IDR,FROZEN,2026-08-09 18:00:00,2026-08-23 00:00:00
W001570,U001570,13115.95,IDR,ACTIVE,2024-05-05 07:00:00,2025-01-05 07:00:00
W001571,U001571,62705.95,IDR,ACTIVE,2024-05-18 16:00:00,2025-09-29 16:00:00
W001572,U001572,126618.78,IDR,ACTIVE,2024-07-17 17:00:00,2025-10-09 17:00:00
W001573,U001573,49357.49,IDR,FROZEN,2026-03-24 16:00:00,2026-07-07 16:00:00
W001574,U001574,8280.14,IDR,ACTIVE,2024-09-29 19:00:00,2024-12-24 19:00:00
W001575,U001575,113431.77,IDR,ACTIVE,2026-02-15 07:00:00,2026-08-23 00:00:00
W001576,U001576,29481.31,IDR,ACTIVE,2025-06-24 13:00:00,2026-08-15 13:00:00
W001577,U001577,38752.38,IDR,ACTIVE,2025-01-03 17:00:00,2025-04-08 17:00:00
W001578,U001578,13656.87,IDR,ACTIVE,2024-05-28 12:00:00,2025-04-25 12:00:00
W001579,U001579,6055.41,IDR,ACTIVE,2026-02-27 16:00:00,2026-03-02 16:00:00
W001580,U001580,19761.74,IDR,ACTIVE,2025-03-07 19:00:00,2025-06-22 19:00:00
W001581,U001581,35662.89,IDR,ACTIVE,2024-08-20 02:00:00,2025-02-26 02:00:00
W001582,U001582,34953.11,IDR,ACTIVE,2024-09-05 19:00:00,2025-01-01 19:00:00
W001583,U001583,270576.66,IDR,ACTIVE,2025-03-18 14:00:00,2026-05-23 14:00:00
W001584,U001584,22020.51,IDR,ACTIVE,2025-06-05 09:00:00,2025-10-21 09:00:00
W001585,U001585,158249.84,IDR,ACTIVE,2024-03-24 19:00:00,2024-12-27 19:00:00
W001586,U001586,69108.22,IDR,ACTIVE,2026-01-25 07:00:00,2026-08-23 00:00:00
W001587,U001587,320673.88,IDR,ACTIVE,2024-12-31 06:00:00,2025-08-15 06:00:00
W001588,U001588,55660.75,IDR,ACTIVE,2026-06-21 08:00:00,2026-08-23 00:00:00
W001589,U001589,9003.95,IDR,ACTIVE,2025-05-21 23:00:00,2026-07-06 23:00:00
W001590,U001590,51019.4,IDR,ACTIVE,2024-06-01 17:00:00,2024-08-03 17:00:00
W001591,U001591,6320.18,IDR,ACTIVE,2024-04-24 07:00:00,2025-06-04 07:00:00
W001592,U001592,19436.42,IDR,ACTIVE,2024-08-13 14:00:00,2024-09-13 14:00:00
W001593,U001593,51790.72,IDR,ACTIVE,2025-08-26 08:00:00,2026-06-16 08:00:00
W001594,U001594,53014.0,IDR,ACTIVE,2024-10-29 12:00:00,2025-01-23 12:00:00
W001595,U001595,152381.34,IDR,ACTIVE,2024-11-11 11:00:00,2025-04-20 11:00:00
W001596,U001596,92360.29,IDR,ACTIVE,2026-06-03 00:00:00,2026-08-23 00:00:00
W001597,U001597,283910.99,IDR,ACTIVE,2024-06-22 00:00:00,2024-06-29 00:00:00
W001598,U001598,152191.57,IDR,ACTIVE,2025-10-12 07:00:00,2026-08-23 00:00:00
W001599,U001599,132555.74,IDR,ACTIVE,2026-07-27 10:00:00,2026-08-23 00:00:00
W001600,U001600,445257.76,IDR,ACTIVE,2026-05-10 16:00:00,2026-07-15 16:00:00
W001601,U001601,144156.51,IDR,ACTIVE,2025-10-01 08:00:00,2026-07-10 08:00:00
W001602,U001602,230658.42,IDR,ACTIVE,2026-01-07 03:00:00,2026-08-23 00:00:00
W001603,U001603,12428.77,IDR,ACTIVE,2024-01-23 16:00:00,2024-02-06 16:00:00
W001604,U001604,44026.15,IDR,ACTIVE,2025-01-21 17:00:00,2026-03-12 17:00:00
W001605,U001605,88428.15,IDR,ACTIVE,2024-12-11 18:00:00,2025-11-09 18:00:00
W001606,U001606,64530.13,IDR,ACTIVE,2024-03-05 07:00:00,2024-11-24 07:00:00
W001607,U001607,28533.59,IDR,ACTIVE,2024-02-23 01:00:00,2025-04-10 01:00:00
W001608,U001608,134287.67,IDR,ACTIVE,2025-12-03 23:00:00,2026-08-23 00:00:00
W001609,U001609,172374.94,IDR,ACTIVE,2026-05-19 08:00:00,2026-08-23 00:00:00
W001610,U001610,55225.74,IDR,ACTIVE,2024-12-05 18:00:00,2026-04-18 18:00:00
W001611,U001611,46223.13,IDR,FROZEN,2025-01-08 05:00:00,2026-05-15 05:00:00
W001612,U001612,36422.7,IDR,ACTIVE,2025-04-19 16:00:00,2025-12-23 16:00:00
W001613,U001613,140507.37,IDR,ACTIVE,2025-12-23 11:00:00,2026-04-14 11:00:00
W001614,U001614,45337.06,IDR,ACTIVE,2024-10-15 02:00:00,2025-04-23 02:00:00
W001615,U001615,62549.3,IDR,ACTIVE,2025-08-21 09:00:00,2025-10-11 09:00:00
W001616,U001616,203375.22,IDR,ACTIVE,2025-02-24 07:00:00,2025-06-14 07:00:00
W001617,U001617,80024.48,IDR,ACTIVE,2025-06-07 01:00:00,2026-01-21 01:00:00
W001618,U001618,62561.2,IDR,ACTIVE,2024-03-21 12:00:00,2024-10-17 12:00:00
W001619,U001619,33685.19,IDR,ACTIVE,2025-12-24 21:00:00,2026-08-23 00:00:00
W001620,U001620,59165.81,IDR,ACTIVE,2025-07-24 01:00:00,2026-06-19 01:00:00
W001621,U001621,29342.95,IDR,FROZEN,2024-08-05 22:00:00,2025-02-26 22:00:00
W001622,U001622,75079.6,IDR,ACTIVE,2026-04-18 07:00:00,2026-06-03 07:00:00
W001623,U001623,37807.34,IDR,FROZEN,2025-02-19 18:00:00,2026-03-29 18:00:00
W001624,U001624,42655.51,IDR,ACTIVE,2024-04-08 22:00:00,2024-11-14 22:00:00
W001625,U001625,59623.08,IDR,ACTIVE,2026-01-27 02:00:00,2026-03-21 02:00:00
W001626,U001626,329510.12,IDR,ACTIVE,2026-04-08 10:00:00,2026-08-23 00:00:00
W001627,U001627,12411.4,IDR,FROZEN,2025-07-27 07:00:00,2025-08-09 07:00:00
W001628,U001628,86862.48,IDR,ACTIVE,2024-05-17 07:00:00,2025-01-22 07:00:00
W001629,U001629,19628.81,IDR,ACTIVE,2025-03-23 23:00:00,2025-05-20 23:00:00
W001630,U001630,45328.43,IDR,ACTIVE,2025-03-04 08:00:00,2026-02-17 08:00:00
W001631,U001631,34448.1,IDR,ACTIVE,2024-11-13 07:00:00,2025-07-20 07:00:00
W001632,U001632,33014.24,IDR,ACTIVE,2025-10-10 19:00:00,2025-11-18 19:00:00
W001633,U001633,34164.73,IDR,ACTIVE,2025-10-15 00:00:00,2026-08-23 00:00:00
W001634,U001634,46591.17,IDR,ACTIVE,2024-10-20 15:00:00,2025-08-08 15:00:00
W001635,U001635,30053.17,IDR,FROZEN,2026-03-20 20:00:00,2026-07-06 20:00:00
W001636,U001636,30182.09,IDR,FROZEN,2026-06-17 13:00:00,2026-08-05 13:00:00
W001637,U001637,34574.56,IDR,ACTIVE,2026-04-05 18:00:00,2026-06-14 18:00:00
W001638,U001638,33040.93,IDR,ACTIVE,2026-05-31 00:00:00,2026-08-23 00:00:00
W001639,U001639,26125.83,IDR,ACTIVE,2025-02-08 16:00:00,2025-04-15 16:00:00
W001640,U001640,108182.08,IDR,ACTIVE,2025-03-23 15:00:00,2025-06-04 15:00:00
W001641,U001641,40894.98,IDR,ACTIVE,2025-03-17 12:00:00,2025-06-18 12:00:00
W001642,U001642,48670.98,IDR,ACTIVE,2025-03-20 14:00:00,2026-07-31 14:00:00
W001643,U001643,45155.85,IDR,CLOSED,2025-01-06 09:00:00,2025-03-12 09:00:00
W001644,U001644,31860.95,IDR,ACTIVE,2026-06-12 13:00:00,2026-08-23 00:00:00
W001645,U001645,25224.47,IDR,ACTIVE,2025-07-29 15:00:00,2025-11-30 15:00:00
W001646,U001646,119703.82,IDR,ACTIVE,2024-02-23 11:00:00,2025-05-18 11:00:00
W001647,U001647,26538.07,IDR,ACTIVE,2024-08-18 01:00:00,2025-09-15 01:00:00
W001648,U001648,27731.76,IDR,ACTIVE,2024-09-10 10:00:00,2025-11-11 10:00:00
W001649,U001649,161921.79,IDR,ACTIVE,2024-02-08 18:00:00,2025-01-11 18:00:00
W001650,U001650,35106.98,IDR,ACTIVE,2026-04-30 00:00:00,2026-08-23 00:00:00
W001651,U001651,59138.3,IDR,ACTIVE,2025-03-28 07:00:00,2025-10-10 07:00:00
W001652,U001652,43117.28,IDR,FROZEN,2025-11-18 19:00:00,2026-08-23 00:00:00
W001653,U001653,56949.46,IDR,ACTIVE,2024-06-30 04:00:00,2024-07-12 04:00:00
W001654,U001654,260852.11,IDR,ACTIVE,2024-12-09 05:00:00,2026-03-18 05:00:00
W001655,U001655,29397.95,IDR,ACTIVE,2025-05-23 23:00:00,2025-06-09 23:00:00
W001656,U001656,108567.91,IDR,ACTIVE,2026-06-27 11:00:00,2026-08-23 00:00:00
W001657,U001657,119218.44,IDR,ACTIVE,2024-11-02 21:00:00,2026-03-13 21:00:00
W001658,U001658,110165.35,IDR,ACTIVE,2025-11-24 00:00:00,2026-08-23 00:00:00
W001659,U001659,247474.89,IDR,ACTIVE,2025-09-04 10:00:00,2026-08-23 00:00:00
W001660,U001660,8522.03,IDR,ACTIVE,2026-07-27 10:00:00,2026-08-01 10:00:00
W001661,U001661,15697.81,IDR,ACTIVE,2025-09-11 03:00:00,2026-06-29 03:00:00
W001662,U001662,24694.4,IDR,ACTIVE,2025-08-24 13:00:00,2026-05-27 13:00:00
W001663,U001663,36985.56,IDR,ACTIVE,2025-06-21 08:00:00,2025-11-10 08:00:00
W001664,U001664,76313.32,IDR,ACTIVE,2026-05-22 13:00:00,2026-08-23 00:00:00
W001665,U001665,25904.63,IDR,ACTIVE,2025-10-09 14:00:00,2026-08-23 00:00:00
W001666,U001666,25727.02,IDR,ACTIVE,2024-09-13 23:00:00,2025-06-15 23:00:00
W001667,U001667,65046.97,IDR,ACTIVE,2026-07-01 23:00:00,2026-08-23 00:00:00
W001668,U001668,96118.46,IDR,ACTIVE,2024-11-19 09:00:00,2025-02-21 09:00:00
W001669,U001669,58116.0,IDR,ACTIVE,2025-06-05 10:00:00,2025-10-16 10:00:00
W001670,U001670,101172.75,IDR,ACTIVE,2024-01-11 20:00:00,2024-07-14 20:00:00
W001671,U001671,13219.57,IDR,ACTIVE,2024-09-28 11:00:00,2026-01-13 11:00:00
W001672,U001672,30098.05,IDR,ACTIVE,2024-08-02 21:00:00,2025-01-15 21:00:00
W001673,U001673,23706.08,IDR,ACTIVE,2025-03-26 15:00:00,2026-05-08 15:00:00
W001674,U001674,35117.55,IDR,ACTIVE,2025-04-15 00:00:00,2026-01-28 00:00:00
W001675,U001675,55132.05,IDR,ACTIVE,2025-12-20 01:00:00,2026-02-17 01:00:00
W001676,U001676,10881.21,IDR,ACTIVE,2024-08-29 12:00:00,2025-07-25 12:00:00
W001677,U001677,34786.27,IDR,FROZEN,2024-07-12 10:00:00,2025-05-15 10:00:00
W001678,U001678,29823.7,IDR,ACTIVE,2024-10-07 19:00:00,2025-09-19 19:00:00
W001679,U001679,14237.68,IDR,ACTIVE,2025-03-06 01:00:00,2026-06-22 01:00:00
W001680,U001680,103790.37,IDR,ACTIVE,2025-07-15 02:00:00,2025-11-06 02:00:00
W001681,U001681,57790.51,IDR,ACTIVE,2025-11-09 20:00:00,2025-12-19 20:00:00
W001682,U001682,35345.77,IDR,ACTIVE,2024-07-05 01:00:00,2024-12-30 01:00:00
W001683,U001683,304166.43,IDR,FROZEN,2024-04-02 20:00:00,2025-01-02 20:00:00
W001684,U001684,15341.62,IDR,ACTIVE,2024-07-29 12:00:00,2025-06-16 12:00:00
W001685,U001685,325238.17,IDR,ACTIVE,2025-02-28 00:00:00,2025-12-17 00:00:00
W001686,U001686,46178.93,IDR,ACTIVE,2024-03-16 08:00:00,2025-04-21 08:00:00
W001687,U001687,27687.34,IDR,ACTIVE,2024-04-30 13:00:00,2024-10-30 13:00:00
W001688,U001688,36209.99,IDR,ACTIVE,2024-05-27 16:00:00,2024-10-05 16:00:00
W001689,U001689,39854.24,IDR,ACTIVE,2025-07-17 01:00:00,2025-07-23 01:00:00
W001690,U001690,381086.3,IDR,ACTIVE,2024-01-21 09:00:00,2024-02-09 09:00:00
W001691,U001691,76714.52,IDR,CLOSED,2025-10-02 09:00:00,2026-08-23 00:00:00
W001692,U001692,20530.76,IDR,ACTIVE,2024-12-05 08:00:00,2026-02-12 08:00:00
W001693,U001693,118993.9,IDR,ACTIVE,2024-04-29 08:00:00,2025-03-14 08:00:00
W001694,U001694,40202.04,IDR,ACTIVE,2025-04-30 12:00:00,2026-01-25 12:00:00
W001695,U001695,4952.31,IDR,ACTIVE,2025-11-17 09:00:00,2026-08-23 00:00:00
W001696,U001696,115826.61,IDR,ACTIVE,2024-02-16 14:00:00,2024-08-13 14:00:00
W001697,U001697,119121.84,IDR,ACTIVE,2024-08-09 11:00:00,2025-03-05 11:00:00
W001698,U001698,42312.53,IDR,ACTIVE,2024-07-13 09:00:00,2025-10-14 09:00:00
W001699,U001699,31415.97,IDR,ACTIVE,2025-10-23 18:00:00,2026-08-23 00:00:00
W001700,U001700,132357.58,IDR,ACTIVE,2024-01-30 09:00:00,2024-08-19 09:00:00
W001701,U001701,29942.76,IDR,ACTIVE,2024-03-08 04:00:00,2024-08-16 04:00:00
W001702,U001702,167056.51,IDR,ACTIVE,2026-03-09 13:00:00,2026-04-08 13:00:00
W001703,U001703,30621.47,IDR,ACTIVE,2024-07-03 06:00:00,2025-03-31 06:00:00
W001704,U001704,51462.18,IDR,ACTIVE,2024-04-12 22:00:00,2024-12-08 22:00:00
W001705,U001705,84932.77,IDR,ACTIVE,2024-11-08 10:00:00,2025-11-21 10:00:00
W001706,U001706,68425.4,IDR,ACTIVE,2024-08-14 02:00:00,2025-04-30 02:00:00
W001707,U001707,28336.59,IDR,ACTIVE,2025-06-24 05:00:00,2026-05-31 05:00:00
W001708,U001708,80150.3,IDR,ACTIVE,2026-08-10 12:00:00,2026-08-23 00:00:00
W001709,U001709,113011.58,IDR,ACTIVE,2026-06-17 21:00:00,2026-08-23 00:00:00
W001710,U001710,21455.96,IDR,ACTIVE,2024-12-04 01:00:00,2025-09-15 01:00:00
W001711,U001711,87339.21,IDR,ACTIVE,2024-09-25 03:00:00,2025-04-01 03:00:00
W001712,U001712,49909.15,IDR,ACTIVE,2024-11-30 10:00:00,2025-10-04 10:00:00
W001713,U001713,22735.07,IDR,FROZEN,2024-10-14 09:00:00,2025-02-14 09:00:00
W001714,U001714,76749.76,IDR,ACTIVE,2025-07-05 10:00:00,2026-08-23 00:00:00
W001715,U001715,127068.73,IDR,ACTIVE,2024-11-28 14:00:00,2026-02-15 14:00:00
W001716,U001716,33252.71,IDR,ACTIVE,2024-06-24 15:00:00,2024-11-02 15:00:00
W001717,U001717,5753.26,IDR,ACTIVE,2024-06-20 20:00:00,2025-01-27 20:00:00
W001718,U001718,80795.13,IDR,ACTIVE,2025-07-17 08:00:00,2026-03-20 08:00:00
W001719,U001719,39893.59,IDR,ACTIVE,2024-03-05 23:00:00,2025-02-06 23:00:00
W001720,U001720,102455.09,IDR,ACTIVE,2024-06-29 06:00:00,2025-08-22 06:00:00
W001721,U001721,153924.09,IDR,ACTIVE,2026-07-21 20:00:00,2026-08-10 20:00:00
W001722,U001722,72777.49,IDR,ACTIVE,2024-12-18 07:00:00,2026-01-19 07:00:00
W001723,U001723,111839.25,IDR,ACTIVE,2025-10-26 22:00:00,2026-03-01 22:00:00
W001724,U001724,133912.59,IDR,ACTIVE,2024-01-20 18:00:00,2024-09-10 18:00:00
W001725,U001725,33035.14,IDR,ACTIVE,2026-03-23 15:00:00,2026-04-21 15:00:00
W001726,U001726,39239.2,IDR,ACTIVE,2025-09-05 11:00:00,2026-02-09 11:00:00
W001727,U001727,82888.51,IDR,ACTIVE,2025-07-20 03:00:00,2026-02-16 03:00:00
W001728,U001728,194709.34,IDR,ACTIVE,2024-11-09 08:00:00,2026-02-23 08:00:00
W001729,U001729,18431.57,IDR,ACTIVE,2024-12-28 08:00:00,2025-07-10 08:00:00
W001730,U001730,92304.71,IDR,ACTIVE,2025-03-10 13:00:00,2025-08-01 13:00:00
W001731,U001731,177101.36,IDR,ACTIVE,2025-07-08 20:00:00,2026-03-23 20:00:00
W001732,U001732,48441.42,IDR,ACTIVE,2024-06-18 05:00:00,2024-10-24 05:00:00
W001733,U001733,56619.21,IDR,ACTIVE,2026-02-13 09:00:00,2026-03-28 09:00:00
W001734,U001734,55348.74,IDR,ACTIVE,2024-06-05 17:00:00,2024-09-29 17:00:00
W001735,U001735,52384.83,IDR,ACTIVE,2026-02-12 16:00:00,2026-08-23 00:00:00
W001736,U001736,27537.55,IDR,ACTIVE,2025-08-17 02:00:00,2026-08-23 00:00:00
W001737,U001737,50289.73,IDR,ACTIVE,2024-05-29 14:00:00,2025-04-17 14:00:00
W001738,U001738,28355.34,IDR,ACTIVE,2026-02-03 08:00:00,2026-08-23 00:00:00
W001739,U001739,104259.55,IDR,ACTIVE,2025-04-03 21:00:00,2026-03-17 21:00:00
W001740,U001740,11802.68,IDR,ACTIVE,2026-02-24 15:00:00,2026-08-23 00:00:00
W001741,U001741,128430.39,IDR,FROZEN,2025-11-01 19:00:00,2026-08-23 00:00:00
W001742,U001742,150614.85,IDR,ACTIVE,2025-05-05 05:00:00,2026-06-08 05:00:00
W001743,U001743,67803.98,IDR,ACTIVE,2025-12-17 14:00:00,2026-08-23 00:00:00
W001744,U001744,295998.86,IDR,ACTIVE,2026-05-16 10:00:00,2026-08-23 00:00:00
W001745,U001745,86264.12,IDR,ACTIVE,2026-02-02 22:00:00,2026-08-23 00:00:00
W001746,U001746,76488.62,IDR,ACTIVE,2025-08-28 09:00:00,2026-08-23 00:00:00
W001747,U001747,11297.48,IDR,ACTIVE,2026-04-19 18:00:00,2026-08-23 00:00:00
W001748,U001748,161226.72,IDR,ACTIVE,2026-05-23 00:00:00,2026-08-23 00:00:00
W001749,U001749,24881.46,IDR,FROZEN,2024-03-29 09:00:00,2024-10-11 09:00:00
W001750,U001750,22360.56,IDR,ACTIVE,2026-07-08 17:00:00,2026-08-23 00:00:00
W001751,U001751,70539.21,IDR,ACTIVE,2025-07-02 07:00:00,2026-08-23 00:00:00
W001752,U001752,28490.92,IDR,ACTIVE,2024-02-15 04:00:00,2025-01-09 04:00:00
W001753,U001753,47825.78,IDR,ACTIVE,2025-07-25 09:00:00,2026-05-07 09:00:00
W001754,U001754,175434.53,IDR,ACTIVE,2025-10-29 16:00:00,2026-07-09 16:00:00
W001755,U001755,256632.75,IDR,ACTIVE,2024-03-30 00:00:00,2025-02-22 00:00:00
W001756,U001756,33255.7,IDR,ACTIVE,2024-12-31 07:00:00,2025-09-01 07:00:00
W001757,U001757,49683.43,IDR,ACTIVE,2024-05-12 21:00:00,2025-04-03 21:00:00
W001758,U001758,525020.64,IDR,ACTIVE,2024-09-22 15:00:00,2025-04-24 15:00:00
W001759,U001759,253810.55,IDR,ACTIVE,2024-02-29 18:00:00,2024-10-26 18:00:00
W001760,U001760,11244.06,IDR,CLOSED,2026-03-10 14:00:00,2026-08-23 00:00:00
W001761,U001761,136824.33,IDR,ACTIVE,2024-02-01 10:00:00,2024-06-07 10:00:00
W001762,U001762,28424.91,IDR,ACTIVE,2024-02-05 04:00:00,2024-08-02 04:00:00
W001763,U001763,33795.11,IDR,ACTIVE,2026-06-05 18:00:00,2026-07-26 18:00:00
W001764,U001764,135310.06,IDR,ACTIVE,2024-06-02 14:00:00,2024-08-03 14:00:00
W001765,U001765,10006.47,IDR,ACTIVE,2024-11-16 04:00:00,2026-01-23 04:00:00
W001766,U001766,163917.38,IDR,ACTIVE,2025-06-13 18:00:00,2026-01-27 18:00:00
W001767,U001767,213422.72,IDR,ACTIVE,2024-11-10 14:00:00,2025-06-20 14:00:00
W001768,U001768,43171.1,IDR,ACTIVE,2024-11-29 13:00:00,2025-07-04 13:00:00
W001769,U001769,261576.49,IDR,ACTIVE,2025-04-08 12:00:00,2026-04-28 12:00:00
W001770,U001770,90094.17,IDR,ACTIVE,2024-05-27 22:00:00,2025-04-04 22:00:00
W001771,U001771,19631.17,IDR,ACTIVE,2024-04-14 18:00:00,2024-06-14 18:00:00
W001772,U001772,64422.58,IDR,ACTIVE,2024-11-23 06:00:00,2026-02-23 06:00:00
W001773,U001773,31090.96,IDR,ACTIVE,2026-02-23 05:00:00,2026-08-23 00:00:00
W001774,U001774,72763.35,IDR,ACTIVE,2026-04-19 04:00:00,2026-08-23 00:00:00
W001775,U001775,18452.74,IDR,ACTIVE,2025-09-18 21:00:00,2026-08-16 21:00:00
W001776,U001776,285602.0,IDR,ACTIVE,2024-10-09 06:00:00,2024-12-05 06:00:00
W001777,U001777,102739.39,IDR,ACTIVE,2024-10-17 13:00:00,2026-01-02 13:00:00
W001778,U001778,38949.01,IDR,ACTIVE,2025-12-28 15:00:00,2026-08-23 00:00:00
W001779,U001779,74670.6,IDR,ACTIVE,2024-04-03 16:00:00,2025-05-14 16:00:00
W001780,U001780,57364.2,IDR,FROZEN,2025-12-20 13:00:00,2026-08-23 00:00:00
W001781,U001781,3143.51,IDR,ACTIVE,2025-04-12 10:00:00,2026-01-31 10:00:00
W001782,U001782,297966.1,IDR,ACTIVE,2025-05-10 00:00:00,2026-03-27 00:00:00
W001783,U001783,56287.28,IDR,ACTIVE,2025-10-03 20:00:00,2026-05-14 20:00:00
W001784,U001784,70504.22,IDR,ACTIVE,2025-01-03 06:00:00,2026-02-14 06:00:00
W001785,U001785,16202.19,IDR,ACTIVE,2024-08-22 18:00:00,2025-07-21 18:00:00
W001786,U001786,72118.68,IDR,ACTIVE,2025-04-29 13:00:00,2026-01-02 13:00:00
W001787,U001787,86757.12,IDR,ACTIVE,2025-11-08 21:00:00,2026-04-12 21:00:00
W001788,U001788,22218.17,IDR,ACTIVE,2024-09-05 14:00:00,2025-05-07 14:00:00
W001789,U001789,118012.95,IDR,ACTIVE,2025-02-06 03:00:00,2025-06-25 03:00:00
W001790,U001790,9183.23,IDR,ACTIVE,2026-01-24 11:00:00,2026-08-23 00:00:00
W001791,U001791,49374.72,IDR,ACTIVE,2024-05-11 14:00:00,2025-09-06 14:00:00
W001792,U001792,15685.34,IDR,ACTIVE,2024-05-20 04:00:00,2025-09-28 04:00:00
W001793,U001793,61874.5,IDR,FROZEN,2024-06-23 23:00:00,2024-07-02 23:00:00
W001794,U001794,40832.01,IDR,ACTIVE,2024-05-22 02:00:00,2024-11-22 02:00:00
W001795,U001795,93013.0,IDR,ACTIVE,2026-06-27 09:00:00,2026-08-23 00:00:00
W001796,U001796,55546.35,IDR,ACTIVE,2025-10-20 09:00:00,2025-11-07 09:00:00
W001797,U001797,90524.16,IDR,ACTIVE,2024-10-01 19:00:00,2025-09-20 19:00:00
W001798,U001798,63234.91,IDR,ACTIVE,2025-02-01 17:00:00,2025-07-15 17:00:00
W001799,U001799,172957.31,IDR,ACTIVE,2025-08-06 10:00:00,2025-10-12 10:00:00
W001800,U001800,147202.04,IDR,ACTIVE,2025-10-21 12:00:00,2026-08-23 00:00:00
W001801,U001801,29695.49,IDR,ACTIVE,2025-07-25 15:00:00,2025-12-04 15:00:00
W001802,U001802,158917.22,IDR,ACTIVE,2026-07-31 23:00:00,2026-08-23 00:00:00
W001803,U001803,86037.89,IDR,ACTIVE,2025-01-28 11:00:00,2025-07-19 11:00:00
W001804,U001804,191500.95,IDR,ACTIVE,2025-07-19 10:00:00,2026-07-17 10:00:00
W001805,U001805,22940.18,IDR,ACTIVE,2025-01-04 20:00:00,2025-09-03 20:00:00
W001806,U001806,18361.37,IDR,ACTIVE,2024-01-14 21:00:00,2024-08-10 21:00:00
W001807,U001807,18667.86,IDR,ACTIVE,2024-12-31 07:00:00,2026-02-27 07:00:00
W001808,U001808,260579.17,IDR,ACTIVE,2025-11-13 22:00:00,2026-04-01 22:00:00
W001809,U001809,195861.5,IDR,ACTIVE,2024-02-22 00:00:00,2025-02-18 00:00:00
W001810,U001810,147016.86,IDR,ACTIVE,2025-06-01 00:00:00,2026-03-17 00:00:00
W001811,U001811,16691.07,IDR,ACTIVE,2024-09-07 06:00:00,2025-10-11 06:00:00
W001812,U001812,148881.66,IDR,ACTIVE,2024-04-13 21:00:00,2024-11-29 21:00:00
W001813,U001813,17610.58,IDR,ACTIVE,2026-04-30 15:00:00,2026-08-23 00:00:00
W001814,U001814,5026.57,IDR,ACTIVE,2024-02-14 15:00:00,2024-04-20 15:00:00
W001815,U001815,40021.28,IDR,ACTIVE,2025-11-21 20:00:00,2026-08-23 00:00:00
W001816,U001816,50547.62,IDR,ACTIVE,2024-11-08 04:00:00,2025-07-09 04:00:00
W001817,U001817,225258.67,IDR,ACTIVE,2026-06-14 18:00:00,2026-08-23 00:00:00
W001818,U001818,22644.34,IDR,ACTIVE,2025-01-24 16:00:00,2026-04-19 16:00:00
W001819,U001819,578961.7,IDR,ACTIVE,2025-10-01 15:00:00,2025-10-31 15:00:00
W001820,U001820,72290.9,IDR,ACTIVE,2024-07-28 17:00:00,2025-05-21 17:00:00
W001821,U001821,53745.56,IDR,ACTIVE,2025-05-24 05:00:00,2026-06-04 05:00:00
W001822,U001822,53477.64,IDR,ACTIVE,2024-05-13 13:00:00,2025-07-05 13:00:00
W001823,U001823,18291.38,IDR,ACTIVE,2025-09-04 00:00:00,2026-01-02 00:00:00
W001824,U001824,43271.87,IDR,ACTIVE,2024-12-15 13:00:00,2026-02-03 13:00:00
W001825,U001825,77809.33,IDR,ACTIVE,2024-09-21 17:00:00,2024-10-06 17:00:00
W001826,U001826,152271.89,IDR,ACTIVE,2025-10-30 05:00:00,2026-08-23 00:00:00
W001827,U001827,41701.11,IDR,ACTIVE,2024-05-19 13:00:00,2025-05-02 13:00:00
W001828,U001828,71587.07,IDR,ACTIVE,2026-06-01 08:00:00,2026-08-23 00:00:00
W001829,U001829,128528.11,IDR,ACTIVE,2025-11-06 20:00:00,2026-08-23 00:00:00
W001830,U001830,40522.21,IDR,ACTIVE,2024-07-05 09:00:00,2024-10-13 09:00:00
W001831,U001831,163303.53,IDR,ACTIVE,2025-03-25 11:00:00,2025-04-17 11:00:00
W001832,U001832,103617.68,IDR,ACTIVE,2024-07-21 15:00:00,2025-05-25 15:00:00
W001833,U001833,136682.31,IDR,ACTIVE,2025-10-12 03:00:00,2026-05-21 03:00:00
W001834,U001834,10655.02,IDR,ACTIVE,2024-02-15 07:00:00,2024-10-16 07:00:00
W001835,U001835,45226.04,IDR,ACTIVE,2025-12-02 14:00:00,2026-08-23 00:00:00
W001836,U001836,32337.16,IDR,ACTIVE,2026-06-26 08:00:00,2026-08-23 00:00:00
W001837,U001837,8840.94,IDR,ACTIVE,2025-12-30 15:00:00,2026-02-22 15:00:00
W001838,U001838,354085.88,IDR,FROZEN,2025-08-19 09:00:00,2026-06-03 09:00:00
W001839,U001839,148276.51,IDR,ACTIVE,2025-02-02 18:00:00,2025-03-31 18:00:00
W001840,U001840,14018.95,IDR,ACTIVE,2024-04-02 06:00:00,2025-07-29 06:00:00
W001841,U001841,234581.97,IDR,ACTIVE,2026-01-03 13:00:00,2026-08-23 00:00:00
W001842,U001842,57153.93,IDR,ACTIVE,2026-07-19 00:00:00,2026-08-23 00:00:00
W001843,U001843,93906.48,IDR,ACTIVE,2025-01-31 15:00:00,2026-03-18 15:00:00
W001844,U001844,33203.85,IDR,ACTIVE,2025-07-30 10:00:00,2026-06-05 10:00:00
W001845,U001845,162028.37,IDR,ACTIVE,2025-02-08 11:00:00,2025-02-26 11:00:00
W001846,U001846,55190.38,IDR,ACTIVE,2025-05-07 12:00:00,2026-03-13 12:00:00
W001847,U001847,99368.22,IDR,ACTIVE,2024-06-30 11:00:00,2025-02-03 11:00:00
W001848,U001848,182034.84,IDR,ACTIVE,2026-02-16 15:00:00,2026-08-23 00:00:00
W001849,U001849,113763.73,IDR,ACTIVE,2025-10-30 15:00:00,2026-08-23 00:00:00
W001850,U001850,40819.09,IDR,ACTIVE,2025-02-15 04:00:00,2025-06-01 04:00:00
W001851,U001851,55476.89,IDR,ACTIVE,2024-09-13 15:00:00,2025-08-21 15:00:00
W001852,U001852,11366.42,IDR,CLOSED,2026-05-13 00:00:00,2026-08-23 00:00:00
W001853,U001853,141539.28,IDR,ACTIVE,2024-10-20 06:00:00,2025-02-07 06:00:00
W001854,U001854,3761.88,IDR,ACTIVE,2024-10-13 09:00:00,2025-12-09 09:00:00
W001855,U001855,46119.51,IDR,ACTIVE,2024-09-13 18:00:00,2024-09-22 18:00:00
W001856,U001856,60441.21,IDR,ACTIVE,2024-06-29 06:00:00,2025-10-26 06:00:00
W001857,U001857,81062.19,IDR,ACTIVE,2025-11-17 09:00:00,2026-03-15 09:00:00
W001858,U001858,33217.75,IDR,ACTIVE,2024-06-23 13:00:00,2025-04-12 13:00:00
W001859,U001859,54487.54,IDR,ACTIVE,2025-06-29 05:00:00,2026-07-22 05:00:00
W001860,U001860,71787.17,IDR,ACTIVE,2024-10-08 19:00:00,2025-03-01 19:00:00
W001861,U001861,70505.62,IDR,ACTIVE,2025-02-27 17:00:00,2025-02-28 17:00:00
W001862,U001862,68107.98,IDR,ACTIVE,2024-10-07 22:00:00,2025-04-19 22:00:00
W001863,U001863,42038.76,IDR,ACTIVE,2024-05-28 18:00:00,2025-04-20 18:00:00
W001864,U001864,75156.35,IDR,ACTIVE,2025-03-18 19:00:00,2026-01-25 19:00:00
W001865,U001865,219103.07,IDR,ACTIVE,2025-08-03 03:00:00,2026-06-29 03:00:00
W001866,U001866,55305.29,IDR,ACTIVE,2024-08-28 05:00:00,2025-06-17 05:00:00
W001867,U001867,74195.83,IDR,ACTIVE,2026-01-16 13:00:00,2026-08-23 00:00:00
W001868,U001868,54372.59,IDR,ACTIVE,2024-01-11 01:00:00,2024-05-16 01:00:00
W001869,U001869,206358.41,IDR,ACTIVE,2025-12-04 03:00:00,2026-08-23 00:00:00
W001870,U001870,46271.22,IDR,ACTIVE,2024-03-16 17:00:00,2024-11-07 17:00:00
W001871,U001871,25350.16,IDR,FROZEN,2024-04-21 03:00:00,2024-09-02 03:00:00
W001872,U001872,118110.18,IDR,ACTIVE,2025-09-12 11:00:00,2026-07-11 11:00:00
W001873,U001873,44149.29,IDR,ACTIVE,2025-09-12 03:00:00,2026-08-23 00:00:00
W001874,U001874,111357.49,IDR,ACTIVE,2024-09-10 20:00:00,2024-11-23 20:00:00
W001875,U001875,37812.49,IDR,ACTIVE,2024-07-06 06:00:00,2025-09-02 06:00:00
W001876,U001876,20676.26,IDR,ACTIVE,2025-04-26 18:00:00,2026-06-16 18:00:00
W001877,U001877,57068.88,IDR,ACTIVE,2024-05-31 01:00:00,2024-12-05 01:00:00
W001878,U001878,15255.17,IDR,ACTIVE,2024-11-08 12:00:00,2025-06-17 12:00:00
W001879,U001879,79294.85,IDR,ACTIVE,2026-01-12 13:00:00,2026-08-23 00:00:00
W001880,U001880,134455.51,IDR,ACTIVE,2025-10-20 08:00:00,2026-01-06 08:00:00
W001881,U001881,388535.06,IDR,ACTIVE,2024-10-16 18:00:00,2026-02-13 18:00:00
W001882,U001882,36344.49,IDR,ACTIVE,2026-03-09 06:00:00,2026-08-23 00:00:00
W001883,U001883,29188.09,IDR,ACTIVE,2025-12-30 06:00:00,2026-08-23 00:00:00
W001884,U001884,131067.23,IDR,ACTIVE,2025-04-12 11:00:00,2026-07-06 11:00:00
W001885,U001885,121572.52,IDR,ACTIVE,2026-03-25 23:00:00,2026-08-23 00:00:00
W001886,U001886,130050.13,IDR,ACTIVE,2024-03-16 05:00:00,2024-12-12 05:00:00
W001887,U001887,396044.74,IDR,ACTIVE,2026-03-10 09:00:00,2026-08-23 00:00:00
W001888,U001888,60558.79,IDR,ACTIVE,2025-12-22 15:00:00,2026-08-23 00:00:00
W001889,U001889,506521.03,IDR,ACTIVE,2026-06-29 07:00:00,2026-08-23 00:00:00
W001890,U001890,42764.14,IDR,ACTIVE,2025-12-22 17:00:00,2026-08-23 00:00:00
W001891,U001891,31416.99,IDR,ACTIVE,2025-10-09 01:00:00,2026-08-23 00:00:00
W001892,U001892,28870.14,IDR,ACTIVE,2025-12-07 00:00:00,2026-08-23 00:00:00
W001893,U001893,27301.09,IDR,ACTIVE,2024-10-19 05:00:00,2026-01-09 05:00:00
W001894,U001894,420400.5,IDR,ACTIVE,2026-07-28 15:00:00,2026-08-23 00:00:00
W001895,U001895,194309.74,IDR,CLOSED,2026-04-10 21:00:00,2026-08-23 00:00:00
W001896,U001896,374795.03,IDR,ACTIVE,2024-06-30 14:00:00,2025-04-20 14:00:00
W001897,U001897,10184.04,IDR,ACTIVE,2025-12-15 02:00:00,2026-07-08 02:00:00
W001898,U001898,17502.81,IDR,ACTIVE,2026-01-26 11:00:00,2026-02-18 11:00:00
W001899,U001899,44330.61,IDR,ACTIVE,2025-04-16 11:00:00,2025-07-26 11:00:00
W001900,U001900,38293.0,IDR,FROZEN,2024-01-22 13:00:00,2024-09-05 13:00:00
W001901,U001901,74556.23,IDR,ACTIVE,2024-10-21 19:00:00,2025-01-03 19:00:00
W001902,U001902,62025.16,IDR,ACTIVE,2026-01-18 20:00:00,2026-08-23 00:00:00
W001903,U001903,22184.1,IDR,ACTIVE,2025-11-08 21:00:00,2026-08-23 00:00:00
W001904,U001904,34570.68,IDR,FROZEN,2025-04-14 16:00:00,2025-08-17 16:00:00
W001905,U001905,46766.41,IDR,ACTIVE,2026-01-08 14:00:00,2026-03-22 14:00:00
W001906,U001906,19347.77,IDR,ACTIVE,2024-09-16 17:00:00,2025-09-18 17:00:00
W001907,U001907,52795.47,IDR,ACTIVE,2026-01-24 22:00:00,2026-08-23 00:00:00
W001908,U001908,20473.95,IDR,ACTIVE,2026-06-30 07:00:00,2026-08-23 00:00:00
W001909,U001909,51354.06,IDR,CLOSED,2026-06-05 21:00:00,2026-08-23 00:00:00
W001910,U001910,25173.63,IDR,ACTIVE,2024-01-15 08:00:00,2025-03-30 08:00:00
W001911,U001911,148269.12,IDR,ACTIVE,2026-01-29 02:00:00,2026-08-23 00:00:00
W001912,U001912,89845.81,IDR,ACTIVE,2026-07-07 16:00:00,2026-08-23 00:00:00
W001913,U001913,87598.6,IDR,ACTIVE,2024-04-05 14:00:00,2024-06-28 14:00:00
W001914,U001914,119455.7,IDR,ACTIVE,2026-06-16 15:00:00,2026-08-23 00:00:00
W001915,U001915,94810.68,IDR,ACTIVE,2026-01-06 15:00:00,2026-08-23 00:00:00
W001916,U001916,149284.21,IDR,ACTIVE,2025-06-24 12:00:00,2026-08-23 00:00:00
W001917,U001917,68429.92,IDR,ACTIVE,2025-03-25 02:00:00,2025-04-20 02:00:00
W001918,U001918,117672.95,IDR,ACTIVE,2025-06-19 00:00:00,2026-01-31 00:00:00
W001919,U001919,84911.39,IDR,ACTIVE,2024-12-08 22:00:00,2026-02-27 22:00:00
W001920,U001920,84296.83,IDR,ACTIVE,2025-12-28 19:00:00,2026-07-09 19:00:00
W001921,U001921,14400.65,IDR,ACTIVE,2025-07-15 12:00:00,2025-12-22 12:00:00
W001922,U001922,22596.44,IDR,ACTIVE,2024-11-17 23:00:00,2025-04-10 23:00:00
W001923,U001923,75325.4,IDR,ACTIVE,2024-07-19 23:00:00,2024-12-28 23:00:00
W001924,U001924,29016.98,IDR,ACTIVE,2026-07-30 07:00:00,2026-08-23 00:00:00
W001925,U001925,55363.13,IDR,ACTIVE,2026-02-07 16:00:00,2026-03-04 16:00:00
W001926,U001926,35758.05,IDR,ACTIVE,2026-05-15 00:00:00,2026-08-23 00:00:00
W001927,U001927,37043.11,IDR,ACTIVE,2025-07-08 08:00:00,2025-08-16 08:00:00
W001928,U001928,61706.26,IDR,ACTIVE,2026-02-23 00:00:00,2026-08-23 00:00:00
W001929,U001929,45562.84,IDR,ACTIVE,2024-06-26 18:00:00,2024-07-31 18:00:00
W001930,U001930,229643.77,IDR,ACTIVE,2026-05-23 19:00:00,2026-08-23 00:00:00
W001931,U001931,15658.05,IDR,ACTIVE,2025-06-13 07:00:00,2026-07-20 07:00:00
W001932,U001932,102590.76,IDR,ACTIVE,2026-05-17 07:00:00,2026-08-23 00:00:00
W001933,U001933,124794.77,IDR,FROZEN,2025-11-11 05:00:00,2026-06-15 05:00:00
W001934,U001934,248307.45,IDR,ACTIVE,2024-06-14 14:00:00,2025-03-11 14:00:00
W001935,U001935,63157.33,IDR,ACTIVE,2024-06-12 09:00:00,2025-04-25 09:00:00
W001936,U001936,112207.26,IDR,ACTIVE,2025-11-17 07:00:00,2026-08-23 00:00:00
W001937,U001937,226281.31,IDR,ACTIVE,2025-07-20 10:00:00,2025-08-04 10:00:00
W001938,U001938,33209.01,IDR,ACTIVE,2025-11-13 18:00:00,2026-02-28 18:00:00
W001939,U001939,25299.92,IDR,CLOSED,2025-01-17 06:00:00,2026-04-24 06:00:00
W001940,U001940,66005.21,IDR,ACTIVE,2026-02-23 21:00:00,2026-04-04 21:00:00
W001941,U001941,47731.07,IDR,ACTIVE,2025-08-01 03:00:00,2026-08-04 03:00:00
W001942,U001942,114593.66,IDR,ACTIVE,2024-08-24 16:00:00,2025-01-25 16:00:00
W001943,U001943,16486.94,IDR,ACTIVE,2024-08-03 12:00:00,2025-03-17 12:00:00
W001944,U001944,209763.25,IDR,ACTIVE,2025-09-27 02:00:00,2026-08-23 00:00:00
W001945,U001945,75953.39,IDR,ACTIVE,2025-07-15 15:00:00,2025-08-13 15:00:00
W001946,U001946,46415.65,IDR,ACTIVE,2024-08-16 01:00:00,2025-08-21 01:00:00
W001947,U001947,59375.63,IDR,ACTIVE,2024-04-20 22:00:00,2024-05-23 22:00:00
W001948,U001948,158869.26,IDR,FROZEN,2025-09-17 22:00:00,2026-05-11 22:00:00
W001949,U001949,96649.62,IDR,ACTIVE,2025-09-03 18:00:00,2025-12-09 18:00:00
W001950,U001950,58266.69,IDR,ACTIVE,2026-06-11 14:00:00,2026-08-23 00:00:00
W001951,U001951,48865.72,IDR,ACTIVE,2026-05-11 00:00:00,2026-08-23 00:00:00
W001952,U001952,50988.06,IDR,ACTIVE,2025-06-19 07:00:00,2025-06-22 07:00:00
W001953,U001953,109659.24,IDR,ACTIVE,2025-11-24 03:00:00,2026-08-23 00:00:00
W001954,U001954,45239.11,IDR,ACTIVE,2025-11-19 14:00:00,2026-03-08 14:00:00
W001955,U001955,101231.91,IDR,ACTIVE,2024-11-03 06:00:00,2025-03-03 06:00:00
W001956,U001956,5494.31,IDR,FROZEN,2024-02-29 15:00:00,2025-04-19 15:00:00
W001957,U001957,25995.06,IDR,ACTIVE,2024-07-16 21:00:00,2024-08-07 21:00:00
W001958,U001958,29999.79,IDR,ACTIVE,2024-05-24 00:00:00,2024-07-13 00:00:00
W001959,U001959,57633.85,IDR,ACTIVE,2024-02-15 09:00:00,2024-11-30 09:00:00
W001960,U001960,48507.08,IDR,ACTIVE,2025-10-18 13:00:00,2026-01-06 13:00:00
W001961,U001961,31603.24,IDR,ACTIVE,2025-07-04 17:00:00,2026-05-15 17:00:00
W001962,U001962,20327.56,IDR,ACTIVE,2025-11-28 05:00:00,2026-08-23 00:00:00
W001963,U001963,27705.38,IDR,ACTIVE,2025-06-12 21:00:00,2026-08-23 00:00:00
W001964,U001964,273933.35,IDR,ACTIVE,2026-05-29 00:00:00,2026-05-29 00:00:00
W001965,U001965,31504.1,IDR,ACTIVE,2025-03-19 02:00:00,2025-07-03 02:00:00
W001966,U001966,7890.56,IDR,ACTIVE,2025-05-26 12:00:00,2025-11-13 12:00:00
W001967,U001967,61969.26,IDR,ACTIVE,2024-06-02 22:00:00,2025-04-01 22:00:00
W001968,U001968,31500.78,IDR,ACTIVE,2024-04-07 12:00:00,2024-05-04 12:00:00
W001969,U001969,44251.76,IDR,ACTIVE,2025-11-24 20:00:00,2026-05-03 20:00:00
W001970,U001970,138917.05,IDR,ACTIVE,2025-09-17 08:00:00,2026-01-22 08:00:00
W001971,U001971,47483.21,IDR,ACTIVE,2024-08-13 17:00:00,2025-08-17 17:00:00
W001972,U001972,42530.75,IDR,ACTIVE,2025-12-12 08:00:00,2026-08-23 00:00:00
W001973,U001973,2162.21,IDR,FROZEN,2024-02-21 02:00:00,2024-03-24 02:00:00
W001974,U001974,33182.5,IDR,ACTIVE,2025-07-29 22:00:00,2026-08-23 00:00:00
W001975,U001975,45767.16,IDR,ACTIVE,2024-07-06 01:00:00,2025-11-07 01:00:00
W001976,U001976,84768.01,IDR,ACTIVE,2024-08-27 10:00:00,2024-09-22 10:00:00
W001977,U001977,11164.53,IDR,ACTIVE,2025-08-04 10:00:00,2026-08-21 10:00:00
W001978,U001978,17884.62,IDR,ACTIVE,2024-02-13 02:00:00,2025-02-09 02:00:00
W001979,U001979,86786.54,IDR,ACTIVE,2026-07-04 18:00:00,2026-08-23 00:00:00
W001980,U001980,60975.72,IDR,ACTIVE,2025-03-17 19:00:00,2026-07-25 19:00:00
W001981,U001981,34752.84,IDR,ACTIVE,2024-01-06 13:00:00,2024-02-04 13:00:00
W001982,U001982,91800.78,IDR,ACTIVE,2025-10-10 15:00:00,2026-05-05 15:00:00
W001983,U001983,40598.77,IDR,ACTIVE,2024-07-27 06:00:00,2025-09-09 06:00:00
W001984,U001984,136701.78,IDR,ACTIVE,2025-12-19 08:00:00,2026-08-23 00:00:00
W001985,U001985,33470.48,IDR,ACTIVE,2024-08-20 15:00:00,2025-06-26 15:00:00
W001986,U001986,25450.03,IDR,ACTIVE,2025-09-29 13:00:00,2025-10-24 13:00:00
W001987,U001987,687801.7,IDR,ACTIVE,2025-06-11 08:00:00,2026-08-23 00:00:00
W001988,U001988,110140.26,IDR,ACTIVE,2025-03-08 10:00:00,2025-09-16 10:00:00
W001989,U001989,28514.18,IDR,ACTIVE,2024-02-08 10:00:00,2024-10-06 10:00:00
W001990,U001990,40873.16,IDR,ACTIVE,2024-07-12 00:00:00,2025-09-13 00:00:00
W001991,U001991,33612.66,IDR,ACTIVE,2026-04-22 05:00:00,2026-07-22 05:00:00
W001992,U001992,13226.89,IDR,ACTIVE,2026-04-07 12:00:00,2026-08-23 00:00:00
W001993,U001993,43228.75,IDR,ACTIVE,2025-01-17 01:00:00,2025-08-03 01:00:00
W001994,U001994,67059.43,IDR,ACTIVE,2026-04-10 08:00:00,2026-08-23 00:00:00
W001995,U001995,216846.99,IDR,ACTIVE,2026-07-05 22:00:00,2026-08-23 00:00:00
W001996,U001996,52862.61,IDR,ACTIVE,2025-06-13 03:00:00,2026-07-17 03:00:00
W001997,U001997,37631.56,IDR,ACTIVE,2024-02-09 15:00:00,2024-07-30 15:00:00
W001998,U001998,248674.21,IDR,FROZEN,2024-05-22 03:00:00,2025-06-04 03:00:00
W001999,U001999,193130.05,IDR,ACTIVE,2024-10-12 05:00:00,2025-06-24 05:00:00
W002000,U002000,66670.98,IDR,ACTIVE,2025-09-25 03:00:00,2026-08-23 00:00:00
W002001,U002001,60786.52,IDR,ACTIVE,2026-08-12 09:00:00,2026-08-23 00:00:00
W002002,U002002,83811.29,IDR,ACTIVE,2024-02-14 03:00:00,2024-08-27 03:00:00
W002003,U002003,33097.09,IDR,ACTIVE,2025-08-28 11:00:00,2026-08-23 00:00:00
W002004,U002004,58489.71,IDR,ACTIVE,2025-10-05 00:00:00,2026-08-23 00:00:00
W002005,U002005,31982.66,IDR,CLOSED,2025-08-06 18:00:00,2026-04-18 18:00:00
W002006,U002006,200286.31,IDR,ACTIVE,2024-11-12 10:00:00,2025-05-12 10:00:00
W002007,U002007,26534.11,IDR,ACTIVE,2026-02-23 01:00:00,2026-08-23 00:00:00
W002008,U002008,71715.93,IDR,CLOSED,2025-05-09 12:00:00,2026-01-15 12:00:00
W002009,U002009,75097.52,IDR,ACTIVE,2024-02-16 17:00:00,2024-08-29 17:00:00
W002010,U002010,219238.73,IDR,ACTIVE,2026-05-11 01:00:00,2026-08-23 00:00:00
W002011,U002011,37216.79,IDR,ACTIVE,2026-05-12 23:00:00,2026-08-23 00:00:00
W002012,U002012,30827.64,IDR,ACTIVE,2025-09-23 09:00:00,2026-08-23 00:00:00
W002013,U002013,104154.16,IDR,ACTIVE,2024-11-13 23:00:00,2025-01-22 23:00:00
W002014,U002014,91154.38,IDR,ACTIVE,2024-09-20 08:00:00,2025-10-17 08:00:00
W002015,U002015,385720.82,IDR,ACTIVE,2025-10-20 23:00:00,2026-05-15 23:00:00
W002016,U002016,67823.46,IDR,ACTIVE,2024-01-03 20:00:00,2024-01-12 20:00:00
W002017,U002017,195830.93,IDR,ACTIVE,2025-03-27 17:00:00,2025-04-27 17:00:00
W002018,U002018,173079.99,IDR,ACTIVE,2026-01-21 11:00:00,2026-08-23 00:00:00
W002019,U002019,30688.46,IDR,ACTIVE,2024-11-26 02:00:00,2025-05-13 02:00:00
W002020,U002020,14845.79,IDR,ACTIVE,2024-09-07 07:00:00,2025-04-19 07:00:00
W002021,U002021,43921.32,IDR,ACTIVE,2024-05-21 16:00:00,2025-04-22 16:00:00
W002022,U002022,131285.1,IDR,ACTIVE,2026-02-24 05:00:00,2026-08-23 00:00:00
W002023,U002023,223316.39,IDR,ACTIVE,2025-05-16 08:00:00,2026-08-08 08:00:00
W002024,U002024,3266.06,IDR,ACTIVE,2026-07-22 14:00:00,2026-08-13 14:00:00
W002025,U002025,26377.98,IDR,ACTIVE,2024-01-05 04:00:00,2024-05-14 04:00:00
W002026,U002026,83806.26,IDR,ACTIVE,2024-01-15 13:00:00,2025-01-20 13:00:00
W002027,U002027,108671.14,IDR,ACTIVE,2026-05-15 21:00:00,2026-08-23 00:00:00
W002028,U002028,23153.37,IDR,ACTIVE,2026-04-15 09:00:00,2026-06-30 09:00:00
W002029,U002029,31881.08,IDR,ACTIVE,2024-02-18 14:00:00,2025-07-01 14:00:00
W002030,U002030,12450.61,IDR,ACTIVE,2026-07-24 21:00:00,2026-08-23 00:00:00
W002031,U002031,284122.54,IDR,ACTIVE,2024-01-14 14:00:00,2024-12-13 14:00:00
W002032,U002032,72186.46,IDR,ACTIVE,2024-10-26 01:00:00,2025-06-02 01:00:00
W002033,U002033,31526.51,IDR,ACTIVE,2024-02-02 02:00:00,2025-05-08 02:00:00
W002034,U002034,181802.77,IDR,ACTIVE,2024-10-25 07:00:00,2025-05-31 07:00:00
W002035,U002035,72120.46,IDR,ACTIVE,2026-02-07 18:00:00,2026-08-23 00:00:00
W002036,U002036,218875.14,IDR,ACTIVE,2025-03-12 21:00:00,2026-07-02 21:00:00
W002037,U002037,255742.57,IDR,ACTIVE,2024-10-31 19:00:00,2025-11-18 19:00:00
W002038,U002038,23213.04,IDR,ACTIVE,2025-03-08 14:00:00,2025-09-24 14:00:00
W002039,U002039,194077.14,IDR,ACTIVE,2024-10-29 23:00:00,2024-12-21 23:00:00
W002040,U002040,186235.75,IDR,CLOSED,2026-07-04 01:00:00,2026-08-23 00:00:00
W002041,U002041,92055.14,IDR,ACTIVE,2026-06-05 03:00:00,2026-08-23 00:00:00
W002042,U002042,99561.95,IDR,ACTIVE,2025-03-03 02:00:00,2025-08-15 02:00:00
W002043,U002043,67395.28,IDR,ACTIVE,2026-08-12 00:00:00,2026-08-23 00:00:00
W002044,U002044,19612.76,IDR,ACTIVE,2024-03-22 13:00:00,2024-03-29 13:00:00
W002045,U002045,18307.17,IDR,ACTIVE,2025-03-01 22:00:00,2026-04-30 22:00:00
W002046,U002046,298025.55,IDR,ACTIVE,2025-07-16 11:00:00,2026-08-07 11:00:00
W002047,U002047,72025.01,IDR,ACTIVE,2025-03-07 22:00:00,2026-03-22 22:00:00
W002048,U002048,46727.31,IDR,ACTIVE,2025-11-30 00:00:00,2025-12-02 00:00:00
W002049,U002049,105860.38,IDR,ACTIVE,2024-10-30 15:00:00,2025-08-09 15:00:00
W002050,U002050,30453.18,IDR,ACTIVE,2024-02-10 05:00:00,2024-10-26 05:00:00
W002051,U002051,39346.13,IDR,ACTIVE,2025-01-24 11:00:00,2025-07-28 11:00:00
W002052,U002052,61188.41,IDR,ACTIVE,2025-04-28 13:00:00,2025-06-19 13:00:00
W002053,U002053,34983.7,IDR,ACTIVE,2024-02-15 20:00:00,2024-09-21 20:00:00
W002054,U002054,95656.95,IDR,ACTIVE,2026-07-10 15:00:00,2026-08-23 00:00:00
W002055,U002055,52544.96,IDR,ACTIVE,2025-01-18 13:00:00,2025-08-25 13:00:00
W002056,U002056,94971.37,IDR,ACTIVE,2025-06-14 04:00:00,2026-06-01 04:00:00
W002057,U002057,104338.83,IDR,ACTIVE,2026-03-18 19:00:00,2026-08-23 00:00:00
W002058,U002058,176886.18,IDR,ACTIVE,2026-07-21 05:00:00,2026-08-23 00:00:00
W002059,U002059,44021.02,IDR,ACTIVE,2025-11-24 09:00:00,2026-08-23 00:00:00
W002060,U002060,22748.34,IDR,ACTIVE,2024-04-04 08:00:00,2024-07-18 08:00:00
W002061,U002061,617241.98,IDR,ACTIVE,2025-05-01 20:00:00,2026-02-28 20:00:00
W002062,U002062,218803.18,IDR,ACTIVE,2024-04-06 03:00:00,2024-10-08 03:00:00
W002063,U002063,11651.59,IDR,ACTIVE,2026-08-06 14:00:00,2026-08-23 00:00:00
W002064,U002064,746666.07,IDR,ACTIVE,2024-06-07 23:00:00,2024-12-10 23:00:00
W002065,U002065,33182.75,IDR,ACTIVE,2024-03-24 15:00:00,2024-12-22 15:00:00
W002066,U002066,53077.19,IDR,ACTIVE,2025-09-30 06:00:00,2026-05-04 06:00:00
W002067,U002067,19804.33,IDR,ACTIVE,2025-12-23 08:00:00,2026-08-23 00:00:00
W002068,U002068,66280.81,IDR,ACTIVE,2024-06-08 01:00:00,2025-09-09 01:00:00
W002069,U002069,34742.73,IDR,ACTIVE,2026-03-16 21:00:00,2026-08-23 00:00:00
W002070,U002070,20378.91,IDR,ACTIVE,2024-01-20 05:00:00,2025-01-05 05:00:00
W002071,U002071,16622.44,IDR,ACTIVE,2026-06-09 11:00:00,2026-08-23 00:00:00
W002072,U002072,28316.17,IDR,ACTIVE,2025-10-18 08:00:00,2026-08-23 00:00:00
W002073,U002073,116223.85,IDR,ACTIVE,2025-01-13 22:00:00,2025-09-08 22:00:00
W002074,U002074,808131.34,IDR,ACTIVE,2025-05-01 12:00:00,2026-02-27 12:00:00
W002075,U002075,96528.04,IDR,ACTIVE,2025-07-11 17:00:00,2026-08-23 00:00:00
W002076,U002076,23926.42,IDR,ACTIVE,2026-01-01 00:00:00,2026-02-16 00:00:00
W002077,U002077,42216.86,IDR,ACTIVE,2024-01-13 21:00:00,2025-02-12 21:00:00
W002078,U002078,147717.68,IDR,ACTIVE,2026-02-26 10:00:00,2026-08-23 00:00:00
W002079,U002079,43719.79,IDR,ACTIVE,2024-10-31 04:00:00,2024-12-01 04:00:00
W002080,U002080,225370.33,IDR,ACTIVE,2024-04-18 06:00:00,2024-11-16 06:00:00
W002081,U002081,528247.59,IDR,ACTIVE,2025-12-27 23:00:00,2026-01-03 23:00:00
W002082,U002082,9652.98,IDR,CLOSED,2025-04-12 17:00:00,2025-05-01 17:00:00
W002083,U002083,28602.84,IDR,ACTIVE,2024-06-11 11:00:00,2025-02-17 11:00:00
W002084,U002084,31983.4,IDR,ACTIVE,2024-01-08 01:00:00,2025-02-16 01:00:00
W002085,U002085,266712.92,IDR,ACTIVE,2025-12-25 12:00:00,2026-08-23 00:00:00
W002086,U002086,43016.6,IDR,ACTIVE,2026-01-18 05:00:00,2026-08-23 00:00:00
W002087,U002087,159096.05,IDR,ACTIVE,2025-09-13 23:00:00,2026-08-13 23:00:00
W002088,U002088,71660.53,IDR,ACTIVE,2024-01-17 22:00:00,2024-05-19 22:00:00
W002089,U002089,48550.51,IDR,ACTIVE,2026-05-12 01:00:00,2026-08-23 00:00:00
W002090,U002090,110028.16,IDR,CLOSED,2025-11-16 10:00:00,2026-08-23 00:00:00
W002091,U002091,270905.14,IDR,ACTIVE,2024-02-17 19:00:00,2024-04-11 19:00:00
W002092,U002092,3081.73,IDR,ACTIVE,2024-09-28 03:00:00,2025-04-16 03:00:00
W002093,U002093,188520.66,IDR,ACTIVE,2025-01-18 12:00:00,2026-02-07 12:00:00
W002094,U002094,56113.32,IDR,FROZEN,2024-09-30 13:00:00,2025-09-26 13:00:00
W002095,U002095,73711.94,IDR,ACTIVE,2024-02-03 04:00:00,2024-11-22 04:00:00
W002096,U002096,160483.82,IDR,ACTIVE,2025-06-10 11:00:00,2026-03-14 11:00:00
W002097,U002097,78196.16,IDR,ACTIVE,2025-12-10 23:00:00,2026-03-18 23:00:00
W002098,U002098,320800.26,IDR,ACTIVE,2024-09-24 01:00:00,2024-11-30 01:00:00
W002099,U002099,7157.91,IDR,ACTIVE,2024-07-04 07:00:00,2025-09-18 07:00:00
W002100,U002100,30031.06,IDR,ACTIVE,2024-10-25 16:00:00,2025-07-01 16:00:00
W002101,U002101,100956.52,IDR,ACTIVE,2025-05-08 04:00:00,2026-06-26 04:00:00
W002102,U002102,38231.04,IDR,ACTIVE,2024-03-12 19:00:00,2024-05-26 19:00:00
W002103,U002103,281533.92,IDR,FROZEN,2025-04-01 10:00:00,2026-06-22 10:00:00
W002104,U002104,31938.18,IDR,ACTIVE,2025-01-19 11:00:00,2025-02-11 11:00:00
W002105,U002105,66265.39,IDR,ACTIVE,2024-07-17 00:00:00,2025-01-31 00:00:00
W002106,U002106,28177.87,IDR,ACTIVE,2024-05-08 08:00:00,2024-05-17 08:00:00
W002107,U002107,54306.88,IDR,ACTIVE,2024-04-12 14:00:00,2025-01-23 14:00:00
W002108,U002108,11121.3,IDR,ACTIVE,2025-12-23 06:00:00,2026-08-23 00:00:00
W002109,U002109,15912.22,IDR,ACTIVE,2026-03-29 17:00:00,2026-08-23 00:00:00
W002110,U002110,491435.82,IDR,ACTIVE,2026-01-05 17:00:00,2026-08-23 00:00:00
W002111,U002111,60882.49,IDR,ACTIVE,2024-11-11 20:00:00,2026-02-09 20:00:00
W002112,U002112,41558.9,IDR,ACTIVE,2025-04-21 03:00:00,2026-05-12 03:00:00
W002113,U002113,19847.92,IDR,ACTIVE,2026-05-05 01:00:00,2026-08-23 00:00:00
W002114,U002114,22972.94,IDR,ACTIVE,2025-04-03 13:00:00,2025-10-19 13:00:00
W002115,U002115,421649.25,IDR,ACTIVE,2024-03-05 17:00:00,2024-08-01 17:00:00
W002116,U002116,64727.23,IDR,ACTIVE,2025-12-03 09:00:00,2026-08-23 00:00:00
W002117,U002117,182382.68,IDR,ACTIVE,2025-07-24 22:00:00,2026-08-14 22:00:00
W002118,U002118,3641.08,IDR,ACTIVE,2025-03-02 07:00:00,2026-07-03 07:00:00
W002119,U002119,33801.63,IDR,ACTIVE,2025-11-17 00:00:00,2026-04-07 00:00:00
W002120,U002120,348876.46,IDR,ACTIVE,2025-07-12 01:00:00,2025-11-04 01:00:00
W002121,U002121,36200.8,IDR,ACTIVE,2026-02-20 10:00:00,2026-08-23 00:00:00
W002122,U002122,21728.81,IDR,ACTIVE,2024-12-21 22:00:00,2025-07-21 22:00:00
W002123,U002123,91932.62,IDR,ACTIVE,2025-07-13 22:00:00,2026-04-12 22:00:00
W002124,U002124,13960.03,IDR,ACTIVE,2025-06-04 22:00:00,2026-08-14 22:00:00
W002125,U002125,11370.71,IDR,ACTIVE,2025-03-04 15:00:00,2026-06-01 15:00:00
W002126,U002126,282044.07,IDR,ACTIVE,2025-03-13 12:00:00,2025-08-01 12:00:00
W002127,U002127,28038.53,IDR,ACTIVE,2025-09-24 21:00:00,2026-01-27 21:00:00
W002128,U002128,111566.84,IDR,ACTIVE,2024-08-20 11:00:00,2025-07-05 11:00:00
W002129,U002129,443264.73,IDR,ACTIVE,2024-12-18 09:00:00,2025-05-11 09:00:00
W002130,U002130,62571.47,IDR,ACTIVE,2026-03-13 19:00:00,2026-08-23 00:00:00
W002131,U002131,107529.61,IDR,ACTIVE,2024-05-13 20:00:00,2025-07-12 20:00:00
W002132,U002132,11256.13,IDR,ACTIVE,2024-11-22 23:00:00,2025-09-01 23:00:00
W002133,U002133,25683.44,IDR,ACTIVE,2024-02-16 01:00:00,2024-06-29 01:00:00
W002134,U002134,342526.12,IDR,ACTIVE,2024-07-19 00:00:00,2024-09-21 00:00:00
W002135,U002135,41809.06,IDR,ACTIVE,2025-07-05 20:00:00,2026-04-02 20:00:00
W002136,U002136,16310.26,IDR,ACTIVE,2025-10-25 00:00:00,2026-01-14 00:00:00
W002137,U002137,101650.93,IDR,ACTIVE,2026-07-01 13:00:00,2026-08-23 00:00:00
W002138,U002138,232374.77,IDR,ACTIVE,2024-08-05 03:00:00,2024-11-09 03:00:00
W002139,U002139,36309.96,IDR,ACTIVE,2024-11-13 21:00:00,2026-03-11 21:00:00
W002140,U002140,101928.05,IDR,ACTIVE,2026-04-10 10:00:00,2026-08-23 00:00:00
W002141,U002141,152722.85,IDR,ACTIVE,2024-06-19 01:00:00,2025-09-21 01:00:00
W002142,U002142,49384.58,IDR,ACTIVE,2024-05-24 19:00:00,2025-02-27 19:00:00
W002143,U002143,42617.33,IDR,ACTIVE,2024-10-03 15:00:00,2025-03-20 15:00:00
W002144,U002144,422077.64,IDR,ACTIVE,2024-11-06 15:00:00,2025-02-21 15:00:00
W002145,U002145,17579.09,IDR,ACTIVE,2024-11-17 16:00:00,2025-12-18 16:00:00
W002146,U002146,68514.55,IDR,ACTIVE,2024-04-18 17:00:00,2024-09-09 17:00:00
W002147,U002147,53711.55,IDR,ACTIVE,2026-03-16 15:00:00,2026-08-20 15:00:00
W002148,U002148,53312.66,IDR,ACTIVE,2025-09-30 12:00:00,2025-12-20 12:00:00
W002149,U002149,143353.1,IDR,ACTIVE,2024-07-21 05:00:00,2025-04-03 05:00:00
W002150,U002150,110082.4,IDR,ACTIVE,2024-04-17 00:00:00,2024-11-30 00:00:00
W002151,U002151,80805.06,IDR,ACTIVE,2025-04-26 11:00:00,2025-10-04 11:00:00
W002152,U002152,11434.16,IDR,ACTIVE,2026-06-12 05:00:00,2026-06-18 05:00:00
W002153,U002153,23712.58,IDR,ACTIVE,2024-11-12 22:00:00,2025-01-22 22:00:00
W002154,U002154,46083.92,IDR,ACTIVE,2024-11-11 11:00:00,2024-12-18 11:00:00
W002155,U002155,65842.97,IDR,ACTIVE,2025-09-13 11:00:00,2026-08-23 00:00:00
W002156,U002156,337165.57,IDR,ACTIVE,2026-06-13 03:00:00,2026-08-23 00:00:00
W002157,U002157,64100.46,IDR,ACTIVE,2025-03-24 05:00:00,2025-07-31 05:00:00
W002158,U002158,135671.54,IDR,ACTIVE,2025-04-08 02:00:00,2025-05-25 02:00:00
W002159,U002159,55823.69,IDR,ACTIVE,2025-01-23 17:00:00,2025-10-11 17:00:00
W002160,U002160,123675.79,IDR,ACTIVE,2024-10-12 21:00:00,2025-11-05 21:00:00
W002161,U002161,60315.88,IDR,ACTIVE,2025-01-08 00:00:00,2026-01-11 00:00:00
W002162,U002162,20275.32,IDR,ACTIVE,2025-03-30 03:00:00,2025-07-14 03:00:00
W002163,U002163,106837.21,IDR,ACTIVE,2026-02-07 23:00:00,2026-08-23 00:00:00
W002164,U002164,95520.0,IDR,ACTIVE,2026-02-22 16:00:00,2026-08-23 00:00:00
W002165,U002165,14312.46,IDR,ACTIVE,2024-09-14 02:00:00,2025-06-03 02:00:00
W002166,U002166,55824.62,IDR,ACTIVE,2024-03-10 11:00:00,2025-03-28 11:00:00
W002167,U002167,55279.14,IDR,ACTIVE,2025-12-18 09:00:00,2026-02-08 09:00:00
W002168,U002168,32480.49,IDR,ACTIVE,2024-10-28 00:00:00,2026-03-07 00:00:00
W002169,U002169,19218.43,IDR,ACTIVE,2025-01-26 00:00:00,2025-10-05 00:00:00
W002170,U002170,75481.89,IDR,ACTIVE,2025-12-23 20:00:00,2026-08-23 00:00:00
W002171,U002171,297707.3,IDR,ACTIVE,2024-05-08 08:00:00,2025-05-19 08:00:00
W002172,U002172,118111.15,IDR,ACTIVE,2026-01-02 02:00:00,2026-06-20 02:00:00
W002173,U002173,12695.13,IDR,ACTIVE,2024-09-23 18:00:00,2025-07-29 18:00:00
W002174,U002174,269735.2,IDR,ACTIVE,2024-06-05 06:00:00,2025-07-20 06:00:00
W002175,U002175,224790.95,IDR,ACTIVE,2026-04-10 15:00:00,2026-08-23 00:00:00
W002176,U002176,34486.56,IDR,ACTIVE,2024-05-02 19:00:00,2024-07-15 19:00:00
W002177,U002177,337493.28,IDR,CLOSED,2024-08-27 17:00:00,2025-06-15 17:00:00
W002178,U002178,13479.43,IDR,ACTIVE,2024-12-04 08:00:00,2025-07-21 08:00:00
W002179,U002179,35847.38,IDR,ACTIVE,2024-12-01 16:00:00,2025-07-27 16:00:00
W002180,U002180,38425.57,IDR,ACTIVE,2025-11-22 06:00:00,2025-12-13 06:00:00
W002181,U002181,14442.66,IDR,ACTIVE,2024-03-18 04:00:00,2025-02-26 04:00:00
W002182,U002182,74238.04,IDR,ACTIVE,2025-01-23 05:00:00,2026-04-03 05:00:00
W002183,U002183,26642.54,IDR,CLOSED,2024-01-25 19:00:00,2024-02-18 19:00:00
W002184,U002184,17133.18,IDR,ACTIVE,2025-06-08 01:00:00,2025-12-12 01:00:00
W002185,U002185,45062.79,IDR,ACTIVE,2024-12-09 06:00:00,2025-07-07 06:00:00
W002186,U002186,287159.05,IDR,ACTIVE,2024-03-09 14:00:00,2024-04-19 14:00:00
W002187,U002187,145780.44,IDR,ACTIVE,2024-10-21 09:00:00,2025-12-19 09:00:00
W002188,U002188,91196.02,IDR,ACTIVE,2025-09-05 06:00:00,2026-05-07 06:00:00
W002189,U002189,34677.07,IDR,ACTIVE,2024-12-27 19:00:00,2026-03-04 19:00:00
W002190,U002190,14552.78,IDR,ACTIVE,2025-05-18 19:00:00,2025-07-01 19:00:00
W002191,U002191,19570.29,IDR,ACTIVE,2025-05-06 20:00:00,2025-10-13 20:00:00
W002192,U002192,136205.69,IDR,ACTIVE,2025-12-15 02:00:00,2026-08-23 00:00:00
W002193,U002193,26423.2,IDR,ACTIVE,2025-07-27 13:00:00,2026-02-11 13:00:00
W002194,U002194,67712.0,IDR,ACTIVE,2025-10-02 09:00:00,2026-08-23 00:00:00
W002195,U002195,92335.51,IDR,ACTIVE,2026-04-12 13:00:00,2026-08-23 00:00:00
W002196,U002196,12043.38,IDR,ACTIVE,2024-05-27 13:00:00,2024-11-22 13:00:00
W002197,U002197,58553.23,IDR,ACTIVE,2024-07-27 22:00:00,2024-11-03 22:00:00
W002198,U002198,84419.57,IDR,ACTIVE,2026-01-18 21:00:00,2026-06-23 21:00:00
W002199,U002199,390516.46,IDR,ACTIVE,2026-08-05 10:00:00,2026-08-23 00:00:00
W002200,U002200,66470.53,IDR,ACTIVE,2024-12-29 08:00:00,2025-07-07 08:00:00
W002201,U002201,129047.74,IDR,ACTIVE,2026-08-16 17:00:00,2026-08-23 00:00:00
W002202,U002202,35369.64,IDR,ACTIVE,2025-10-27 11:00:00,2025-11-12 11:00:00
W002203,U002203,168210.97,IDR,ACTIVE,2024-05-05 18:00:00,2024-10-15 18:00:00
W002204,U002204,16155.62,IDR,ACTIVE,2026-02-13 09:00:00,2026-08-23 00:00:00
W002205,U002205,95657.68,IDR,ACTIVE,2025-08-08 07:00:00,2026-08-23 00:00:00
W002206,U002206,69721.87,IDR,ACTIVE,2025-11-22 03:00:00,2026-08-22 03:00:00
W002207,U002207,205295.2,IDR,ACTIVE,2025-05-09 19:00:00,2026-02-14 19:00:00
W002208,U002208,92723.08,IDR,ACTIVE,2025-10-08 15:00:00,2026-08-23 00:00:00
W002209,U002209,47225.43,IDR,ACTIVE,2025-06-17 07:00:00,2025-10-17 07:00:00
W002210,U002210,167369.46,IDR,ACTIVE,2024-03-27 01:00:00,2024-05-31 01:00:00
W002211,U002211,91250.18,IDR,ACTIVE,2025-08-15 00:00:00,2026-01-05 00:00:00
W002212,U002212,21692.19,IDR,ACTIVE,2025-11-18 06:00:00,2026-03-21 06:00:00
W002213,U002213,50371.79,IDR,ACTIVE,2026-02-02 22:00:00,2026-08-23 00:00:00
W002214,U002214,19359.44,IDR,ACTIVE,2024-11-15 20:00:00,2025-12-08 20:00:00
W002215,U002215,83859.94,IDR,ACTIVE,2026-07-09 03:00:00,2026-08-23 00:00:00
W002216,U002216,94115.16,IDR,ACTIVE,2024-05-03 12:00:00,2024-05-05 12:00:00
W002217,U002217,319859.24,IDR,ACTIVE,2024-11-02 10:00:00,2024-11-15 10:00:00
W002218,U002218,49316.07,IDR,ACTIVE,2026-08-01 23:00:00,2026-08-23 00:00:00
W002219,U002219,41922.29,IDR,ACTIVE,2026-06-16 04:00:00,2026-08-23 00:00:00
W002220,U002220,13027.46,IDR,ACTIVE,2026-01-17 08:00:00,2026-01-19 08:00:00
W002221,U002221,49276.88,IDR,ACTIVE,2025-08-09 09:00:00,2025-12-12 09:00:00
W002222,U002222,44120.99,IDR,ACTIVE,2025-10-20 13:00:00,2026-08-23 00:00:00
W002223,U002223,65078.23,IDR,ACTIVE,2026-01-19 13:00:00,2026-08-23 00:00:00
W002224,U002224,42899.69,IDR,FROZEN,2025-04-12 14:00:00,2025-05-02 14:00:00
W002225,U002225,42980.45,IDR,ACTIVE,2025-08-15 20:00:00,2025-11-01 20:00:00
W002226,U002226,64884.39,IDR,ACTIVE,2025-03-16 01:00:00,2026-03-28 01:00:00
W002227,U002227,53069.46,IDR,ACTIVE,2025-06-01 14:00:00,2025-11-09 14:00:00
W002228,U002228,42197.43,IDR,ACTIVE,2024-10-22 23:00:00,2025-07-08 23:00:00
W002229,U002229,41776.49,IDR,ACTIVE,2025-08-06 13:00:00,2026-08-23 00:00:00
W002230,U002230,456415.43,IDR,ACTIVE,2025-09-06 06:00:00,2026-04-05 06:00:00
W002231,U002231,40640.13,IDR,ACTIVE,2025-04-25 00:00:00,2025-10-24 00:00:00
W002232,U002232,46762.1,IDR,ACTIVE,2024-03-01 15:00:00,2024-06-08 15:00:00
W002233,U002233,10827.29,IDR,ACTIVE,2024-09-11 01:00:00,2025-11-16 01:00:00
W002234,U002234,168918.47,IDR,ACTIVE,2026-01-31 16:00:00,2026-08-23 00:00:00
W002235,U002235,6191.44,IDR,ACTIVE,2025-10-20 06:00:00,2026-01-25 06:00:00
W002236,U002236,22537.32,IDR,ACTIVE,2026-01-12 18:00:00,2026-08-23 00:00:00
W002237,U002237,103079.62,IDR,ACTIVE,2024-08-17 02:00:00,2025-06-24 02:00:00
W002238,U002238,9822.3,IDR,ACTIVE,2025-01-21 17:00:00,2025-04-17 17:00:00
W002239,U002239,30041.78,IDR,ACTIVE,2024-07-01 14:00:00,2025-03-13 14:00:00
W002240,U002240,56771.38,IDR,ACTIVE,2025-09-09 20:00:00,2026-08-23 00:00:00
W002241,U002241,52313.5,IDR,ACTIVE,2025-10-20 11:00:00,2025-12-09 11:00:00
W002242,U002242,29212.76,IDR,ACTIVE,2026-02-18 22:00:00,2026-08-23 00:00:00
W002243,U002243,129816.5,IDR,ACTIVE,2025-06-19 04:00:00,2025-08-11 04:00:00
W002244,U002244,138834.98,IDR,ACTIVE,2024-11-21 18:00:00,2025-08-07 18:00:00
W002245,U002245,106338.89,IDR,ACTIVE,2026-02-04 20:00:00,2026-08-23 00:00:00
W002246,U002246,36411.16,IDR,ACTIVE,2025-10-13 13:00:00,2026-08-23 00:00:00
W002247,U002247,68455.69,IDR,ACTIVE,2025-10-31 12:00:00,2026-06-23 12:00:00
W002248,U002248,32477.63,IDR,ACTIVE,2024-10-18 21:00:00,2025-01-15 21:00:00
W002249,U002249,686852.24,IDR,ACTIVE,2026-01-27 20:00:00,2026-08-23 00:00:00
W002250,U002250,80922.12,IDR,ACTIVE,2026-05-30 13:00:00,2026-08-23 00:00:00
W002251,U002251,36615.74,IDR,ACTIVE,2024-11-10 12:00:00,2024-11-15 12:00:00
W002252,U002252,528233.37,IDR,ACTIVE,2024-10-25 12:00:00,2025-11-25 12:00:00
W002253,U002253,41112.68,IDR,ACTIVE,2024-06-19 16:00:00,2025-06-02 16:00:00
W002254,U002254,77744.61,IDR,ACTIVE,2024-05-15 02:00:00,2025-08-06 02:00:00
W002255,U002255,132156.92,IDR,ACTIVE,2024-04-09 15:00:00,2025-02-04 15:00:00
W002256,U002256,33795.98,IDR,CLOSED,2024-12-30 09:00:00,2026-01-06 09:00:00
W002257,U002257,31536.1,IDR,ACTIVE,2024-01-15 11:00:00,2024-04-11 11:00:00
W002258,U002258,314540.99,IDR,CLOSED,2026-06-25 21:00:00,2026-08-23 00:00:00
W002259,U002259,160266.43,IDR,ACTIVE,2026-03-23 10:00:00,2026-08-23 00:00:00
W002260,U002260,132015.2,IDR,ACTIVE,2026-07-25 13:00:00,2026-08-23 00:00:00
W002261,U002261,131567.63,IDR,FROZEN,2026-07-27 21:00:00,2026-08-23 00:00:00
W002262,U002262,94804.82,IDR,ACTIVE,2025-06-18 04:00:00,2025-09-06 04:00:00
W002263,U002263,450347.96,IDR,ACTIVE,2025-07-17 09:00:00,2025-09-06 09:00:00
W002264,U002264,62561.68,IDR,ACTIVE,2026-08-08 19:00:00,2026-08-23 00:00:00
W002265,U002265,26239.98,IDR,ACTIVE,2025-09-17 19:00:00,2026-05-01 19:00:00
W002266,U002266,18018.98,IDR,ACTIVE,2024-07-09 06:00:00,2024-09-10 06:00:00
W002267,U002267,40042.23,IDR,ACTIVE,2025-12-03 17:00:00,2026-01-03 17:00:00
W002268,U002268,2999.78,IDR,ACTIVE,2024-01-28 06:00:00,2024-06-11 06:00:00
W002269,U002269,239155.94,IDR,ACTIVE,2025-05-22 23:00:00,2025-05-24 23:00:00
W002270,U002270,89021.03,IDR,ACTIVE,2026-08-02 17:00:00,2026-08-23 00:00:00
W002271,U002271,26026.19,IDR,FROZEN,2024-05-07 23:00:00,2024-09-16 23:00:00
W002272,U002272,173852.71,IDR,ACTIVE,2024-06-06 16:00:00,2025-01-25 16:00:00
W002273,U002273,17985.63,IDR,ACTIVE,2026-08-03 18:00:00,2026-08-23 00:00:00
W002274,U002274,22247.53,IDR,ACTIVE,2026-02-13 17:00:00,2026-06-19 17:00:00
W002275,U002275,64723.89,IDR,ACTIVE,2026-05-02 08:00:00,2026-08-23 00:00:00
W002276,U002276,280433.71,IDR,ACTIVE,2024-06-29 17:00:00,2025-01-08 17:00:00
W002277,U002277,87996.75,IDR,ACTIVE,2024-11-26 14:00:00,2026-03-09 14:00:00
W002278,U002278,3993.54,IDR,ACTIVE,2025-11-08 20:00:00,2026-01-16 20:00:00
W002279,U002279,22788.91,IDR,ACTIVE,2025-08-19 01:00:00,2025-11-20 01:00:00
W002280,U002280,26577.77,IDR,ACTIVE,2025-02-04 06:00:00,2025-03-11 06:00:00
W002281,U002281,73385.53,IDR,ACTIVE,2024-07-31 16:00:00,2025-07-18 16:00:00
W002282,U002282,14606.15,IDR,ACTIVE,2024-12-13 13:00:00,2025-12-08 13:00:00
W002283,U002283,15845.5,IDR,ACTIVE,2025-08-09 23:00:00,2026-08-16 23:00:00
W002284,U002284,45048.26,IDR,ACTIVE,2025-11-10 09:00:00,2025-12-08 09:00:00
W002285,U002285,113859.12,IDR,ACTIVE,2025-02-07 20:00:00,2025-12-14 20:00:00
W002286,U002286,123086.08,IDR,ACTIVE,2024-06-24 15:00:00,2025-05-15 15:00:00
W002287,U002287,64690.12,IDR,ACTIVE,2024-10-21 09:00:00,2025-02-11 09:00:00
W002288,U002288,145693.94,IDR,ACTIVE,2025-08-15 00:00:00,2026-05-13 00:00:00
W002289,U002289,763794.87,IDR,ACTIVE,2026-07-06 23:00:00,2026-08-23 00:00:00
W002290,U002290,331805.65,IDR,ACTIVE,2025-10-20 22:00:00,2026-02-05 22:00:00
W002291,U002291,35506.78,IDR,ACTIVE,2026-07-24 16:00:00,2026-08-23 00:00:00
W002292,U002292,14029.2,IDR,ACTIVE,2025-09-08 10:00:00,2026-08-23 00:00:00
W002293,U002293,39888.71,IDR,ACTIVE,2025-05-05 14:00:00,2025-06-28 14:00:00
W002294,U002294,23225.76,IDR,ACTIVE,2026-02-15 13:00:00,2026-08-23 00:00:00
W002295,U002295,94027.97,IDR,ACTIVE,2026-07-25 16:00:00,2026-08-23 00:00:00
W002296,U002296,18376.11,IDR,ACTIVE,2026-07-19 09:00:00,2026-08-23 00:00:00
W002297,U002297,54138.68,IDR,ACTIVE,2024-07-10 10:00:00,2025-08-16 10:00:00
W002298,U002298,23241.3,IDR,ACTIVE,2026-02-08 15:00:00,2026-08-23 00:00:00
W002299,U002299,43139.96,IDR,CLOSED,2025-06-03 03:00:00,2025-10-01 03:00:00
W002300,U002300,57431.03,IDR,ACTIVE,2024-03-24 23:00:00,2024-11-04 23:00:00
W002301,U002301,110242.73,IDR,ACTIVE,2025-08-31 22:00:00,2025-10-09 22:00:00
W002302,U002302,57791.24,IDR,ACTIVE,2025-06-09 05:00:00,2026-08-23 00:00:00
W002303,U002303,32483.39,IDR,ACTIVE,2026-03-30 15:00:00,2026-08-23 00:00:00
W002304,U002304,131602.77,IDR,ACTIVE,2024-10-31 12:00:00,2025-01-09 12:00:00
W002305,U002305,61022.57,IDR,ACTIVE,2024-07-23 15:00:00,2025-05-23 15:00:00
W002306,U002306,35551.77,IDR,ACTIVE,2026-06-17 08:00:00,2026-08-23 00:00:00
W002307,U002307,113344.15,IDR,ACTIVE,2025-03-30 08:00:00,2025-08-03 08:00:00
W002308,U002308,74067.06,IDR,ACTIVE,2024-12-04 03:00:00,2025-08-15 03:00:00
W002309,U002309,103423.73,IDR,ACTIVE,2026-06-15 05:00:00,2026-08-23 00:00:00
W002310,U002310,190521.36,IDR,ACTIVE,2025-10-25 23:00:00,2026-08-23 00:00:00
W002311,U002311,19387.99,IDR,ACTIVE,2026-01-06 11:00:00,2026-08-23 00:00:00
W002312,U002312,692862.6,IDR,ACTIVE,2025-06-11 15:00:00,2026-01-06 15:00:00
W002313,U002313,92160.22,IDR,ACTIVE,2025-09-20 04:00:00,2025-10-06 04:00:00
W002314,U002314,18506.14,IDR,ACTIVE,2025-01-11 09:00:00,2026-03-09 09:00:00
W002315,U002315,220925.92,IDR,ACTIVE,2026-07-15 14:00:00,2026-08-23 00:00:00
W002316,U002316,29339.47,IDR,ACTIVE,2024-05-20 22:00:00,2025-08-31 22:00:00
W002317,U002317,339341.68,IDR,ACTIVE,2025-03-04 08:00:00,2026-06-06 08:00:00
W002318,U002318,20527.73,IDR,FROZEN,2024-07-05 03:00:00,2024-12-22 03:00:00
W002319,U002319,54284.77,IDR,ACTIVE,2026-01-30 14:00:00,2026-06-29 14:00:00
W002320,U002320,134572.99,IDR,ACTIVE,2026-06-10 12:00:00,2026-08-20 12:00:00
W002321,U002321,115275.25,IDR,ACTIVE,2026-07-10 19:00:00,2026-08-23 00:00:00
W002322,U002322,83190.76,IDR,CLOSED,2025-11-06 15:00:00,2026-07-25 15:00:00
W002323,U002323,165633.27,IDR,ACTIVE,2024-04-10 10:00:00,2025-06-15 10:00:00
W002324,U002324,37687.49,IDR,ACTIVE,2024-02-01 10:00:00,2024-12-20 10:00:00
W002325,U002325,176758.03,IDR,ACTIVE,2026-03-17 10:00:00,2026-08-23 00:00:00
W002326,U002326,30941.45,IDR,ACTIVE,2024-07-02 21:00:00,2025-09-12 21:00:00
W002327,U002327,15201.63,IDR,CLOSED,2025-11-26 04:00:00,2026-04-09 04:00:00
W002328,U002328,295055.93,IDR,ACTIVE,2024-03-02 17:00:00,2025-04-09 17:00:00
W002329,U002329,33624.01,IDR,ACTIVE,2025-02-03 12:00:00,2025-09-23 12:00:00
W002330,U002330,15884.87,IDR,ACTIVE,2026-02-25 19:00:00,2026-05-27 19:00:00
W002331,U002331,117410.17,IDR,ACTIVE,2024-09-25 19:00:00,2024-10-23 19:00:00
W002332,U002332,70388.95,IDR,ACTIVE,2024-03-13 05:00:00,2024-05-21 05:00:00
W002333,U002333,84687.56,IDR,ACTIVE,2025-11-24 13:00:00,2026-07-23 13:00:00
W002334,U002334,42743.55,IDR,ACTIVE,2026-04-18 08:00:00,2026-05-10 08:00:00
W002335,U002335,98346.14,IDR,ACTIVE,2024-03-11 21:00:00,2024-03-23 21:00:00
W002336,U002336,263770.02,IDR,ACTIVE,2024-08-08 10:00:00,2025-09-08 10:00:00
W002337,U002337,80339.48,IDR,ACTIVE,2026-07-25 03:00:00,2026-08-23 00:00:00
W002338,U002338,13317.64,IDR,ACTIVE,2025-07-13 05:00:00,2026-02-22 05:00:00
W002339,U002339,59222.74,IDR,ACTIVE,2025-10-19 07:00:00,2026-07-31 07:00:00
W002340,U002340,92952.41,IDR,ACTIVE,2025-02-09 21:00:00,2025-11-11 21:00:00
W002341,U002341,320111.11,IDR,ACTIVE,2025-12-11 06:00:00,2026-04-11 06:00:00
W002342,U002342,123752.14,IDR,ACTIVE,2024-11-14 04:00:00,2025-12-30 04:00:00
W002343,U002343,26709.76,IDR,ACTIVE,2024-10-26 17:00:00,2025-10-02 17:00:00
W002344,U002344,56507.79,IDR,ACTIVE,2026-03-07 16:00:00,2026-08-23 00:00:00
W002345,U002345,131978.07,IDR,ACTIVE,2024-08-26 04:00:00,2025-02-25 04:00:00
W002346,U002346,100761.59,IDR,ACTIVE,2024-02-12 08:00:00,2024-09-15 08:00:00
W002347,U002347,107811.32,IDR,ACTIVE,2024-07-14 16:00:00,2025-07-27 16:00:00
W002348,U002348,16144.81,IDR,ACTIVE,2025-09-24 05:00:00,2026-07-09 05:00:00
W002349,U002349,116045.38,IDR,ACTIVE,2025-07-18 13:00:00,2025-08-31 13:00:00
W002350,U002350,75221.12,IDR,ACTIVE,2024-08-15 07:00:00,2025-02-15 07:00:00
W002351,U002351,121675.68,IDR,ACTIVE,2024-06-02 11:00:00,2025-02-11 11:00:00
W002352,U002352,70419.34,IDR,ACTIVE,2024-06-13 20:00:00,2025-03-23 20:00:00
W002353,U002353,51540.44,IDR,ACTIVE,2025-04-21 17:00:00,2026-08-01 17:00:00
W002354,U002354,182096.57,IDR,ACTIVE,2026-04-02 06:00:00,2026-08-23 00:00:00
W002355,U002355,95198.84,IDR,ACTIVE,2025-08-30 02:00:00,2026-08-23 00:00:00
W002356,U002356,18629.45,IDR,ACTIVE,2026-05-07 18:00:00,2026-07-28 18:00:00
W002357,U002357,66918.0,IDR,ACTIVE,2026-07-10 04:00:00,2026-08-23 00:00:00
W002358,U002358,43160.22,IDR,ACTIVE,2026-03-08 20:00:00,2026-08-23 00:00:00
W002359,U002359,37942.67,IDR,ACTIVE,2024-08-09 20:00:00,2025-03-01 20:00:00
W002360,U002360,98970.27,IDR,ACTIVE,2025-07-29 01:00:00,2026-08-06 01:00:00
W002361,U002361,70947.34,IDR,ACTIVE,2024-10-11 04:00:00,2025-12-05 04:00:00
W002362,U002362,96951.66,IDR,ACTIVE,2026-03-20 13:00:00,2026-08-23 00:00:00
W002363,U002363,154121.62,IDR,ACTIVE,2024-05-16 12:00:00,2025-04-06 12:00:00
W002364,U002364,55304.17,IDR,ACTIVE,2025-04-30 18:00:00,2026-06-13 18:00:00
W002365,U002365,147079.24,IDR,ACTIVE,2024-04-30 02:00:00,2024-09-22 02:00:00
W002366,U002366,32603.99,IDR,ACTIVE,2024-09-15 01:00:00,2025-07-02 01:00:00
W002367,U002367,193487.41,IDR,ACTIVE,2025-03-20 00:00:00,2025-04-13 00:00:00
W002368,U002368,35462.84,IDR,ACTIVE,2026-03-03 03:00:00,2026-08-23 00:00:00
W002369,U002369,21100.92,IDR,ACTIVE,2026-03-12 11:00:00,2026-08-23 00:00:00
W002370,U002370,86599.74,IDR,ACTIVE,2026-08-17 18:00:00,2026-08-23 00:00:00
W002371,U002371,57362.37,IDR,ACTIVE,2026-04-11 09:00:00,2026-08-23 00:00:00
W002372,U002372,64490.53,IDR,ACTIVE,2026-04-01 23:00:00,2026-08-06 23:00:00
W002373,U002373,18842.55,IDR,ACTIVE,2024-09-18 01:00:00,2024-11-06 01:00:00
W002374,U002374,19756.45,IDR,ACTIVE,2025-07-25 16:00:00,2026-08-23 00:00:00
W002375,U002375,42083.33,IDR,ACTIVE,2025-07-03 12:00:00,2025-09-07 12:00:00
W002376,U002376,120689.01,IDR,ACTIVE,2026-02-10 23:00:00,2026-08-23 00:00:00
W002377,U002377,43861.48,IDR,ACTIVE,2024-06-25 23:00:00,2024-11-24 23:00:00
W002378,U002378,20109.61,IDR,ACTIVE,2024-07-04 22:00:00,2024-09-22 22:00:00
W002379,U002379,194480.54,IDR,ACTIVE,2025-04-01 20:00:00,2025-09-09 20:00:00
W002380,U002380,19454.51,IDR,ACTIVE,2026-06-02 22:00:00,2026-08-07 22:00:00
W002381,U002381,66574.21,IDR,ACTIVE,2026-03-12 21:00:00,2026-08-23 00:00:00
W002382,U002382,121514.83,IDR,ACTIVE,2024-01-12 18:00:00,2024-09-27 18:00:00
W002383,U002383,39533.7,IDR,ACTIVE,2025-04-09 21:00:00,2026-07-29 21:00:00
W002384,U002384,121194.1,IDR,FROZEN,2025-06-27 01:00:00,2026-03-09 01:00:00
W002385,U002385,284460.58,IDR,ACTIVE,2024-01-14 05:00:00,2024-03-09 05:00:00
W002386,U002386,116111.49,IDR,ACTIVE,2024-11-03 12:00:00,2025-05-13 12:00:00
W002387,U002387,55497.94,IDR,ACTIVE,2024-08-27 18:00:00,2025-11-23 18:00:00
W002388,U002388,64881.61,IDR,ACTIVE,2024-01-11 01:00:00,2025-01-28 01:00:00
W002389,U002389,7817.32,IDR,ACTIVE,2026-01-02 01:00:00,2026-08-23 00:00:00
W002390,U002390,34794.03,IDR,ACTIVE,2025-07-22 21:00:00,2026-06-28 21:00:00
W002391,U002391,8206.57,IDR,ACTIVE,2025-11-13 02:00:00,2026-08-23 00:00:00
W002392,U002392,25044.5,IDR,ACTIVE,2025-07-03 15:00:00,2025-08-19 15:00:00
W002393,U002393,59906.44,IDR,ACTIVE,2025-07-12 21:00:00,2026-08-23 00:00:00
W002394,U002394,81061.41,IDR,ACTIVE,2024-10-22 00:00:00,2025-09-14 00:00:00
W002395,U002395,100059.61,IDR,ACTIVE,2025-09-04 11:00:00,2025-09-21 11:00:00
W002396,U002396,409308.55,IDR,ACTIVE,2026-01-14 13:00:00,2026-06-01 13:00:00
W002397,U002397,14356.14,IDR,ACTIVE,2025-10-16 04:00:00,2026-06-07 04:00:00
W002398,U002398,24147.43,IDR,ACTIVE,2026-02-19 08:00:00,2026-06-24 08:00:00
W002399,U002399,77719.87,IDR,ACTIVE,2024-06-20 18:00:00,2025-05-16 18:00:00
W002400,U002400,133237.33,IDR,ACTIVE,2024-07-15 21:00:00,2025-02-11 21:00:00
W002401,U002401,30993.3,IDR,ACTIVE,2024-01-23 04:00:00,2025-05-06 04:00:00
W002402,U002402,71248.11,IDR,ACTIVE,2025-10-30 21:00:00,2026-08-23 00:00:00
W002403,U002403,83354.97,IDR,FROZEN,2026-01-16 01:00:00,2026-08-23 00:00:00
W002404,U002404,320867.58,IDR,ACTIVE,2024-05-09 06:00:00,2024-10-01 06:00:00
W002405,U002405,16159.57,IDR,ACTIVE,2024-08-25 15:00:00,2025-08-04 15:00:00
W002406,U002406,96907.06,IDR,ACTIVE,2024-06-28 02:00:00,2024-08-08 02:00:00
W002407,U002407,137715.53,IDR,ACTIVE,2025-10-29 00:00:00,2026-01-17 00:00:00
W002408,U002408,107763.57,IDR,ACTIVE,2026-02-21 11:00:00,2026-08-23 00:00:00
W002409,U002409,219330.39,IDR,ACTIVE,2026-07-09 11:00:00,2026-08-23 00:00:00
W002410,U002410,20181.5,IDR,ACTIVE,2024-07-26 17:00:00,2025-04-27 17:00:00
W002411,U002411,6896.97,IDR,ACTIVE,2024-10-27 15:00:00,2025-04-20 15:00:00
W002412,U002412,204975.51,IDR,ACTIVE,2024-01-29 19:00:00,2024-12-21 19:00:00
W002413,U002413,41325.27,IDR,ACTIVE,2024-03-22 15:00:00,2025-07-07 15:00:00
W002414,U002414,55695.38,IDR,ACTIVE,2025-04-22 18:00:00,2026-08-12 18:00:00
W002415,U002415,63071.27,IDR,ACTIVE,2025-06-08 05:00:00,2025-07-08 05:00:00
W002416,U002416,67993.94,IDR,ACTIVE,2026-03-04 23:00:00,2026-04-08 23:00:00
W002417,U002417,153766.93,IDR,ACTIVE,2025-02-24 11:00:00,2026-05-21 11:00:00
W002418,U002418,93521.61,IDR,ACTIVE,2025-10-12 05:00:00,2026-08-23 00:00:00
W002419,U002419,15394.15,IDR,ACTIVE,2024-10-11 23:00:00,2025-11-16 23:00:00
W002420,U002420,54602.46,IDR,ACTIVE,2025-05-14 07:00:00,2025-06-08 07:00:00
W002421,U002421,81597.64,IDR,ACTIVE,2025-03-11 12:00:00,2026-06-26 12:00:00
W002422,U002422,103088.14,IDR,ACTIVE,2025-01-27 23:00:00,2025-05-25 23:00:00
W002423,U002423,51200.07,IDR,ACTIVE,2025-06-03 21:00:00,2025-10-07 21:00:00
W002424,U002424,34484.39,IDR,ACTIVE,2024-01-24 04:00:00,2024-11-27 04:00:00
W002425,U002425,163559.2,IDR,ACTIVE,2025-07-16 14:00:00,2026-07-11 14:00:00
W002426,U002426,40424.81,IDR,ACTIVE,2025-03-05 09:00:00,2026-01-28 09:00:00
W002427,U002427,114587.43,IDR,ACTIVE,2024-07-22 07:00:00,2024-11-15 07:00:00
W002428,U002428,150318.19,IDR,ACTIVE,2026-07-02 04:00:00,2026-08-23 00:00:00
W002429,U002429,76919.46,IDR,ACTIVE,2025-11-25 09:00:00,2026-05-20 09:00:00
W002430,U002430,30850.49,IDR,ACTIVE,2026-05-01 14:00:00,2026-08-23 00:00:00
W002431,U002431,94171.64,IDR,ACTIVE,2026-01-07 15:00:00,2026-08-23 00:00:00
W002432,U002432,45880.11,IDR,ACTIVE,2024-07-19 23:00:00,2024-12-10 23:00:00
W002433,U002433,639431.35,IDR,ACTIVE,2025-01-29 01:00:00,2025-06-29 01:00:00
W002434,U002434,140934.16,IDR,ACTIVE,2025-11-09 14:00:00,2026-01-14 14:00:00
W002435,U002435,135412.51,IDR,ACTIVE,2026-03-25 20:00:00,2026-08-23 00:00:00
W002436,U002436,194141.79,IDR,ACTIVE,2025-03-02 23:00:00,2025-07-20 23:00:00
W002437,U002437,8541.23,IDR,ACTIVE,2026-05-31 15:00:00,2026-08-15 15:00:00
W002438,U002438,54757.2,IDR,ACTIVE,2026-04-09 16:00:00,2026-07-26 16:00:00
W002439,U002439,182051.85,IDR,ACTIVE,2025-11-13 09:00:00,2026-01-04 09:00:00
W002440,U002440,34492.05,IDR,ACTIVE,2026-08-03 00:00:00,2026-08-23 00:00:00
W002441,U002441,13267.57,IDR,ACTIVE,2024-01-07 20:00:00,2025-04-10 20:00:00
W002442,U002442,69301.01,IDR,ACTIVE,2025-12-10 02:00:00,2025-12-21 02:00:00
W002443,U002443,24702.84,IDR,ACTIVE,2025-04-05 19:00:00,2026-01-23 19:00:00
W002444,U002444,27649.51,IDR,ACTIVE,2024-07-05 17:00:00,2024-12-01 17:00:00
W002445,U002445,50975.23,IDR,ACTIVE,2026-04-09 05:00:00,2026-08-23 00:00:00
W002446,U002446,18244.43,IDR,ACTIVE,2024-08-20 05:00:00,2025-06-12 05:00:00
W002447,U002447,48263.56,IDR,ACTIVE,2025-01-23 07:00:00,2025-02-25 07:00:00
W002448,U002448,78289.36,IDR,ACTIVE,2026-07-30 20:00:00,2026-08-23 00:00:00
W002449,U002449,468169.56,IDR,ACTIVE,2024-05-09 03:00:00,2024-07-13 03:00:00
W002450,U002450,37389.69,IDR,ACTIVE,2025-04-05 04:00:00,2025-11-07 04:00:00
W002451,U002451,52073.16,IDR,ACTIVE,2025-07-07 16:00:00,2026-01-01 16:00:00
W002452,U002452,109841.65,IDR,ACTIVE,2025-02-03 15:00:00,2026-06-14 15:00:00
W002453,U002453,42947.22,IDR,ACTIVE,2026-06-25 05:00:00,2026-08-23 00:00:00
W002454,U002454,32449.79,IDR,ACTIVE,2026-05-07 18:00:00,2026-06-12 18:00:00
W002455,U002455,184689.94,IDR,ACTIVE,2025-02-21 10:00:00,2026-01-16 10:00:00
W002456,U002456,297150.09,IDR,ACTIVE,2024-12-26 15:00:00,2025-10-10 15:00:00
W002457,U002457,42419.57,IDR,ACTIVE,2026-01-16 18:00:00,2026-03-02 18:00:00
W002458,U002458,31689.58,IDR,ACTIVE,2025-12-15 16:00:00,2026-08-23 00:00:00
W002459,U002459,27485.47,IDR,ACTIVE,2026-06-04 07:00:00,2026-08-23 00:00:00
W002460,U002460,114012.68,IDR,FROZEN,2024-02-04 11:00:00,2025-05-05 11:00:00
W002461,U002461,218632.72,IDR,ACTIVE,2025-09-05 11:00:00,2026-08-23 00:00:00
W002462,U002462,89764.19,IDR,ACTIVE,2024-04-21 20:00:00,2024-07-05 20:00:00
W002463,U002463,118420.05,IDR,ACTIVE,2025-09-17 09:00:00,2025-12-30 09:00:00
W002464,U002464,169690.73,IDR,ACTIVE,2026-07-27 08:00:00,2026-08-23 00:00:00
W002465,U002465,307124.1,IDR,ACTIVE,2024-02-04 14:00:00,2025-01-23 14:00:00
W002466,U002466,93063.36,IDR,ACTIVE,2025-01-20 16:00:00,2026-02-19 16:00:00
W002467,U002467,40644.48,IDR,ACTIVE,2024-08-09 13:00:00,2025-10-19 13:00:00
W002468,U002468,127161.53,IDR,ACTIVE,2024-06-16 06:00:00,2024-07-22 06:00:00
W002469,U002469,192667.81,IDR,ACTIVE,2024-11-12 07:00:00,2025-09-10 07:00:00
W002470,U002470,46849.35,IDR,ACTIVE,2025-11-22 19:00:00,2026-08-23 00:00:00
W002471,U002471,8270.13,IDR,ACTIVE,2025-05-31 07:00:00,2025-11-12 07:00:00
W002472,U002472,39599.08,IDR,ACTIVE,2024-03-28 17:00:00,2025-04-15 17:00:00
W002473,U002473,18096.7,IDR,FROZEN,2024-03-12 08:00:00,2025-05-24 08:00:00
W002474,U002474,5270.48,IDR,ACTIVE,2025-10-08 19:00:00,2025-10-18 19:00:00
W002475,U002475,41531.99,IDR,ACTIVE,2024-02-09 15:00:00,2024-05-26 15:00:00
W002476,U002476,55737.83,IDR,ACTIVE,2024-08-18 23:00:00,2025-10-18 23:00:00
W002477,U002477,99348.26,IDR,ACTIVE,2024-06-23 04:00:00,2025-03-17 04:00:00
W002478,U002478,117088.71,IDR,ACTIVE,2024-12-14 02:00:00,2025-11-05 02:00:00
W002479,U002479,44151.29,IDR,ACTIVE,2024-04-28 02:00:00,2024-07-30 02:00:00
W002480,U002480,106103.8,IDR,ACTIVE,2025-07-15 09:00:00,2026-06-06 09:00:00
W002481,U002481,97658.7,IDR,ACTIVE,2026-07-28 03:00:00,2026-08-23 00:00:00
W002482,U002482,95977.58,IDR,ACTIVE,2026-04-06 16:00:00,2026-05-16 16:00:00
W002483,U002483,28902.13,IDR,ACTIVE,2025-03-22 08:00:00,2025-08-03 08:00:00
W002484,U002484,129080.84,IDR,ACTIVE,2025-07-28 17:00:00,2026-04-12 17:00:00
W002485,U002485,73707.01,IDR,ACTIVE,2024-01-06 06:00:00,2025-02-01 06:00:00
W002486,U002486,57236.98,IDR,ACTIVE,2025-05-13 20:00:00,2026-08-23 00:00:00
W002487,U002487,31330.5,IDR,ACTIVE,2026-01-14 01:00:00,2026-08-23 00:00:00
W002488,U002488,43044.65,IDR,ACTIVE,2026-06-16 11:00:00,2026-08-23 00:00:00
W002489,U002489,150897.69,IDR,ACTIVE,2024-05-20 14:00:00,2024-06-01 14:00:00
W002490,U002490,105579.33,IDR,ACTIVE,2025-07-03 11:00:00,2026-08-23 00:00:00
W002491,U002491,34332.08,IDR,ACTIVE,2026-01-19 23:00:00,2026-01-29 23:00:00
W002492,U002492,69477.67,IDR,ACTIVE,2025-08-20 12:00:00,2026-08-23 00:00:00
W002493,U002493,100789.99,IDR,ACTIVE,2026-04-12 12:00:00,2026-08-23 00:00:00
W002494,U002494,36574.81,IDR,ACTIVE,2024-05-09 05:00:00,2024-12-22 05:00:00
W002495,U002495,126745.75,IDR,ACTIVE,2025-01-01 05:00:00,2026-04-23 05:00:00
W002496,U002496,11082.51,IDR,ACTIVE,2024-01-28 22:00:00,2024-12-29 22:00:00
W002497,U002497,125545.21,IDR,ACTIVE,2025-07-14 04:00:00,2026-02-17 04:00:00
W002498,U002498,116994.77,IDR,ACTIVE,2025-12-17 14:00:00,2026-03-05 14:00:00
W002499,U002499,80404.92,IDR,ACTIVE,2024-11-23 15:00:00,2025-09-29 15:00:00
W002500,U002500,49230.81,IDR,ACTIVE,2024-08-04 01:00:00,2024-12-12 01:00:00
W002501,U002501,25727.68,IDR,ACTIVE,2025-10-23 15:00:00,2025-11-12 15:00:00
W002502,U002502,63686.93,IDR,ACTIVE,2026-06-23 16:00:00,2026-08-23 00:00:00
W002503,U002503,94385.84,IDR,ACTIVE,2024-09-04 20:00:00,2025-01-05 20:00:00
W002504,U002504,129667.45,IDR,ACTIVE,2024-08-08 19:00:00,2025-11-24 19:00:00
W002505,U002505,30244.36,IDR,ACTIVE,2024-01-22 15:00:00,2024-10-01 15:00:00
W002506,U002506,41727.38,IDR,ACTIVE,2024-10-12 10:00:00,2025-01-03 10:00:00
W002507,U002507,43099.87,IDR,ACTIVE,2025-10-03 20:00:00,2026-01-08 20:00:00
W002508,U002508,14664.57,IDR,ACTIVE,2024-01-23 18:00:00,2024-12-06 18:00:00
W002509,U002509,204550.89,IDR,ACTIVE,2024-04-04 06:00:00,2024-10-20 06:00:00
W002510,U002510,541578.48,IDR,FROZEN,2026-02-22 03:00:00,2026-08-23 00:00:00
W002511,U002511,227629.34,IDR,ACTIVE,2025-10-22 09:00:00,2026-04-25 09:00:00
W002512,U002512,27573.79,IDR,ACTIVE,2025-02-05 08:00:00,2025-04-01 08:00:00
W002513,U002513,356667.37,IDR,ACTIVE,2025-10-22 18:00:00,2026-07-28 18:00:00
W002514,U002514,50745.38,IDR,ACTIVE,2024-05-24 07:00:00,2025-02-07 07:00:00
W002515,U002515,127651.1,IDR,ACTIVE,2024-11-26 14:00:00,2026-04-08 14:00:00
W002516,U002516,119364.88,IDR,ACTIVE,2024-10-14 18:00:00,2024-12-31 18:00:00
W002517,U002517,6166.14,IDR,ACTIVE,2025-05-03 05:00:00,2025-11-23 05:00:00
W002518,U002518,66425.03,IDR,ACTIVE,2025-07-31 23:00:00,2026-06-05 23:00:00
W002519,U002519,25943.11,IDR,ACTIVE,2025-02-23 03:00:00,2025-09-25 03:00:00
W002520,U002520,9260.86,IDR,ACTIVE,2025-07-18 03:00:00,2025-12-26 03:00:00
W002521,U002521,76194.4,IDR,ACTIVE,2025-01-09 23:00:00,2025-10-31 23:00:00
W002522,U002522,109525.98,IDR,ACTIVE,2024-06-15 05:00:00,2025-02-16 05:00:00
W002523,U002523,34911.45,IDR,ACTIVE,2024-01-19 14:00:00,2025-03-30 14:00:00
W002524,U002524,71187.15,IDR,ACTIVE,2024-11-11 23:00:00,2025-07-21 23:00:00
W002525,U002525,216226.18,IDR,ACTIVE,2024-05-12 11:00:00,2025-04-06 11:00:00
W002526,U002526,50504.99,IDR,ACTIVE,2026-01-22 23:00:00,2026-05-16 23:00:00
W002527,U002527,17653.73,IDR,ACTIVE,2024-05-24 06:00:00,2024-06-29 06:00:00
W002528,U002528,142114.95,IDR,ACTIVE,2025-07-10 14:00:00,2026-04-29 14:00:00
W002529,U002529,43450.41,IDR,ACTIVE,2026-02-16 02:00:00,2026-08-23 00:00:00
W002530,U002530,32613.42,IDR,ACTIVE,2025-07-08 06:00:00,2026-06-01 06:00:00
W002531,U002531,47124.34,IDR,ACTIVE,2025-05-30 15:00:00,2025-11-14 15:00:00
W002532,U002532,45563.76,IDR,ACTIVE,2025-08-17 02:00:00,2026-06-28 02:00:00
W002533,U002533,11967.84,IDR,ACTIVE,2024-08-24 23:00:00,2024-10-11 23:00:00
W002534,U002534,83082.78,IDR,ACTIVE,2024-05-25 12:00:00,2024-11-25 12:00:00
W002535,U002535,81575.02,IDR,FROZEN,2026-03-15 01:00:00,2026-05-26 01:00:00
W002536,U002536,48401.21,IDR,ACTIVE,2024-07-22 00:00:00,2025-09-05 00:00:00
W002537,U002537,75392.26,IDR,ACTIVE,2025-10-31 01:00:00,2026-01-26 01:00:00
W002538,U002538,117356.34,IDR,CLOSED,2024-11-21 16:00:00,2025-06-26 16:00:00
W002539,U002539,80384.51,IDR,ACTIVE,2026-05-31 21:00:00,2026-08-23 00:00:00
W002540,U002540,31356.09,IDR,ACTIVE,2024-08-11 11:00:00,2025-11-08 11:00:00
W002541,U002541,25490.97,IDR,ACTIVE,2024-05-28 21:00:00,2025-09-08 21:00:00
W002542,U002542,425946.22,IDR,ACTIVE,2025-04-05 01:00:00,2026-05-03 01:00:00
W002543,U002543,82448.4,IDR,ACTIVE,2026-06-14 11:00:00,2026-08-14 11:00:00
W002544,U002544,53617.74,IDR,ACTIVE,2024-04-22 04:00:00,2025-08-17 04:00:00
W002545,U002545,103686.45,IDR,ACTIVE,2026-01-06 07:00:00,2026-08-23 00:00:00
W002546,U002546,35242.47,IDR,ACTIVE,2024-08-08 01:00:00,2025-10-29 01:00:00
W002547,U002547,143593.21,IDR,ACTIVE,2026-01-30 13:00:00,2026-05-08 13:00:00
W002548,U002548,43995.93,IDR,ACTIVE,2025-09-14 19:00:00,2026-08-23 00:00:00
W002549,U002549,9965.12,IDR,ACTIVE,2025-07-23 10:00:00,2026-08-23 00:00:00
W002550,U002550,57049.83,IDR,ACTIVE,2025-10-03 15:00:00,2026-08-23 00:00:00
W002551,U002551,22795.81,IDR,ACTIVE,2024-03-08 19:00:00,2024-06-22 19:00:00
W002552,U002552,50926.32,IDR,ACTIVE,2026-05-21 23:00:00,2026-08-23 00:00:00
W002553,U002553,44800.28,IDR,ACTIVE,2025-03-28 20:00:00,2026-01-16 20:00:00
W002554,U002554,91292.81,IDR,ACTIVE,2025-09-14 05:00:00,2026-08-23 00:00:00
W002555,U002555,275465.03,IDR,ACTIVE,2025-08-27 09:00:00,2026-08-07 09:00:00
W002556,U002556,128992.44,IDR,ACTIVE,2025-06-27 05:00:00,2025-09-26 05:00:00
W002557,U002557,82237.17,IDR,ACTIVE,2025-12-24 16:00:00,2026-08-23 00:00:00
W002558,U002558,69929.72,IDR,ACTIVE,2024-06-19 15:00:00,2024-11-28 15:00:00
W002559,U002559,85058.22,IDR,ACTIVE,2024-11-05 02:00:00,2024-12-14 02:00:00
W002560,U002560,237098.74,IDR,ACTIVE,2025-05-09 11:00:00,2025-07-31 11:00:00
W002561,U002561,102127.86,IDR,ACTIVE,2026-01-11 08:00:00,2026-08-23 00:00:00
W002562,U002562,10115.23,IDR,ACTIVE,2024-02-29 17:00:00,2024-11-06 17:00:00
W002563,U002563,23852.43,IDR,ACTIVE,2024-08-14 21:00:00,2024-08-27 21:00:00
W002564,U002564,172311.47,IDR,ACTIVE,2026-06-02 10:00:00,2026-08-23 00:00:00
W002565,U002565,80270.48,IDR,ACTIVE,2025-11-01 06:00:00,2026-08-23 00:00:00
W002566,U002566,231758.59,IDR,ACTIVE,2024-03-25 09:00:00,2025-06-08 09:00:00
W002567,U002567,120643.52,IDR,ACTIVE,2024-10-02 09:00:00,2025-02-07 09:00:00
W002568,U002568,67741.72,IDR,ACTIVE,2025-03-03 19:00:00,2025-07-18 19:00:00
W002569,U002569,66603.03,IDR,ACTIVE,2025-12-02 18:00:00,2026-08-23 00:00:00
W002570,U002570,34797.58,IDR,ACTIVE,2024-11-30 12:00:00,2025-11-02 12:00:00
W002571,U002571,49781.02,IDR,ACTIVE,2024-05-24 10:00:00,2025-10-02 10:00:00
W002572,U002572,18812.69,IDR,ACTIVE,2024-09-14 18:00:00,2026-01-24 18:00:00
W002573,U002573,28044.17,IDR,ACTIVE,2026-01-20 12:00:00,2026-04-20 12:00:00
W002574,U002574,22484.56,IDR,ACTIVE,2026-06-06 08:00:00,2026-08-23 00:00:00
W002575,U002575,59573.08,IDR,ACTIVE,2024-11-04 17:00:00,2025-03-26 17:00:00
W002576,U002576,38437.21,IDR,CLOSED,2026-08-15 18:00:00,2026-08-23 00:00:00
W002577,U002577,13021.86,IDR,ACTIVE,2024-01-25 04:00:00,2025-02-20 04:00:00
W002578,U002578,103997.75,IDR,ACTIVE,2024-06-26 14:00:00,2025-10-20 14:00:00
W002579,U002579,42014.98,IDR,ACTIVE,2026-03-21 02:00:00,2026-08-23 00:00:00
W002580,U002580,138437.91,IDR,ACTIVE,2024-07-15 14:00:00,2025-09-25 14:00:00
W002581,U002581,97318.77,IDR,ACTIVE,2024-05-31 21:00:00,2025-04-21 21:00:00
W002582,U002582,492347.57,IDR,ACTIVE,2025-10-15 16:00:00,2026-04-02 16:00:00
W002583,U002583,60065.93,IDR,ACTIVE,2025-08-09 20:00:00,2026-03-24 20:00:00
W002584,U002584,35423.85,IDR,ACTIVE,2024-10-23 10:00:00,2025-10-03 10:00:00
W002585,U002585,27663.0,IDR,ACTIVE,2024-01-26 17:00:00,2024-04-14 17:00:00
W002586,U002586,115078.34,IDR,ACTIVE,2025-09-30 02:00:00,2026-08-23 00:00:00
W002587,U002587,127013.21,IDR,ACTIVE,2025-10-23 00:00:00,2026-08-23 00:00:00
W002588,U002588,61114.33,IDR,ACTIVE,2024-09-30 02:00:00,2025-08-30 02:00:00
W002589,U002589,78439.62,IDR,ACTIVE,2024-10-03 13:00:00,2025-05-22 13:00:00
W002590,U002590,177742.73,IDR,ACTIVE,2025-11-10 00:00:00,2026-07-12 00:00:00
W002591,U002591,120960.37,IDR,ACTIVE,2024-06-04 18:00:00,2024-07-27 18:00:00
W002592,U002592,82815.12,IDR,ACTIVE,2024-05-20 08:00:00,2025-07-18 08:00:00
W002593,U002593,19531.84,IDR,ACTIVE,2025-10-02 11:00:00,2026-05-02 11:00:00
W002594,U002594,28756.2,IDR,ACTIVE,2026-04-27 02:00:00,2026-08-23 00:00:00
W002595,U002595,43317.73,IDR,ACTIVE,2025-10-16 12:00:00,2026-08-23 00:00:00
W002596,U002596,45864.78,IDR,ACTIVE,2026-05-07 21:00:00,2026-08-23 00:00:00
W002597,U002597,31232.25,IDR,ACTIVE,2025-12-30 02:00:00,2026-08-23 00:00:00
W002598,U002598,28052.59,IDR,ACTIVE,2025-12-22 01:00:00,2026-08-23 00:00:00
W002599,U002599,47629.88,IDR,ACTIVE,2025-08-05 07:00:00,2025-12-22 07:00:00
W002600,U002600,70805.47,IDR,ACTIVE,2025-03-16 02:00:00,2025-03-16 02:00:00
W002601,U002601,99517.39,IDR,ACTIVE,2025-10-06 12:00:00,2026-08-23 00:00:00
W002602,U002602,12199.55,IDR,ACTIVE,2025-10-06 10:00:00,2026-05-26 10:00:00
W002603,U002603,38764.69,IDR,ACTIVE,2024-08-27 22:00:00,2025-01-29 22:00:00
W002604,U002604,13424.04,IDR,ACTIVE,2026-07-21 11:00:00,2026-08-23 00:00:00
W002605,U002605,60359.09,IDR,ACTIVE,2026-06-09 12:00:00,2026-08-23 00:00:00
W002606,U002606,59414.37,IDR,ACTIVE,2026-05-15 14:00:00,2026-08-23 00:00:00
W002607,U002607,54854.88,IDR,ACTIVE,2026-08-15 23:00:00,2026-08-23 00:00:00
W002608,U002608,47425.85,IDR,ACTIVE,2026-06-18 20:00:00,2026-08-23 00:00:00
W002609,U002609,39447.84,IDR,ACTIVE,2024-09-27 09:00:00,2024-11-08 09:00:00
W002610,U002610,55082.61,IDR,ACTIVE,2024-06-03 10:00:00,2024-06-04 10:00:00
W002611,U002611,102060.91,IDR,ACTIVE,2024-09-05 16:00:00,2025-02-18 16:00:00
W002612,U002612,42193.86,IDR,ACTIVE,2024-05-26 00:00:00,2025-07-05 00:00:00
W002613,U002613,20534.09,IDR,ACTIVE,2024-01-20 04:00:00,2024-05-22 04:00:00
W002614,U002614,78208.71,IDR,ACTIVE,2026-04-24 01:00:00,2026-08-23 00:00:00
W002615,U002615,127901.15,IDR,ACTIVE,2024-02-10 13:00:00,2025-03-05 13:00:00
W002616,U002616,19688.97,IDR,ACTIVE,2024-12-12 05:00:00,2025-02-10 05:00:00
W002617,U002617,17216.21,IDR,ACTIVE,2025-01-16 22:00:00,2025-09-21 22:00:00
W002618,U002618,19110.9,IDR,ACTIVE,2024-08-13 00:00:00,2025-10-29 00:00:00
W002619,U002619,54357.95,IDR,ACTIVE,2024-06-10 03:00:00,2025-08-12 03:00:00
W002620,U002620,300372.98,IDR,ACTIVE,2024-07-10 10:00:00,2024-10-30 10:00:00
W002621,U002621,247668.02,IDR,ACTIVE,2025-02-11 07:00:00,2026-04-15 07:00:00
W002622,U002622,78473.28,IDR,ACTIVE,2024-04-30 10:00:00,2024-08-12 10:00:00
W002623,U002623,18713.44,IDR,ACTIVE,2024-06-06 05:00:00,2025-03-11 05:00:00
W002624,U002624,244460.14,IDR,ACTIVE,2026-01-27 00:00:00,2026-08-23 00:00:00
W002625,U002625,259724.31,IDR,ACTIVE,2025-08-06 22:00:00,2026-05-03 22:00:00
W002626,U002626,26994.47,IDR,ACTIVE,2024-09-07 20:00:00,2025-12-07 20:00:00
W002627,U002627,61084.52,IDR,ACTIVE,2024-10-05 04:00:00,2025-07-28 04:00:00
W002628,U002628,127216.33,IDR,ACTIVE,2025-06-16 01:00:00,2026-08-23 00:00:00
W002629,U002629,209432.97,IDR,ACTIVE,2026-08-13 20:00:00,2026-08-23 00:00:00
W002630,U002630,52946.17,IDR,ACTIVE,2025-01-30 11:00:00,2026-04-19 11:00:00
W002631,U002631,141262.23,IDR,ACTIVE,2026-07-30 15:00:00,2026-08-23 00:00:00
W002632,U002632,86265.16,IDR,ACTIVE,2026-03-15 13:00:00,2026-08-23 00:00:00
W002633,U002633,7699.78,IDR,CLOSED,2024-06-27 12:00:00,2025-05-02 12:00:00
W002634,U002634,81639.53,IDR,ACTIVE,2025-05-23 07:00:00,2025-12-30 07:00:00
W002635,U002635,74501.08,IDR,ACTIVE,2024-07-16 01:00:00,2025-01-01 01:00:00
W002636,U002636,317682.61,IDR,ACTIVE,2024-11-07 01:00:00,2025-03-24 01:00:00
W002637,U002637,64563.8,IDR,ACTIVE,2026-05-06 03:00:00,2026-08-23 00:00:00
W002638,U002638,97634.83,IDR,ACTIVE,2026-02-11 18:00:00,2026-08-23 00:00:00
W002639,U002639,319949.61,IDR,ACTIVE,2025-01-25 15:00:00,2025-09-08 15:00:00
W002640,U002640,104899.84,IDR,ACTIVE,2025-09-04 13:00:00,2026-08-15 13:00:00
W002641,U002641,36920.49,IDR,FROZEN,2024-11-15 03:00:00,2025-09-15 03:00:00
W002642,U002642,58192.45,IDR,ACTIVE,2025-10-22 09:00:00,2026-05-21 09:00:00
W002643,U002643,29274.94,IDR,ACTIVE,2026-06-01 01:00:00,2026-08-23 00:00:00
W002644,U002644,57264.32,IDR,ACTIVE,2025-12-01 12:00:00,2026-08-23 00:00:00
W002645,U002645,53011.43,IDR,ACTIVE,2025-09-28 17:00:00,2026-05-22 17:00:00
W002646,U002646,42778.73,IDR,CLOSED,2024-06-28 19:00:00,2025-01-29 19:00:00
W002647,U002647,74589.73,IDR,CLOSED,2025-07-09 04:00:00,2025-09-23 04:00:00
W002648,U002648,14277.44,IDR,ACTIVE,2025-08-02 16:00:00,2025-11-22 16:00:00
W002649,U002649,412202.49,IDR,ACTIVE,2024-07-08 16:00:00,2025-06-15 16:00:00
W002650,U002650,54026.64,IDR,ACTIVE,2025-05-26 17:00:00,2026-02-14 17:00:00
W002651,U002651,61325.22,IDR,ACTIVE,2025-05-15 22:00:00,2026-01-10 22:00:00
W002652,U002652,239656.01,IDR,ACTIVE,2024-04-13 18:00:00,2025-01-14 18:00:00
W002653,U002653,103404.0,IDR,ACTIVE,2024-11-27 16:00:00,2025-02-13 16:00:00
W002654,U002654,41833.7,IDR,ACTIVE,2026-05-22 06:00:00,2026-08-23 00:00:00
W002655,U002655,47293.52,IDR,ACTIVE,2025-11-08 19:00:00,2026-06-02 19:00:00
W002656,U002656,170893.26,IDR,ACTIVE,2024-03-20 23:00:00,2024-10-06 23:00:00
W002657,U002657,198290.53,IDR,ACTIVE,2024-03-15 21:00:00,2024-10-21 21:00:00
W002658,U002658,37930.26,IDR,ACTIVE,2024-07-04 14:00:00,2024-11-10 14:00:00
W002659,U002659,233137.86,IDR,ACTIVE,2026-07-25 05:00:00,2026-08-23 00:00:00
W002660,U002660,15272.18,IDR,ACTIVE,2024-02-05 07:00:00,2024-02-11 07:00:00
W002661,U002661,270828.22,IDR,ACTIVE,2024-01-08 18:00:00,2025-01-07 18:00:00
W002662,U002662,87738.6,IDR,ACTIVE,2024-07-23 02:00:00,2025-10-26 02:00:00
W002663,U002663,229735.79,IDR,ACTIVE,2026-03-31 08:00:00,2026-08-23 00:00:00
W002664,U002664,114844.11,IDR,ACTIVE,2024-04-18 18:00:00,2024-10-16 18:00:00
W002665,U002665,40132.53,IDR,ACTIVE,2025-04-12 03:00:00,2026-06-01 03:00:00
W002666,U002666,56664.24,IDR,ACTIVE,2025-09-13 06:00:00,2026-03-28 06:00:00
W002667,U002667,41496.57,IDR,ACTIVE,2026-02-07 04:00:00,2026-08-23 00:00:00
W002668,U002668,31719.74,IDR,ACTIVE,2025-04-10 02:00:00,2025-05-13 02:00:00
W002669,U002669,98936.62,IDR,FROZEN,2025-08-04 12:00:00,2026-03-20 12:00:00
W002670,U002670,11821.55,IDR,ACTIVE,2024-03-17 16:00:00,2025-07-25 16:00:00
W002671,U002671,53457.66,IDR,ACTIVE,2024-06-12 08:00:00,2024-06-21 08:00:00
W002672,U002672,68292.25,IDR,ACTIVE,2024-12-19 05:00:00,2026-03-28 05:00:00
W002673,U002673,12268.05,IDR,ACTIVE,2025-07-29 05:00:00,2026-08-23 00:00:00
W002674,U002674,85517.57,IDR,CLOSED,2024-06-22 12:00:00,2024-11-26 12:00:00
W002675,U002675,114417.12,IDR,ACTIVE,2025-05-28 20:00:00,2026-07-26 20:00:00
W002676,U002676,98079.86,IDR,ACTIVE,2024-08-02 20:00:00,2024-12-02 20:00:00
W002677,U002677,96633.54,IDR,ACTIVE,2024-07-16 02:00:00,2025-02-16 02:00:00
W002678,U002678,69988.82,IDR,ACTIVE,2024-07-10 01:00:00,2025-04-26 01:00:00
W002679,U002679,24499.77,IDR,ACTIVE,2024-12-17 21:00:00,2025-11-09 21:00:00
W002680,U002680,292698.88,IDR,FROZEN,2024-05-08 21:00:00,2025-06-26 21:00:00
W002681,U002681,5113.12,IDR,ACTIVE,2024-04-26 21:00:00,2024-06-19 21:00:00
W002682,U002682,52042.82,IDR,ACTIVE,2024-11-27 18:00:00,2025-06-24 18:00:00
W002683,U002683,39934.22,IDR,ACTIVE,2025-12-30 07:00:00,2026-08-23 00:00:00
W002684,U002684,68146.95,IDR,ACTIVE,2026-01-29 02:00:00,2026-08-23 00:00:00
W002685,U002685,30230.87,IDR,ACTIVE,2026-07-06 03:00:00,2026-08-23 00:00:00
W002686,U002686,181438.93,IDR,ACTIVE,2024-08-29 19:00:00,2024-09-30 19:00:00
W002687,U002687,14965.62,IDR,ACTIVE,2025-08-22 03:00:00,2026-05-11 03:00:00
W002688,U002688,35459.87,IDR,CLOSED,2026-03-10 02:00:00,2026-08-23 00:00:00
W002689,U002689,49812.01,IDR,ACTIVE,2025-03-07 12:00:00,2026-04-24 12:00:00
W002690,U002690,99264.06,IDR,ACTIVE,2026-06-17 00:00:00,2026-06-30 00:00:00
W002691,U002691,99775.32,IDR,ACTIVE,2025-12-18 14:00:00,2026-08-23 00:00:00
W002692,U002692,153109.53,IDR,ACTIVE,2025-01-08 09:00:00,2025-08-17 09:00:00
W002693,U002693,1597767.98,IDR,ACTIVE,2024-02-16 09:00:00,2024-07-09 09:00:00
W002694,U002694,131046.07,IDR,ACTIVE,2025-02-18 08:00:00,2025-03-20 08:00:00
W002695,U002695,52867.46,IDR,ACTIVE,2025-11-02 21:00:00,2026-08-23 00:00:00
W002696,U002696,142508.49,IDR,ACTIVE,2026-02-21 02:00:00,2026-08-08 02:00:00
W002697,U002697,53445.52,IDR,ACTIVE,2025-02-27 19:00:00,2026-03-23 19:00:00
W002698,U002698,14081.52,IDR,ACTIVE,2025-08-17 19:00:00,2025-12-25 19:00:00
W002699,U002699,15366.98,IDR,ACTIVE,2024-10-21 15:00:00,2025-08-03 15:00:00
W002700,U002700,48394.44,IDR,FROZEN,2025-03-06 02:00:00,2026-05-23 02:00:00
W002701,U002701,22891.67,IDR,ACTIVE,2025-01-23 20:00:00,2026-06-07 20:00:00
W002702,U002702,56856.58,IDR,ACTIVE,2024-06-27 19:00:00,2025-11-09 19:00:00
W002703,U002703,135229.79,IDR,FROZEN,2025-01-07 05:00:00,2025-08-17 05:00:00
W002704,U002704,44106.74,IDR,ACTIVE,2025-03-05 19:00:00,2025-04-01 19:00:00
W002705,U002705,10323.86,IDR,ACTIVE,2025-09-02 19:00:00,2026-05-16 19:00:00
W002706,U002706,105935.39,IDR,ACTIVE,2026-02-09 21:00:00,2026-03-06 21:00:00
W002707,U002707,39954.03,IDR,ACTIVE,2025-06-26 13:00:00,2026-08-23 00:00:00
W002708,U002708,49767.87,IDR,ACTIVE,2025-03-25 02:00:00,2026-06-24 02:00:00
W002709,U002709,581923.09,IDR,ACTIVE,2024-10-15 09:00:00,2025-12-29 09:00:00
W002710,U002710,153333.37,IDR,ACTIVE,2024-04-17 13:00:00,2025-07-19 13:00:00
W002711,U002711,197450.32,IDR,ACTIVE,2025-12-10 13:00:00,2026-08-23 00:00:00
W002712,U002712,45197.07,IDR,CLOSED,2025-10-28 12:00:00,2025-12-16 12:00:00
W002713,U002713,430447.18,IDR,ACTIVE,2025-02-13 15:00:00,2026-03-08 15:00:00
W002714,U002714,27003.18,IDR,ACTIVE,2024-01-17 21:00:00,2024-04-03 21:00:00
W002715,U002715,14284.92,IDR,ACTIVE,2026-06-26 08:00:00,2026-08-23 00:00:00
W002716,U002716,535865.38,IDR,ACTIVE,2026-01-04 13:00:00,2026-08-23 00:00:00
W002717,U002717,10501.77,IDR,ACTIVE,2026-06-01 01:00:00,2026-08-23 00:00:00
W002718,U002718,40172.16,IDR,ACTIVE,2024-05-25 10:00:00,2025-06-08 10:00:00
W002719,U002719,107667.37,IDR,ACTIVE,2025-12-06 23:00:00,2026-05-31 23:00:00
W002720,U002720,45750.54,IDR,ACTIVE,2025-01-30 04:00:00,2025-06-22 04:00:00
W002721,U002721,33298.09,IDR,ACTIVE,2025-07-03 00:00:00,2025-11-10 00:00:00
W002722,U002722,64649.32,IDR,ACTIVE,2026-03-19 20:00:00,2026-08-23 00:00:00
W002723,U002723,60741.47,IDR,ACTIVE,2024-12-09 22:00:00,2025-11-24 22:00:00
W002724,U002724,72418.06,IDR,ACTIVE,2024-02-20 22:00:00,2024-08-03 22:00:00
W002725,U002725,219243.92,IDR,ACTIVE,2024-11-18 15:00:00,2025-02-16 15:00:00
W002726,U002726,114243.02,IDR,ACTIVE,2025-08-10 00:00:00,2025-08-27 00:00:00
W002727,U002727,51338.24,IDR,ACTIVE,2026-04-26 01:00:00,2026-08-05 01:00:00
W002728,U002728,82357.68,IDR,ACTIVE,2025-06-25 11:00:00,2025-07-28 11:00:00
W002729,U002729,3703.52,IDR,ACTIVE,2026-07-06 16:00:00,2026-08-23 00:00:00
W002730,U002730,54877.11,IDR,ACTIVE,2024-10-24 02:00:00,2025-06-10 02:00:00
W002731,U002731,89302.07,IDR,CLOSED,2025-06-18 18:00:00,2026-03-30 18:00:00
W002732,U002732,30310.02,IDR,ACTIVE,2026-06-01 13:00:00,2026-08-23 00:00:00
W002733,U002733,41406.65,IDR,ACTIVE,2024-06-20 21:00:00,2024-11-25 21:00:00
W002734,U002734,154190.01,IDR,ACTIVE,2024-08-18 09:00:00,2025-07-08 09:00:00
W002735,U002735,22551.9,IDR,ACTIVE,2026-05-18 13:00:00,2026-08-23 00:00:00
W002736,U002736,158789.66,IDR,ACTIVE,2026-01-28 03:00:00,2026-08-23 00:00:00
W002737,U002737,322109.75,IDR,ACTIVE,2024-01-26 18:00:00,2025-06-03 18:00:00
W002738,U002738,42521.06,IDR,ACTIVE,2025-03-16 16:00:00,2026-07-06 16:00:00
W002739,U002739,22864.29,IDR,ACTIVE,2025-04-20 05:00:00,2025-10-22 05:00:00
W002740,U002740,31772.62,IDR,ACTIVE,2024-01-01 19:00:00,2024-10-20 19:00:00
W002741,U002741,295009.25,IDR,ACTIVE,2025-06-28 02:00:00,2025-07-03 02:00:00
W002742,U002742,21687.53,IDR,ACTIVE,2026-05-21 12:00:00,2026-08-23 00:00:00
W002743,U002743,22917.29,IDR,ACTIVE,2024-08-09 08:00:00,2025-11-29 08:00:00
W002744,U002744,10351.62,IDR,ACTIVE,2024-05-07 04:00:00,2024-07-20 04:00:00
W002745,U002745,40602.66,IDR,ACTIVE,2026-01-06 15:00:00,2026-08-23 00:00:00
W002746,U002746,74810.69,IDR,ACTIVE,2025-08-24 01:00:00,2026-05-23 01:00:00
W002747,U002747,250075.88,IDR,ACTIVE,2025-02-10 18:00:00,2025-07-16 18:00:00
W002748,U002748,44218.89,IDR,ACTIVE,2025-04-29 05:00:00,2025-12-01 05:00:00
W002749,U002749,104207.87,IDR,FROZEN,2024-08-06 05:00:00,2024-12-04 05:00:00
W002750,U002750,32389.08,IDR,ACTIVE,2025-10-10 21:00:00,2026-08-23 00:00:00
W002751,U002751,19373.25,IDR,ACTIVE,2025-04-19 23:00:00,2025-10-25 23:00:00
W002752,U002752,211829.93,IDR,ACTIVE,2025-12-18 06:00:00,2026-08-23 00:00:00
W002753,U002753,72668.99,IDR,ACTIVE,2025-11-10 08:00:00,2026-08-12 08:00:00
W002754,U002754,113809.16,IDR,ACTIVE,2025-11-17 02:00:00,2026-03-20 02:00:00
W002755,U002755,70492.08,IDR,ACTIVE,2025-07-11 20:00:00,2025-07-13 20:00:00
W002756,U002756,13795.28,IDR,ACTIVE,2025-12-25 03:00:00,2026-06-03 03:00:00
W002757,U002757,153154.55,IDR,ACTIVE,2026-05-20 10:00:00,2026-08-23 00:00:00
W002758,U002758,30601.03,IDR,ACTIVE,2024-08-07 19:00:00,2024-12-26 19:00:00
W002759,U002759,98359.23,IDR,CLOSED,2026-04-23 21:00:00,2026-08-23 00:00:00
W002760,U002760,20343.69,IDR,ACTIVE,2025-09-02 03:00:00,2025-12-18 03:00:00
W002761,U002761,21700.34,IDR,ACTIVE,2025-12-21 17:00:00,2026-08-23 00:00:00
W002762,U002762,32882.54,IDR,ACTIVE,2025-02-24 11:00:00,2026-04-12 11:00:00
W002763,U002763,25768.23,IDR,ACTIVE,2026-07-12 05:00:00,2026-08-23 00:00:00
W002764,U002764,18634.88,IDR,ACTIVE,2026-03-04 15:00:00,2026-08-23 00:00:00
W002765,U002765,517733.49,IDR,ACTIVE,2026-03-12 16:00:00,2026-08-23 00:00:00
W002766,U002766,62106.36,IDR,ACTIVE,2024-08-28 19:00:00,2025-05-08 19:00:00
W002767,U002767,12416.57,IDR,ACTIVE,2024-04-14 03:00:00,2024-12-06 03:00:00
W002768,U002768,19534.06,IDR,ACTIVE,2024-07-08 05:00:00,2025-08-29 05:00:00
W002769,U002769,27386.91,IDR,ACTIVE,2024-11-14 04:00:00,2025-10-28 04:00:00
W002770,U002770,37776.18,IDR,ACTIVE,2026-02-26 07:00:00,2026-05-12 07:00:00
W002771,U002771,122812.21,IDR,ACTIVE,2024-07-09 07:00:00,2024-11-14 07:00:00
W002772,U002772,74833.45,IDR,ACTIVE,2024-10-14 04:00:00,2024-12-02 04:00:00
W002773,U002773,60505.41,IDR,ACTIVE,2025-02-10 06:00:00,2025-11-28 06:00:00
W002774,U002774,14763.95,IDR,ACTIVE,2024-07-11 23:00:00,2025-03-15 23:00:00
W002775,U002775,102091.67,IDR,ACTIVE,2024-10-16 13:00:00,2025-03-31 13:00:00
W002776,U002776,13980.78,IDR,ACTIVE,2026-04-30 05:00:00,2026-08-23 00:00:00
W002777,U002777,49487.47,IDR,ACTIVE,2025-03-26 15:00:00,2025-07-05 15:00:00
W002778,U002778,80127.5,IDR,ACTIVE,2025-03-03 11:00:00,2025-03-12 11:00:00
W002779,U002779,83039.79,IDR,ACTIVE,2025-12-21 13:00:00,2026-08-23 00:00:00
W002780,U002780,69887.95,IDR,ACTIVE,2025-03-17 22:00:00,2025-08-30 22:00:00
W002781,U002781,72938.55,IDR,ACTIVE,2025-08-28 23:00:00,2026-05-22 23:00:00
W002782,U002782,67087.81,IDR,FROZEN,2024-02-22 09:00:00,2025-03-28 09:00:00
W002783,U002783,16760.62,IDR,ACTIVE,2025-07-07 05:00:00,2026-05-16 05:00:00
W002784,U002784,16029.73,IDR,ACTIVE,2025-12-14 01:00:00,2026-08-14 01:00:00
W002785,U002785,136989.22,IDR,ACTIVE,2025-07-11 17:00:00,2025-09-30 17:00:00
W002786,U002786,139183.75,IDR,ACTIVE,2025-08-31 12:00:00,2025-12-04 12:00:00
W002787,U002787,21445.92,IDR,ACTIVE,2024-08-24 23:00:00,2025-02-17 23:00:00
W002788,U002788,70998.6,IDR,ACTIVE,2025-03-10 14:00:00,2026-03-28 14:00:00
W002789,U002789,86588.06,IDR,ACTIVE,2024-04-15 18:00:00,2024-07-20 18:00:00
W002790,U002790,60575.86,IDR,ACTIVE,2026-01-04 23:00:00,2026-08-23 00:00:00
W002791,U002791,159853.17,IDR,ACTIVE,2026-07-03 13:00:00,2026-08-23 00:00:00
W002792,U002792,38918.63,IDR,ACTIVE,2024-02-15 20:00:00,2025-01-07 20:00:00
W002793,U002793,42257.36,IDR,ACTIVE,2024-06-15 16:00:00,2025-10-15 16:00:00
W002794,U002794,161781.64,IDR,ACTIVE,2024-12-26 23:00:00,2025-04-16 23:00:00
W002795,U002795,17177.17,IDR,ACTIVE,2025-08-20 00:00:00,2026-05-15 00:00:00
W002796,U002796,131331.85,IDR,ACTIVE,2025-01-24 11:00:00,2025-07-23 11:00:00
W002797,U002797,263072.01,IDR,ACTIVE,2025-11-18 04:00:00,2026-08-23 00:00:00
W002798,U002798,99584.65,IDR,ACTIVE,2024-02-17 04:00:00,2024-09-18 04:00:00
W002799,U002799,56144.81,IDR,ACTIVE,2024-06-16 06:00:00,2025-10-08 06:00:00
W002800,U002800,17805.44,IDR,FROZEN,2024-07-27 21:00:00,2024-09-07 21:00:00
W002801,U002801,70642.33,IDR,ACTIVE,2026-02-02 14:00:00,2026-08-12 14:00:00
W002802,U002802,29532.8,IDR,ACTIVE,2024-09-08 02:00:00,2024-10-21 02:00:00
W002803,U002803,45315.99,IDR,ACTIVE,2026-06-24 06:00:00,2026-08-23 00:00:00
W002804,U002804,85224.08,IDR,ACTIVE,2024-11-12 20:00:00,2026-03-08 20:00:00
W002805,U002805,26054.08,IDR,ACTIVE,2026-06-02 23:00:00,2026-06-14 23:00:00
W002806,U002806,20232.23,IDR,ACTIVE,2026-03-31 09:00:00,2026-08-23 00:00:00
W002807,U002807,35608.0,IDR,ACTIVE,2026-06-05 09:00:00,2026-08-23 00:00:00
W002808,U002808,4544.66,IDR,FROZEN,2025-07-01 15:00:00,2026-08-23 00:00:00
W002809,U002809,230192.92,IDR,ACTIVE,2025-11-13 12:00:00,2026-08-23 00:00:00
W002810,U002810,86952.95,IDR,ACTIVE,2024-07-18 17:00:00,2025-04-04 17:00:00
W002811,U002811,29159.25,IDR,ACTIVE,2026-02-15 21:00:00,2026-08-23 00:00:00
W002812,U002812,32044.88,IDR,ACTIVE,2026-04-19 23:00:00,2026-08-23 00:00:00
W002813,U002813,186034.7,IDR,ACTIVE,2025-03-26 07:00:00,2025-11-06 07:00:00
W002814,U002814,15917.38,IDR,ACTIVE,2024-04-17 18:00:00,2025-01-17 18:00:00
W002815,U002815,7956.67,IDR,FROZEN,2026-06-13 00:00:00,2026-08-23 00:00:00
W002816,U002816,224721.66,IDR,ACTIVE,2024-03-28 22:00:00,2025-08-07 22:00:00
W002817,U002817,25212.72,IDR,ACTIVE,2026-01-02 07:00:00,2026-08-23 00:00:00
W002818,U002818,214324.61,IDR,ACTIVE,2024-02-20 17:00:00,2025-06-12 17:00:00
W002819,U002819,136026.84,IDR,ACTIVE,2024-11-09 17:00:00,2025-11-22 17:00:00
W002820,U002820,22602.88,IDR,ACTIVE,2024-11-13 05:00:00,2025-11-08 05:00:00
W002821,U002821,115138.68,IDR,ACTIVE,2025-01-01 20:00:00,2026-02-05 20:00:00
W002822,U002822,13002.27,IDR,ACTIVE,2026-08-05 21:00:00,2026-08-23 00:00:00
W002823,U002823,166856.0,IDR,ACTIVE,2025-10-10 12:00:00,2026-08-23 00:00:00
W002824,U002824,22141.93,IDR,ACTIVE,2025-02-25 14:00:00,2026-02-12 14:00:00
W002825,U002825,167301.48,IDR,ACTIVE,2024-02-27 11:00:00,2025-05-04 11:00:00
W002826,U002826,16792.97,IDR,ACTIVE,2025-04-16 20:00:00,2025-12-21 20:00:00
W002827,U002827,23436.42,IDR,ACTIVE,2024-02-11 08:00:00,2025-03-29 08:00:00
W002828,U002828,296157.77,IDR,ACTIVE,2026-08-03 10:00:00,2026-08-23 00:00:00
W002829,U002829,96664.61,IDR,ACTIVE,2026-05-08 20:00:00,2026-08-23 00:00:00
W002830,U002830,25500.0,IDR,ACTIVE,2025-08-10 04:00:00,2026-08-23 00:00:00
W002831,U002831,77949.7,IDR,ACTIVE,2025-10-25 04:00:00,2025-10-31 04:00:00
W002832,U002832,76196.9,IDR,ACTIVE,2025-11-13 21:00:00,2026-02-26 21:00:00
W002833,U002833,47650.06,IDR,ACTIVE,2024-10-28 13:00:00,2025-12-27 13:00:00
W002834,U002834,75473.82,IDR,ACTIVE,2025-01-05 21:00:00,2025-05-22 21:00:00
W002835,U002835,188428.12,IDR,ACTIVE,2024-01-16 18:00:00,2024-10-31 18:00:00
W002836,U002836,132017.03,IDR,ACTIVE,2026-06-03 23:00:00,2026-08-23 00:00:00
W002837,U002837,101193.78,IDR,ACTIVE,2024-03-29 06:00:00,2024-12-19 06:00:00
W002838,U002838,24872.08,IDR,ACTIVE,2025-11-12 14:00:00,2025-12-20 14:00:00
W002839,U002839,16623.71,IDR,ACTIVE,2025-05-04 21:00:00,2026-07-29 21:00:00
W002840,U002840,55731.1,IDR,ACTIVE,2025-09-10 01:00:00,2026-08-23 00:00:00
W002841,U002841,135203.38,IDR,ACTIVE,2026-04-26 13:00:00,2026-08-23 00:00:00
W002842,U002842,8931.8,IDR,ACTIVE,2024-12-10 20:00:00,2025-03-23 20:00:00
W002843,U002843,37698.32,IDR,ACTIVE,2026-03-31 19:00:00,2026-08-12 19:00:00
W002844,U002844,94388.61,IDR,ACTIVE,2026-04-22 02:00:00,2026-05-10 02:00:00
W002845,U002845,219734.77,IDR,ACTIVE,2025-06-23 21:00:00,2026-08-23 00:00:00
W002846,U002846,5973.83,IDR,ACTIVE,2026-01-27 06:00:00,2026-08-23 00:00:00
W002847,U002847,55375.41,IDR,ACTIVE,2024-08-03 04:00:00,2025-06-14 04:00:00
W002848,U002848,35335.26,IDR,ACTIVE,2026-05-09 02:00:00,2026-08-23 00:00:00
W002849,U002849,60580.99,IDR,CLOSED,2024-08-08 18:00:00,2025-04-29 18:00:00
W002850,U002850,101461.9,IDR,ACTIVE,2024-02-05 12:00:00,2024-02-12 12:00:00
W002851,U002851,11956.1,IDR,ACTIVE,2026-07-03 22:00:00,2026-08-23 00:00:00
W002852,U002852,23863.42,IDR,ACTIVE,2024-04-03 16:00:00,2024-10-11 16:00:00
W002853,U002853,26486.97,IDR,ACTIVE,2024-02-01 15:00:00,2025-03-14 15:00:00
W002854,U002854,42198.39,IDR,ACTIVE,2025-11-20 01:00:00,2026-03-25 01:00:00
W002855,U002855,176032.9,IDR,ACTIVE,2025-08-13 20:00:00,2025-11-18 20:00:00
W002856,U002856,22075.91,IDR,ACTIVE,2024-02-20 00:00:00,2024-08-22 00:00:00
W002857,U002857,31009.28,IDR,ACTIVE,2026-07-08 19:00:00,2026-08-23 00:00:00
W002858,U002858,16140.52,IDR,ACTIVE,2025-11-07 20:00:00,2026-08-23 00:00:00
W002859,U002859,42561.08,IDR,ACTIVE,2024-06-19 05:00:00,2024-11-27 05:00:00
W002860,U002860,46457.36,IDR,ACTIVE,2026-04-12 01:00:00,2026-08-23 00:00:00
W002861,U002861,50034.61,IDR,ACTIVE,2026-06-03 12:00:00,2026-08-23 00:00:00
W002862,U002862,624092.44,IDR,ACTIVE,2025-12-27 02:00:00,2026-03-08 02:00:00
W002863,U002863,133952.41,IDR,ACTIVE,2024-01-24 10:00:00,2024-04-19 10:00:00
W002864,U002864,57731.18,IDR,ACTIVE,2026-04-25 16:00:00,2026-08-23 00:00:00
W002865,U002865,99717.73,IDR,ACTIVE,2025-09-06 18:00:00,2026-08-17 18:00:00
W002866,U002866,33772.9,IDR,ACTIVE,2025-07-15 21:00:00,2026-08-23 00:00:00
W002867,U002867,474467.19,IDR,ACTIVE,2026-06-04 16:00:00,2026-08-23 00:00:00
W002868,U002868,140697.76,IDR,ACTIVE,2024-10-06 12:00:00,2025-10-31 12:00:00
W002869,U002869,120798.88,IDR,ACTIVE,2025-11-14 16:00:00,2025-12-19 16:00:00
W002870,U002870,228323.67,IDR,ACTIVE,2025-07-11 00:00:00,2026-03-03 00:00:00
W002871,U002871,340409.56,IDR,ACTIVE,2026-06-19 09:00:00,2026-08-23 00:00:00
W002872,U002872,22581.84,IDR,ACTIVE,2026-08-08 05:00:00,2026-08-23 00:00:00
W002873,U002873,198146.76,IDR,ACTIVE,2025-11-15 22:00:00,2026-06-07 22:00:00
W002874,U002874,92237.33,IDR,ACTIVE,2025-02-07 07:00:00,2026-03-13 07:00:00
W002875,U002875,79375.8,IDR,ACTIVE,2024-12-20 16:00:00,2025-01-04 16:00:00
W002876,U002876,290630.2,IDR,ACTIVE,2024-03-20 20:00:00,2024-09-06 20:00:00
W002877,U002877,24393.16,IDR,ACTIVE,2024-10-15 21:00:00,2025-06-30 21:00:00
W002878,U002878,58707.29,IDR,ACTIVE,2025-05-08 08:00:00,2026-06-12 08:00:00
W002879,U002879,51375.48,IDR,ACTIVE,2024-04-05 06:00:00,2025-05-20 06:00:00
W002880,U002880,90883.1,IDR,ACTIVE,2024-01-27 04:00:00,2025-03-01 04:00:00
W002881,U002881,95269.74,IDR,ACTIVE,2024-12-30 06:00:00,2025-03-28 06:00:00
W002882,U002882,189119.96,IDR,ACTIVE,2026-02-27 22:00:00,2026-08-23 00:00:00
W002883,U002883,63965.19,IDR,ACTIVE,2024-05-01 15:00:00,2025-07-12 15:00:00
W002884,U002884,320634.01,IDR,ACTIVE,2026-06-06 06:00:00,2026-08-23 00:00:00
W002885,U002885,658980.54,IDR,CLOSED,2025-03-17 07:00:00,2026-04-18 07:00:00
W002886,U002886,101832.56,IDR,ACTIVE,2026-07-31 22:00:00,2026-08-23 00:00:00
W002887,U002887,22188.76,IDR,ACTIVE,2025-09-26 21:00:00,2026-08-23 00:00:00
W002888,U002888,34585.68,IDR,ACTIVE,2024-02-20 01:00:00,2025-04-05 01:00:00
W002889,U002889,120381.98,IDR,ACTIVE,2025-03-28 07:00:00,2025-12-15 07:00:00
W002890,U002890,94863.82,IDR,ACTIVE,2024-02-10 22:00:00,2024-06-12 22:00:00
W002891,U002891,89423.45,IDR,ACTIVE,2025-08-11 18:00:00,2026-04-08 18:00:00
W002892,U002892,382692.61,IDR,ACTIVE,2025-08-17 15:00:00,2026-02-01 15:00:00
W002893,U002893,167638.8,IDR,ACTIVE,2024-12-15 16:00:00,2025-12-16 16:00:00
W002894,U002894,41313.14,IDR,ACTIVE,2024-07-08 05:00:00,2024-09-06 05:00:00
W002895,U002895,52823.6,IDR,ACTIVE,2026-03-27 03:00:00,2026-08-23 00:00:00
W002896,U002896,39261.28,IDR,ACTIVE,2025-02-22 02:00:00,2026-04-13 02:00:00
W002897,U002897,26830.06,IDR,ACTIVE,2025-05-27 23:00:00,2026-01-23 23:00:00
W002898,U002898,417724.41,IDR,ACTIVE,2025-05-05 14:00:00,2025-07-29 14:00:00
W002899,U002899,94025.64,IDR,ACTIVE,2025-07-18 02:00:00,2026-07-18 02:00:00
W002900,U002900,19212.32,IDR,ACTIVE,2026-02-26 07:00:00,2026-04-20 07:00:00
W002901,U002901,284470.27,IDR,ACTIVE,2024-12-22 05:00:00,2026-04-29 05:00:00
W002902,U002902,30356.87,IDR,FROZEN,2026-06-28 11:00:00,2026-08-23 00:00:00
W002903,U002903,77955.12,IDR,ACTIVE,2025-02-10 14:00:00,2025-07-18 14:00:00
W002904,U002904,13980.03,IDR,CLOSED,2025-05-03 00:00:00,2025-08-22 00:00:00
W002905,U002905,66892.12,IDR,ACTIVE,2025-10-16 04:00:00,2026-08-23 00:00:00
W002906,U002906,14379.17,IDR,ACTIVE,2024-07-06 03:00:00,2024-09-12 03:00:00
W002907,U002907,9399.51,IDR,ACTIVE,2025-12-30 15:00:00,2026-08-23 00:00:00
W002908,U002908,135747.08,IDR,ACTIVE,2024-02-22 14:00:00,2025-03-30 14:00:00
W002909,U002909,213383.36,IDR,ACTIVE,2024-09-16 09:00:00,2024-12-15 09:00:00
W002910,U002910,83085.56,IDR,ACTIVE,2026-03-12 07:00:00,2026-08-23 00:00:00
W002911,U002911,872945.75,IDR,ACTIVE,2025-07-04 15:00:00,2026-08-23 00:00:00
W002912,U002912,32711.64,IDR,ACTIVE,2025-01-11 16:00:00,2025-10-16 16:00:00
W002913,U002913,11447.08,IDR,ACTIVE,2025-06-09 02:00:00,2026-08-23 00:00:00
W002914,U002914,97037.11,IDR,ACTIVE,2026-08-03 17:00:00,2026-08-23 00:00:00
W002915,U002915,23808.09,IDR,ACTIVE,2024-04-26 05:00:00,2024-05-08 05:00:00
W002916,U002916,58413.5,IDR,ACTIVE,2026-01-12 06:00:00,2026-01-24 06:00:00
W002917,U002917,171634.32,IDR,ACTIVE,2026-07-05 03:00:00,2026-08-23 00:00:00
W002918,U002918,36515.86,IDR,ACTIVE,2026-07-12 04:00:00,2026-08-23 00:00:00
W002919,U002919,58476.6,IDR,ACTIVE,2025-08-13 05:00:00,2026-08-23 00:00:00
W002920,U002920,202028.85,IDR,FROZEN,2026-03-02 02:00:00,2026-08-23 00:00:00
W002921,U002921,51393.66,IDR,ACTIVE,2025-04-08 03:00:00,2025-04-12 03:00:00
W002922,U002922,97023.91,IDR,ACTIVE,2026-05-28 11:00:00,2026-08-23 00:00:00
W002923,U002923,110184.24,IDR,ACTIVE,2025-05-16 01:00:00,2025-05-25 01:00:00
W002924,U002924,51819.0,IDR,ACTIVE,2024-08-10 14:00:00,2025-06-14 14:00:00
W002925,U002925,53429.77,IDR,ACTIVE,2026-03-19 05:00:00,2026-08-23 00:00:00
W002926,U002926,60781.09,IDR,ACTIVE,2025-03-19 02:00:00,2025-07-12 02:00:00
W002927,U002927,32871.14,IDR,ACTIVE,2025-03-02 20:00:00,2025-05-27 20:00:00
W002928,U002928,92110.11,IDR,ACTIVE,2024-09-20 06:00:00,2025-06-25 06:00:00
W002929,U002929,33552.65,IDR,ACTIVE,2024-06-15 00:00:00,2024-07-23 00:00:00
W002930,U002930,37880.17,IDR,ACTIVE,2024-08-07 21:00:00,2025-03-24 21:00:00
W002931,U002931,24192.11,IDR,ACTIVE,2026-03-01 05:00:00,2026-03-16 05:00:00
W002932,U002932,221140.62,IDR,ACTIVE,2026-07-20 20:00:00,2026-08-23 00:00:00
W002933,U002933,16895.25,IDR,ACTIVE,2026-04-17 02:00:00,2026-08-23 00:00:00
W002934,U002934,394663.4,IDR,ACTIVE,2026-01-30 09:00:00,2026-02-01 09:00:00
W002935,U002935,55180.54,IDR,ACTIVE,2025-03-13 08:00:00,2025-09-27 08:00:00
W002936,U002936,41497.87,IDR,ACTIVE,2026-03-22 12:00:00,2026-05-03 12:00:00
W002937,U002937,24236.12,IDR,ACTIVE,2024-07-07 07:00:00,2025-08-28 07:00:00
W002938,U002938,26481.78,IDR,ACTIVE,2024-05-15 01:00:00,2025-09-06 01:00:00
W002939,U002939,33381.96,IDR,ACTIVE,2024-06-30 15:00:00,2024-09-11 15:00:00
W002940,U002940,1252543.64,IDR,ACTIVE,2024-12-12 05:00:00,2024-12-30 05:00:00
W002941,U002941,33324.54,IDR,ACTIVE,2024-09-02 23:00:00,2025-01-24 23:00:00
W002942,U002942,99612.72,IDR,ACTIVE,2025-12-06 01:00:00,2026-08-23 00:00:00
W002943,U002943,49008.36,IDR,ACTIVE,2024-03-02 18:00:00,2025-07-04 18:00:00
W002944,U002944,437523.04,IDR,ACTIVE,2025-05-10 00:00:00,2025-12-18 00:00:00
W002945,U002945,76517.67,IDR,ACTIVE,2025-01-19 06:00:00,2026-01-07 06:00:00
W002946,U002946,19497.31,IDR,ACTIVE,2025-02-18 11:00:00,2025-06-15 11:00:00
W002947,U002947,38866.15,IDR,ACTIVE,2024-10-17 06:00:00,2025-04-20 06:00:00
W002948,U002948,687573.47,IDR,ACTIVE,2024-07-23 03:00:00,2025-11-23 03:00:00
W002949,U002949,140992.19,IDR,FROZEN,2024-11-29 22:00:00,2025-03-04 22:00:00
W002950,U002950,59049.88,IDR,ACTIVE,2026-02-02 04:00:00,2026-07-18 04:00:00
W002951,U002951,25204.83,IDR,ACTIVE,2025-02-12 01:00:00,2025-07-21 01:00:00
W002952,U002952,27770.92,IDR,ACTIVE,2025-01-01 08:00:00,2025-07-13 08:00:00
W002953,U002953,21950.27,IDR,ACTIVE,2026-04-04 15:00:00,2026-08-07 15:00:00
W002954,U002954,13595.9,IDR,ACTIVE,2026-07-17 11:00:00,2026-08-23 00:00:00
W002955,U002955,131396.41,IDR,ACTIVE,2024-12-06 23:00:00,2026-04-05 23:00:00
W002956,U002956,107886.17,IDR,ACTIVE,2025-05-21 03:00:00,2025-09-03 03:00:00
W002957,U002957,70754.23,IDR,ACTIVE,2025-12-22 21:00:00,2026-02-24 21:00:00
W002958,U002958,257991.09,IDR,ACTIVE,2025-06-23 18:00:00,2026-01-11 18:00:00
W002959,U002959,126381.3,IDR,ACTIVE,2026-01-22 06:00:00,2026-02-19 06:00:00
W002960,U002960,15975.17,IDR,ACTIVE,2025-10-04 04:00:00,2026-03-03 04:00:00
W002961,U002961,1324557.36,IDR,ACTIVE,2025-03-27 15:00:00,2025-09-01 15:00:00
W002962,U002962,61609.16,IDR,ACTIVE,2025-05-17 20:00:00,2026-07-22 20:00:00
W002963,U002963,149485.6,IDR,ACTIVE,2025-11-17 10:00:00,2026-08-23 00:00:00
W002964,U002964,62197.99,IDR,ACTIVE,2024-03-27 21:00:00,2024-10-27 21:00:00
W002965,U002965,68195.2,IDR,ACTIVE,2025-06-12 10:00:00,2025-10-12 10:00:00
W002966,U002966,13304.42,IDR,ACTIVE,2025-09-28 18:00:00,2025-10-23 18:00:00
W002967,U002967,34321.74,IDR,ACTIVE,2024-11-16 12:00:00,2025-03-11 12:00:00
W002968,U002968,100429.39,IDR,ACTIVE,2026-07-30 16:00:00,2026-08-23 00:00:00
W002969,U002969,53077.0,IDR,ACTIVE,2025-08-13 15:00:00,2026-01-02 15:00:00
W002970,U002970,14953.69,IDR,ACTIVE,2026-05-08 07:00:00,2026-08-23 00:00:00
W002971,U002971,147008.34,IDR,ACTIVE,2026-03-16 18:00:00,2026-08-23 00:00:00
W002972,U002972,50836.32,IDR,ACTIVE,2024-11-06 00:00:00,2025-10-31 00:00:00
W002973,U002973,67181.44,IDR,ACTIVE,2025-09-06 00:00:00,2026-08-23 00:00:00
W002974,U002974,16127.21,IDR,ACTIVE,2025-08-05 09:00:00,2025-09-26 09:00:00
W002975,U002975,12030.44,IDR,ACTIVE,2026-05-09 04:00:00,2026-08-23 00:00:00
W002976,U002976,70926.76,IDR,ACTIVE,2024-02-27 15:00:00,2024-08-29 15:00:00
W002977,U002977,221947.21,IDR,ACTIVE,2024-06-08 02:00:00,2025-06-08 02:00:00
W002978,U002978,142142.42,IDR,ACTIVE,2024-03-07 13:00:00,2024-11-27 13:00:00
W002979,U002979,121238.31,IDR,ACTIVE,2024-02-07 20:00:00,2024-04-09 20:00:00
W002980,U002980,77338.28,IDR,ACTIVE,2024-07-12 12:00:00,2025-01-13 12:00:00
W002981,U002981,18642.09,IDR,ACTIVE,2024-05-11 00:00:00,2024-09-03 00:00:00
W002982,U002982,7982.38,IDR,ACTIVE,2025-10-09 08:00:00,2026-08-23 00:00:00
W002983,U002983,826789.64,IDR,ACTIVE,2026-07-30 11:00:00,2026-08-23 00:00:00
W002984,U002984,50575.78,IDR,ACTIVE,2026-07-03 16:00:00,2026-08-23 00:00:00
W002985,U002985,35239.06,IDR,FROZEN,2026-07-31 23:00:00,2026-08-23 00:00:00
W002986,U002986,65966.21,IDR,ACTIVE,2025-10-23 12:00:00,2026-08-23 00:00:00
W002987,U002987,24145.32,IDR,ACTIVE,2025-12-15 09:00:00,2026-08-23 00:00:00
W002988,U002988,39253.63,IDR,ACTIVE,2026-06-14 01:00:00,2026-08-03 01:00:00
W002989,U002989,382742.83,IDR,ACTIVE,2025-10-31 03:00:00,2026-08-23 00:00:00
W002990,U002990,87397.88,IDR,ACTIVE,2026-05-23 19:00:00,2026-06-02 19:00:00
W002991,U002991,110484.04,IDR,ACTIVE,2026-04-08 06:00:00,2026-07-03 06:00:00
W002992,U002992,55111.46,IDR,ACTIVE,2024-01-27 03:00:00,2024-08-06 03:00:00
W002993,U002993,190385.06,IDR,ACTIVE,2025-08-03 03:00:00,2026-06-06 03:00:00
W002994,U002994,184653.83,IDR,ACTIVE,2024-12-16 17:00:00,2026-04-06 17:00:00
W002995,U002995,49286.99,IDR,ACTIVE,2025-11-27 00:00:00,2026-06-22 00:00:00
W002996,U002996,61936.85,IDR,ACTIVE,2024-06-20 00:00:00,2025-08-25 00:00:00
W002997,U002997,228966.29,IDR,ACTIVE,2024-08-13 03:00:00,2025-10-23 03:00:00
W002998,U002998,65671.55,IDR,ACTIVE,2026-05-22 11:00:00,2026-06-07 11:00:00
W002999,U002999,43947.72,IDR,ACTIVE,2026-07-11 10:00:00,2026-08-23 00:00:00
W003000,U003000,47036.78,IDR,ACTIVE,2025-09-20 18:00:00,2026-08-23 00:00:00
W003001,U003001,38980.54,IDR,ACTIVE,2025-01-26 12:00:00,2026-03-19 12:00:00
W003002,U003002,64860.61,IDR,ACTIVE,2024-08-22 15:00:00,2025-07-12 15:00:00
W003003,U003003,40186.98,IDR,ACTIVE,2026-07-20 00:00:00,2026-08-23 00:00:00
W003004,U003004,64690.8,IDR,ACTIVE,2026-05-24 03:00:00,2026-08-23 00:00:00
W003005,U003005,30886.2,IDR,ACTIVE,2026-02-16 20:00:00,2026-05-08 20:00:00
W003006,U003006,89232.87,IDR,ACTIVE,2025-12-19 04:00:00,2026-08-23 00:00:00
W003007,U003007,103520.66,IDR,ACTIVE,2026-05-13 16:00:00,2026-08-23 00:00:00
W003008,U003008,123696.98,IDR,ACTIVE,2025-08-07 06:00:00,2026-08-17 06:00:00
W003009,U003009,105531.04,IDR,ACTIVE,2024-07-09 21:00:00,2025-02-14 21:00:00
W003010,U003010,174319.0,IDR,ACTIVE,2024-06-26 13:00:00,2025-03-28 13:00:00
W003011,U003011,70059.39,IDR,ACTIVE,2026-03-27 20:00:00,2026-08-23 00:00:00
W003012,U003012,64130.84,IDR,CLOSED,2025-10-13 15:00:00,2026-08-23 00:00:00
W003013,U003013,34755.39,IDR,ACTIVE,2024-07-01 00:00:00,2024-09-11 00:00:00
W003014,U003014,136742.2,IDR,ACTIVE,2025-05-15 08:00:00,2026-07-21 08:00:00
W003015,U003015,36865.98,IDR,ACTIVE,2025-03-28 15:00:00,2025-05-08 15:00:00
W003016,U003016,11657.42,IDR,ACTIVE,2026-07-28 07:00:00,2026-08-23 00:00:00
W003017,U003017,33245.01,IDR,ACTIVE,2024-11-25 10:00:00,2025-03-21 10:00:00
W003018,U003018,148446.48,IDR,ACTIVE,2024-09-13 15:00:00,2025-03-24 15:00:00
W003019,U003019,118478.79,IDR,ACTIVE,2025-05-09 02:00:00,2025-09-15 02:00:00
W003020,U003020,80000.21,IDR,ACTIVE,2026-01-01 04:00:00,2026-08-23 00:00:00
W003021,U003021,617253.8,IDR,ACTIVE,2024-10-20 23:00:00,2025-06-17 23:00:00
W003022,U003022,89674.38,IDR,ACTIVE,2025-05-29 21:00:00,2026-08-23 00:00:00
W003023,U003023,28445.82,IDR,ACTIVE,2025-12-31 14:00:00,2026-08-23 00:00:00
W003024,U003024,26218.77,IDR,ACTIVE,2025-06-29 10:00:00,2025-10-18 10:00:00
W003025,U003025,105371.46,IDR,ACTIVE,2024-01-22 09:00:00,2024-07-26 09:00:00
W003026,U003026,272187.81,IDR,ACTIVE,2025-03-19 11:00:00,2025-09-16 11:00:00
W003027,U003027,63284.58,IDR,ACTIVE,2025-04-19 17:00:00,2026-08-23 00:00:00
W003028,U003028,92507.81,IDR,ACTIVE,2026-05-21 01:00:00,2026-08-03 01:00:00
W003029,U003029,97620.8,IDR,ACTIVE,2026-07-11 19:00:00,2026-08-23 00:00:00
W003030,U003030,649915.61,IDR,ACTIVE,2025-03-10 13:00:00,2026-03-13 13:00:00
W003031,U003031,163294.94,IDR,ACTIVE,2024-06-09 11:00:00,2024-11-12 11:00:00
W003032,U003032,212250.6,IDR,ACTIVE,2026-07-09 06:00:00,2026-08-23 00:00:00
W003033,U003033,27424.58,IDR,ACTIVE,2026-01-06 13:00:00,2026-08-23 00:00:00
W003034,U003034,36743.85,IDR,ACTIVE,2024-12-27 04:00:00,2026-02-15 04:00:00
W003035,U003035,34188.58,IDR,ACTIVE,2026-08-14 22:00:00,2026-08-23 00:00:00
W003036,U003036,50243.77,IDR,ACTIVE,2026-01-10 08:00:00,2026-04-24 08:00:00
W003037,U003037,68305.81,IDR,FROZEN,2024-05-01 20:00:00,2024-06-17 20:00:00
W003038,U003038,86029.96,IDR,ACTIVE,2025-11-14 19:00:00,2025-11-26 19:00:00
W003039,U003039,58987.13,IDR,ACTIVE,2026-02-18 16:00:00,2026-08-23 00:00:00
W003040,U003040,33475.09,IDR,ACTIVE,2026-05-20 08:00:00,2026-08-23 00:00:00
W003041,U003041,22641.72,IDR,ACTIVE,2026-01-07 20:00:00,2026-08-23 00:00:00
W003042,U003042,95422.22,IDR,ACTIVE,2025-05-07 08:00:00,2026-05-05 08:00:00
W003043,U003043,127637.91,IDR,ACTIVE,2024-11-29 21:00:00,2025-04-30 21:00:00
W003044,U003044,52390.17,IDR,ACTIVE,2024-08-10 01:00:00,2024-10-26 01:00:00
W003045,U003045,13259.92,IDR,ACTIVE,2025-11-17 13:00:00,2025-11-20 13:00:00
W003046,U003046,161434.33,IDR,ACTIVE,2026-05-17 09:00:00,2026-07-13 09:00:00
W003047,U003047,50276.29,IDR,ACTIVE,2024-10-04 01:00:00,2025-11-09 01:00:00
W003048,U003048,17217.12,IDR,ACTIVE,2024-11-29 00:00:00,2025-02-22 00:00:00
W003049,U003049,62506.42,IDR,ACTIVE,2024-10-05 11:00:00,2024-12-30 11:00:00
W003050,U003050,174114.4,IDR,ACTIVE,2025-11-18 10:00:00,2026-08-23 00:00:00
W003051,U003051,42277.51,IDR,ACTIVE,2025-04-27 21:00:00,2026-03-30 21:00:00
W003052,U003052,6294.72,IDR,ACTIVE,2025-01-29 06:00:00,2025-06-08 06:00:00
W003053,U003053,47814.29,IDR,FROZEN,2024-02-24 02:00:00,2024-10-11 02:00:00
W003054,U003054,31969.54,IDR,ACTIVE,2025-09-11 05:00:00,2025-12-15 05:00:00
W003055,U003055,74416.95,IDR,FROZEN,2026-06-09 00:00:00,2026-08-23 00:00:00
W003056,U003056,63968.18,IDR,ACTIVE,2026-08-03 11:00:00,2026-08-23 00:00:00
W003057,U003057,38955.19,IDR,ACTIVE,2024-09-26 15:00:00,2025-04-03 15:00:00
W003058,U003058,36805.93,IDR,ACTIVE,2025-07-29 21:00:00,2025-08-14 21:00:00
W003059,U003059,238023.17,IDR,ACTIVE,2024-10-01 12:00:00,2025-02-04 12:00:00
W003060,U003060,104752.47,IDR,ACTIVE,2024-07-05 19:00:00,2024-07-23 19:00:00
W003061,U003061,101310.38,IDR,ACTIVE,2025-05-04 17:00:00,2025-09-18 17:00:00
W003062,U003062,151507.24,IDR,ACTIVE,2026-08-13 05:00:00,2026-08-23 00:00:00
W003063,U003063,49875.32,IDR,ACTIVE,2025-05-06 14:00:00,2025-08-10 14:00:00
W003064,U003064,320514.91,IDR,ACTIVE,2024-04-07 06:00:00,2024-07-24 06:00:00
W003065,U003065,86924.41,IDR,ACTIVE,2024-08-19 23:00:00,2025-03-14 23:00:00
W003066,U003066,70804.75,IDR,ACTIVE,2024-09-27 20:00:00,2026-01-02 20:00:00
W003067,U003067,85820.78,IDR,ACTIVE,2026-08-03 00:00:00,2026-08-23 00:00:00
W003068,U003068,47660.04,IDR,ACTIVE,2024-01-08 05:00:00,2025-02-21 05:00:00
W003069,U003069,33354.13,IDR,FROZEN,2025-06-30 13:00:00,2026-05-29 13:00:00
W003070,U003070,193656.65,IDR,ACTIVE,2026-06-03 11:00:00,2026-08-23 00:00:00
W003071,U003071,20919.82,IDR,ACTIVE,2024-05-16 04:00:00,2025-07-05 04:00:00
W003072,U003072,22521.95,IDR,FROZEN,2024-10-15 12:00:00,2025-03-09 12:00:00
W003073,U003073,56864.06,IDR,ACTIVE,2025-12-17 08:00:00,2026-08-23 00:00:00
W003074,U003074,27670.15,IDR,ACTIVE,2024-07-26 15:00:00,2025-02-03 15:00:00
W003075,U003075,13292.22,IDR,ACTIVE,2025-03-22 14:00:00,2025-12-31 14:00:00
W003076,U003076,21851.78,IDR,ACTIVE,2026-05-28 12:00:00,2026-08-22 12:00:00
W003077,U003077,28379.91,IDR,ACTIVE,2024-10-20 01:00:00,2025-07-31 01:00:00
W003078,U003078,90963.63,IDR,ACTIVE,2025-02-07 11:00:00,2025-03-08 11:00:00
W003079,U003079,52724.95,IDR,ACTIVE,2024-05-25 21:00:00,2024-07-03 21:00:00
W003080,U003080,158974.28,IDR,ACTIVE,2025-07-20 09:00:00,2025-11-23 09:00:00
W003081,U003081,7797.46,IDR,ACTIVE,2026-06-30 18:00:00,2026-08-23 00:00:00
W003082,U003082,20820.47,IDR,ACTIVE,2026-06-02 11:00:00,2026-08-23 00:00:00
W003083,U003083,24057.88,IDR,ACTIVE,2025-03-24 18:00:00,2026-01-14 18:00:00
W003084,U003084,77607.55,IDR,FROZEN,2026-05-06 16:00:00,2026-08-23 00:00:00
W003085,U003085,32085.51,IDR,ACTIVE,2026-03-08 00:00:00,2026-05-20 00:00:00
W003086,U003086,45389.72,IDR,ACTIVE,2024-12-07 11:00:00,2025-10-24 11:00:00
W003087,U003087,22091.31,IDR,ACTIVE,2024-06-29 03:00:00,2024-11-04 03:00:00
W003088,U003088,20800.84,IDR,ACTIVE,2024-08-05 16:00:00,2025-07-17 16:00:00
W003089,U003089,31011.13,IDR,ACTIVE,2025-08-10 10:00:00,2026-07-25 10:00:00
W003090,U003090,169505.8,IDR,ACTIVE,2024-06-12 04:00:00,2024-06-17 04:00:00
W003091,U003091,16872.85,IDR,ACTIVE,2024-09-03 05:00:00,2025-12-27 05:00:00
W003092,U003092,192392.09,IDR,ACTIVE,2025-06-09 23:00:00,2026-03-13 23:00:00
W003093,U003093,152407.29,IDR,ACTIVE,2025-04-21 10:00:00,2026-06-21 10:00:00
W003094,U003094,38855.26,IDR,ACTIVE,2024-10-18 03:00:00,2025-07-19 03:00:00
W003095,U003095,63731.34,IDR,ACTIVE,2026-08-15 18:00:00,2026-08-23 00:00:00
W003096,U003096,84080.4,IDR,ACTIVE,2025-01-29 01:00:00,2026-03-03 01:00:00
W003097,U003097,120708.18,IDR,ACTIVE,2025-06-09 05:00:00,2026-03-07 05:00:00
W003098,U003098,24033.3,IDR,ACTIVE,2024-12-29 19:00:00,2026-01-27 19:00:00
W003099,U003099,136231.49,IDR,ACTIVE,2025-10-23 10:00:00,2026-01-30 10:00:00
W003100,U003100,68903.83,IDR,ACTIVE,2025-09-14 13:00:00,2026-05-22 13:00:00
W003101,U003101,25606.01,IDR,ACTIVE,2026-03-06 00:00:00,2026-08-23 00:00:00
W003102,U003102,69648.48,IDR,ACTIVE,2024-08-06 17:00:00,2024-11-29 17:00:00
W003103,U003103,25359.85,IDR,ACTIVE,2025-04-25 07:00:00,2026-02-06 07:00:00
W003104,U003104,61542.77,IDR,ACTIVE,2024-09-15 09:00:00,2024-09-24 09:00:00
W003105,U003105,40502.21,IDR,ACTIVE,2024-11-07 23:00:00,2025-06-15 23:00:00
W003106,U003106,73370.43,IDR,ACTIVE,2025-04-24 15:00:00,2025-12-17 15:00:00
W003107,U003107,77703.54,IDR,ACTIVE,2024-11-12 18:00:00,2025-01-23 18:00:00
W003108,U003108,223583.63,IDR,FROZEN,2024-08-29 22:00:00,2025-11-17 22:00:00
W003109,U003109,113520.36,IDR,ACTIVE,2024-09-04 18:00:00,2025-11-20 18:00:00
W003110,U003110,94136.06,IDR,ACTIVE,2026-05-06 03:00:00,2026-08-23 00:00:00
W003111,U003111,12664.32,IDR,ACTIVE,2026-01-03 10:00:00,2026-01-09 10:00:00
W003112,U003112,163542.66,IDR,ACTIVE,2025-01-13 03:00:00,2025-11-05 03:00:00
W003113,U003113,42106.2,IDR,ACTIVE,2025-05-10 01:00:00,2026-03-14 01:00:00
W003114,U003114,22110.56,IDR,ACTIVE,2025-03-16 15:00:00,2025-08-13 15:00:00
W003115,U003115,494025.62,IDR,ACTIVE,2026-06-30 11:00:00,2026-08-23 00:00:00
W003116,U003116,32054.37,IDR,ACTIVE,2024-10-05 08:00:00,2024-10-17 08:00:00
W003117,U003117,252738.37,IDR,ACTIVE,2025-07-17 18:00:00,2026-08-23 00:00:00
W003118,U003118,85171.57,IDR,ACTIVE,2026-07-19 09:00:00,2026-08-23 00:00:00
W003119,U003119,105423.25,IDR,ACTIVE,2024-12-25 14:00:00,2026-02-06 14:00:00
W003120,U003120,62059.15,IDR,ACTIVE,2024-03-10 15:00:00,2024-06-24 15:00:00
W003121,U003121,26218.3,IDR,ACTIVE,2024-05-26 20:00:00,2024-10-29 20:00:00
W003122,U003122,127956.06,IDR,ACTIVE,2025-10-23 03:00:00,2026-08-23 00:00:00
W003123,U003123,79207.13,IDR,ACTIVE,2025-08-25 20:00:00,2026-02-03 20:00:00
W003124,U003124,78064.32,IDR,ACTIVE,2025-10-19 11:00:00,2026-05-18 11:00:00
W003125,U003125,67587.76,IDR,ACTIVE,2026-03-15 13:00:00,2026-08-23 00:00:00
W003126,U003126,48890.91,IDR,ACTIVE,2024-05-09 19:00:00,2025-08-20 19:00:00
W003127,U003127,128934.87,IDR,ACTIVE,2024-01-20 19:00:00,2024-04-12 19:00:00
W003128,U003128,102537.48,IDR,ACTIVE,2026-06-13 12:00:00,2026-08-23 00:00:00
W003129,U003129,144874.71,IDR,ACTIVE,2024-01-21 13:00:00,2024-05-16 13:00:00
W003130,U003130,50996.58,IDR,ACTIVE,2025-04-15 22:00:00,2025-12-14 22:00:00
W003131,U003131,47206.02,IDR,ACTIVE,2026-07-26 05:00:00,2026-08-23 00:00:00
W003132,U003132,37305.37,IDR,ACTIVE,2025-08-03 07:00:00,2026-04-10 07:00:00
W003133,U003133,69486.42,IDR,ACTIVE,2026-04-11 06:00:00,2026-08-23 00:00:00
W003134,U003134,13159.31,IDR,ACTIVE,2024-10-06 19:00:00,2024-11-15 19:00:00
W003135,U003135,882324.35,IDR,ACTIVE,2025-08-20 21:00:00,2025-09-09 21:00:00
W003136,U003136,33881.99,IDR,ACTIVE,2025-06-08 13:00:00,2026-01-01 13:00:00
W003137,U003137,214888.92,IDR,ACTIVE,2026-08-13 21:00:00,2026-08-23 00:00:00
W003138,U003138,41242.49,IDR,ACTIVE,2025-12-22 08:00:00,2026-01-23 08:00:00
W003139,U003139,15057.73,IDR,CLOSED,2026-02-01 07:00:00,2026-07-08 07:00:00
W003140,U003140,111871.99,IDR,FROZEN,2026-07-20 00:00:00,2026-08-23 00:00:00
W003141,U003141,355542.37,IDR,ACTIVE,2025-10-24 12:00:00,2026-07-16 12:00:00
W003142,U003142,105514.94,IDR,ACTIVE,2025-02-21 07:00:00,2025-05-08 07:00:00
W003143,U003143,330945.18,IDR,ACTIVE,2025-10-11 16:00:00,2026-05-26 16:00:00
W003144,U003144,200765.73,IDR,ACTIVE,2025-04-08 22:00:00,2026-01-13 22:00:00
W003145,U003145,24687.81,IDR,ACTIVE,2024-06-22 20:00:00,2025-05-12 20:00:00
W003146,U003146,130130.57,IDR,ACTIVE,2025-01-23 13:00:00,2025-02-09 13:00:00
W003147,U003147,2744.73,IDR,CLOSED,2024-05-27 23:00:00,2025-04-13 23:00:00
W003148,U003148,89449.51,IDR,ACTIVE,2025-06-20 18:00:00,2025-08-11 18:00:00
W003149,U003149,31449.17,IDR,ACTIVE,2025-01-15 00:00:00,2025-04-06 00:00:00
W003150,U003150,181887.79,IDR,ACTIVE,2024-04-30 08:00:00,2024-08-03 08:00:00
W003151,U003151,20259.99,IDR,ACTIVE,2024-08-15 13:00:00,2025-09-02 13:00:00
W003152,U003152,169123.76,IDR,ACTIVE,2024-05-02 14:00:00,2024-09-07 14:00:00
W003153,U003153,131972.52,IDR,ACTIVE,2024-02-06 21:00:00,2024-05-26 21:00:00
W003154,U003154,70940.56,IDR,FROZEN,2025-11-05 07:00:00,2026-08-05 07:00:00
W003155,U003155,35430.6,IDR,ACTIVE,2026-06-05 02:00:00,2026-08-23 00:00:00
W003156,U003156,128180.2,IDR,ACTIVE,2026-06-09 16:00:00,2026-08-23 00:00:00
W003157,U003157,10187.77,IDR,ACTIVE,2025-03-02 09:00:00,2025-04-09 09:00:00
W003158,U003158,29624.1,IDR,ACTIVE,2026-02-18 11:00:00,2026-08-23 00:00:00
W003159,U003159,63001.49,IDR,ACTIVE,2025-09-13 15:00:00,2026-08-23 00:00:00
W003160,U003160,70997.57,IDR,ACTIVE,2025-02-27 13:00:00,2026-03-17 13:00:00
W003161,U003161,30292.29,IDR,ACTIVE,2024-02-01 04:00:00,2024-08-30 04:00:00
W003162,U003162,30975.14,IDR,CLOSED,2025-03-02 02:00:00,2025-04-26 02:00:00
W003163,U003163,109051.84,IDR,ACTIVE,2025-05-11 09:00:00,2026-01-02 09:00:00
W003164,U003164,25323.62,IDR,ACTIVE,2024-01-30 05:00:00,2024-02-11 05:00:00
W003165,U003165,44617.29,IDR,ACTIVE,2024-04-09 06:00:00,2024-08-17 06:00:00
W003166,U003166,20174.25,IDR,ACTIVE,2025-12-17 17:00:00,2026-08-20 17:00:00
W003167,U003167,66472.41,IDR,ACTIVE,2025-05-25 23:00:00,2025-11-17 23:00:00
W003168,U003168,51808.75,IDR,ACTIVE,2026-05-17 03:00:00,2026-08-23 00:00:00
W003169,U003169,9512.5,IDR,ACTIVE,2025-05-12 11:00:00,2026-06-22 11:00:00
W003170,U003170,16900.71,IDR,ACTIVE,2026-02-15 09:00:00,2026-08-23 00:00:00
W003171,U003171,3076.76,IDR,ACTIVE,2025-02-01 02:00:00,2025-12-31 02:00:00
W003172,U003172,230855.28,IDR,ACTIVE,2024-05-02 12:00:00,2025-01-19 12:00:00
W003173,U003173,32619.87,IDR,ACTIVE,2025-06-22 10:00:00,2026-04-21 10:00:00
W003174,U003174,91828.39,IDR,ACTIVE,2025-07-27 12:00:00,2026-02-18 12:00:00
W003175,U003175,23847.07,IDR,ACTIVE,2025-12-02 15:00:00,2026-08-23 00:00:00
W003176,U003176,272743.88,IDR,ACTIVE,2024-09-01 00:00:00,2024-09-08 00:00:00
W003177,U003177,12453.58,IDR,ACTIVE,2025-03-19 20:00:00,2025-12-11 20:00:00
W003178,U003178,205311.54,IDR,ACTIVE,2024-07-25 08:00:00,2024-11-16 08:00:00
W003179,U003179,70756.73,IDR,FROZEN,2024-12-07 06:00:00,2024-12-30 06:00:00
W003180,U003180,124660.34,IDR,ACTIVE,2025-09-15 09:00:00,2026-06-22 09:00:00
W003181,U003181,234860.44,IDR,ACTIVE,2024-12-06 11:00:00,2025-08-05 11:00:00
W003182,U003182,81890.89,IDR,ACTIVE,2025-07-20 23:00:00,2026-08-23 00:00:00
W003183,U003183,368351.62,IDR,ACTIVE,2026-02-19 12:00:00,2026-08-23 00:00:00
W003184,U003184,230424.4,IDR,ACTIVE,2026-02-08 00:00:00,2026-08-23 00:00:00
W003185,U003185,120505.43,IDR,ACTIVE,2025-12-01 01:00:00,2026-08-23 00:00:00
W003186,U003186,190756.85,IDR,ACTIVE,2025-03-26 08:00:00,2026-06-28 08:00:00
W003187,U003187,64151.55,IDR,ACTIVE,2025-12-21 16:00:00,2026-08-23 00:00:00
W003188,U003188,26434.32,IDR,ACTIVE,2025-08-20 01:00:00,2026-08-23 00:00:00
W003189,U003189,718782.38,IDR,ACTIVE,2024-02-17 04:00:00,2024-07-10 04:00:00
W003190,U003190,68605.27,IDR,ACTIVE,2026-08-06 12:00:00,2026-08-23 00:00:00
W003191,U003191,85983.25,IDR,ACTIVE,2026-06-07 05:00:00,2026-08-23 00:00:00
W003192,U003192,17634.94,IDR,ACTIVE,2025-05-21 05:00:00,2025-12-28 05:00:00
W003193,U003193,252254.96,IDR,ACTIVE,2026-06-03 14:00:00,2026-08-23 00:00:00
W003194,U003194,83639.86,IDR,FROZEN,2025-07-30 22:00:00,2026-02-08 22:00:00
W003195,U003195,108944.63,IDR,ACTIVE,2025-08-27 17:00:00,2026-04-18 17:00:00
W003196,U003196,125312.52,IDR,ACTIVE,2025-12-12 13:00:00,2026-08-23 00:00:00
W003197,U003197,31799.07,IDR,ACTIVE,2026-01-03 02:00:00,2026-05-17 02:00:00
W003198,U003198,244319.57,IDR,ACTIVE,2024-07-27 06:00:00,2025-07-15 06:00:00
W003199,U003199,93181.28,IDR,ACTIVE,2024-11-17 16:00:00,2024-12-30 16:00:00
W003200,U003200,10006.15,IDR,ACTIVE,2025-01-15 14:00:00,2026-04-26 14:00:00
W003201,U003201,191622.42,IDR,ACTIVE,2025-05-29 04:00:00,2026-03-26 04:00:00
W003202,U003202,58411.3,IDR,ACTIVE,2025-12-21 06:00:00,2026-08-23 00:00:00
W003203,U003203,34990.64,IDR,ACTIVE,2025-09-25 00:00:00,2026-02-28 00:00:00
W003204,U003204,13577.84,IDR,ACTIVE,2024-04-20 00:00:00,2025-03-18 00:00:00
W003205,U003205,44648.17,IDR,ACTIVE,2026-04-14 00:00:00,2026-08-23 00:00:00
W003206,U003206,40157.93,IDR,ACTIVE,2024-04-04 16:00:00,2025-05-12 16:00:00
W003207,U003207,216407.13,IDR,ACTIVE,2025-09-14 07:00:00,2026-02-02 07:00:00
W003208,U003208,37276.45,IDR,ACTIVE,2024-07-13 03:00:00,2025-06-13 03:00:00
W003209,U003209,16025.04,IDR,ACTIVE,2026-06-19 12:00:00,2026-08-23 00:00:00
W003210,U003210,110173.59,IDR,ACTIVE,2025-06-12 13:00:00,2025-10-20 13:00:00
W003211,U003211,229338.95,IDR,ACTIVE,2024-06-01 05:00:00,2025-06-07 05:00:00
W003212,U003212,47538.21,IDR,ACTIVE,2026-02-03 06:00:00,2026-08-23 00:00:00
W003213,U003213,467338.83,IDR,ACTIVE,2025-06-17 13:00:00,2026-03-28 13:00:00
W003214,U003214,188907.87,IDR,ACTIVE,2025-02-04 06:00:00,2026-04-29 06:00:00
W003215,U003215,253939.24,IDR,ACTIVE,2024-02-25 23:00:00,2024-10-25 23:00:00
W003216,U003216,106892.38,IDR,ACTIVE,2026-03-23 04:00:00,2026-08-23 00:00:00
W003217,U003217,94961.64,IDR,ACTIVE,2025-08-01 05:00:00,2026-06-22 05:00:00
W003218,U003218,35759.28,IDR,ACTIVE,2025-04-22 22:00:00,2026-05-26 22:00:00
W003219,U003219,346756.47,IDR,ACTIVE,2025-11-16 03:00:00,2026-08-23 00:00:00
W003220,U003220,281081.15,IDR,ACTIVE,2024-07-18 11:00:00,2025-01-10 11:00:00
W003221,U003221,356152.58,IDR,ACTIVE,2024-02-13 21:00:00,2024-12-05 21:00:00
W003222,U003222,64499.11,IDR,ACTIVE,2025-04-15 11:00:00,2026-04-02 11:00:00
W003223,U003223,48314.12,IDR,ACTIVE,2026-03-03 17:00:00,2026-07-08 17:00:00
W003224,U003224,142325.59,IDR,ACTIVE,2024-09-21 05:00:00,2024-11-05 05:00:00
W003225,U003225,42032.96,IDR,ACTIVE,2026-07-01 12:00:00,2026-08-23 00:00:00
W003226,U003226,65208.15,IDR,ACTIVE,2024-09-19 13:00:00,2024-10-15 13:00:00
W003227,U003227,10992.65,IDR,ACTIVE,2025-08-15 07:00:00,2025-12-18 07:00:00
W003228,U003228,86449.82,IDR,ACTIVE,2025-06-17 09:00:00,2025-07-24 09:00:00
W003229,U003229,120113.18,IDR,ACTIVE,2024-12-16 15:00:00,2026-01-08 15:00:00
W003230,U003230,260771.64,IDR,ACTIVE,2024-07-06 14:00:00,2025-01-28 14:00:00
W003231,U003231,148380.07,IDR,ACTIVE,2026-02-13 04:00:00,2026-08-23 00:00:00
W003232,U003232,178125.62,IDR,ACTIVE,2024-12-21 09:00:00,2025-10-23 09:00:00
W003233,U003233,428673.69,IDR,ACTIVE,2024-02-21 15:00:00,2024-05-12 15:00:00
W003234,U003234,30072.01,IDR,ACTIVE,2026-04-11 22:00:00,2026-08-23 00:00:00
W003235,U003235,25540.71,IDR,ACTIVE,2026-05-31 16:00:00,2026-08-23 00:00:00
W003236,U003236,80515.13,IDR,ACTIVE,2025-02-01 00:00:00,2025-07-24 00:00:00
W003237,U003237,22885.01,IDR,ACTIVE,2025-12-11 00:00:00,2026-04-17 00:00:00
W003238,U003238,92460.8,IDR,ACTIVE,2025-02-18 02:00:00,2025-09-19 02:00:00
W003239,U003239,23653.44,IDR,ACTIVE,2024-10-23 17:00:00,2024-11-30 17:00:00
W003240,U003240,28257.09,IDR,ACTIVE,2026-03-22 16:00:00,2026-08-23 00:00:00
W003241,U003241,13722.52,IDR,ACTIVE,2024-12-21 07:00:00,2025-08-05 07:00:00
W003242,U003242,85132.24,IDR,ACTIVE,2026-04-16 20:00:00,2026-08-07 20:00:00
W003243,U003243,18458.9,IDR,ACTIVE,2024-11-03 20:00:00,2025-08-06 20:00:00
W003244,U003244,112317.55,IDR,ACTIVE,2024-05-10 20:00:00,2025-02-24 20:00:00
W003245,U003245,133207.66,IDR,ACTIVE,2026-04-22 01:00:00,2026-08-23 00:00:00
W003246,U003246,33292.17,IDR,ACTIVE,2026-01-28 04:00:00,2026-08-23 00:00:00
W003247,U003247,154284.16,IDR,ACTIVE,2024-06-22 14:00:00,2025-05-18 14:00:00
W003248,U003248,136067.79,IDR,ACTIVE,2026-08-14 03:00:00,2026-08-23 00:00:00
W003249,U003249,200660.39,IDR,ACTIVE,2025-01-27 18:00:00,2025-07-24 18:00:00
W003250,U003250,30752.81,IDR,ACTIVE,2025-02-24 18:00:00,2025-08-05 18:00:00
W003251,U003251,29624.69,IDR,ACTIVE,2026-01-20 13:00:00,2026-08-23 00:00:00
W003252,U003252,125769.98,IDR,ACTIVE,2025-02-16 23:00:00,2025-05-03 23:00:00
W003253,U003253,79379.91,IDR,ACTIVE,2026-05-21 05:00:00,2026-06-11 05:00:00
W003254,U003254,87237.41,IDR,CLOSED,2024-06-23 05:00:00,2025-05-12 05:00:00
W003255,U003255,271382.11,IDR,ACTIVE,2024-01-12 16:00:00,2024-08-11 16:00:00
W003256,U003256,16112.32,IDR,CLOSED,2024-10-04 21:00:00,2024-11-16 21:00:00
W003257,U003257,166284.94,IDR,ACTIVE,2025-06-16 13:00:00,2026-07-30 13:00:00
W003258,U003258,136263.02,IDR,ACTIVE,2024-12-28 05:00:00,2025-04-25 05:00:00
W003259,U003259,120378.85,IDR,ACTIVE,2025-04-19 22:00:00,2025-11-04 22:00:00
W003260,U003260,182952.06,IDR,ACTIVE,2025-04-12 17:00:00,2025-04-27 17:00:00
W003261,U003261,55698.44,IDR,ACTIVE,2024-08-30 21:00:00,2025-06-20 21:00:00
W003262,U003262,22221.28,IDR,ACTIVE,2026-03-14 12:00:00,2026-08-23 00:00:00
W003263,U003263,37147.63,IDR,ACTIVE,2025-10-09 02:00:00,2026-02-27 02:00:00
W003264,U003264,32970.76,IDR,ACTIVE,2026-01-05 02:00:00,2026-08-23 00:00:00
W003265,U003265,5554.87,IDR,ACTIVE,2024-08-13 17:00:00,2025-11-10 17:00:00
W003266,U003266,120598.47,IDR,ACTIVE,2025-05-04 08:00:00,2025-10-01 08:00:00
W003267,U003267,48877.68,IDR,ACTIVE,2026-05-26 03:00:00,2026-08-23 00:00:00
W003268,U003268,56684.36,IDR,ACTIVE,2024-03-26 01:00:00,2025-01-07 01:00:00
W003269,U003269,39301.35,IDR,ACTIVE,2024-08-05 13:00:00,2024-10-09 13:00:00
W003270,U003270,65515.47,IDR,ACTIVE,2024-02-01 17:00:00,2024-09-16 17:00:00
W003271,U003271,322187.32,IDR,ACTIVE,2025-04-03 16:00:00,2025-09-18 16:00:00
W003272,U003272,13532.45,IDR,ACTIVE,2025-05-15 05:00:00,2025-09-01 05:00:00
W003273,U003273,400645.32,IDR,ACTIVE,2026-05-20 17:00:00,2026-08-23 00:00:00
W003274,U003274,84192.79,IDR,ACTIVE,2026-02-22 13:00:00,2026-08-23 00:00:00
W003275,U003275,41776.72,IDR,ACTIVE,2025-01-12 15:00:00,2026-05-01 15:00:00
W003276,U003276,46737.06,IDR,ACTIVE,2026-07-10 04:00:00,2026-08-23 00:00:00
W003277,U003277,27809.43,IDR,CLOSED,2025-01-24 14:00:00,2026-06-04 14:00:00
W003278,U003278,10047.27,IDR,ACTIVE,2024-03-29 00:00:00,2025-03-24 00:00:00
W003279,U003279,23790.06,IDR,ACTIVE,2026-04-16 06:00:00,2026-08-23 00:00:00
W003280,U003280,65769.17,IDR,ACTIVE,2024-06-23 21:00:00,2024-12-09 21:00:00
W003281,U003281,52197.42,IDR,ACTIVE,2025-05-21 02:00:00,2026-05-17 02:00:00
W003282,U003282,105178.05,IDR,ACTIVE,2024-08-21 13:00:00,2025-06-02 13:00:00
W003283,U003283,39649.71,IDR,ACTIVE,2024-11-08 18:00:00,2024-12-03 18:00:00
W003284,U003284,34864.93,IDR,ACTIVE,2025-01-16 11:00:00,2026-02-15 11:00:00
W003285,U003285,601804.68,IDR,ACTIVE,2026-04-05 09:00:00,2026-05-13 09:00:00
W003286,U003286,28461.29,IDR,ACTIVE,2024-08-08 13:00:00,2025-06-07 13:00:00
W003287,U003287,30110.99,IDR,ACTIVE,2024-12-01 08:00:00,2025-10-26 08:00:00
W003288,U003288,179554.81,IDR,ACTIVE,2024-12-19 13:00:00,2025-07-14 13:00:00
W003289,U003289,135715.18,IDR,ACTIVE,2024-11-07 07:00:00,2025-10-18 07:00:00
W003290,U003290,44618.58,IDR,ACTIVE,2026-07-26 15:00:00,2026-08-23 00:00:00
W003291,U003291,148203.74,IDR,ACTIVE,2025-10-01 13:00:00,2026-08-23 00:00:00
W003292,U003292,73912.37,IDR,ACTIVE,2024-03-15 16:00:00,2024-08-01 16:00:00
W003293,U003293,40052.67,IDR,ACTIVE,2025-11-11 07:00:00,2026-05-05 07:00:00
W003294,U003294,126144.94,IDR,ACTIVE,2025-05-24 14:00:00,2026-01-25 14:00:00
W003295,U003295,66907.58,IDR,ACTIVE,2025-06-04 15:00:00,2026-08-23 00:00:00
W003296,U003296,10554.06,IDR,ACTIVE,2026-05-30 11:00:00,2026-08-23 00:00:00
W003297,U003297,126294.69,IDR,ACTIVE,2025-12-28 22:00:00,2026-08-23 00:00:00
W003298,U003298,57796.48,IDR,ACTIVE,2025-11-01 10:00:00,2026-07-17 10:00:00
W003299,U003299,292341.87,IDR,ACTIVE,2025-12-02 13:00:00,2026-01-08 13:00:00
W003300,U003300,155739.19,IDR,ACTIVE,2026-06-14 21:00:00,2026-08-23 00:00:00
W003301,U003301,79851.16,IDR,ACTIVE,2025-11-04 22:00:00,2026-02-10 22:00:00
W003302,U003302,45835.24,IDR,ACTIVE,2026-06-12 09:00:00,2026-08-23 00:00:00
W003303,U003303,65121.51,IDR,ACTIVE,2025-08-30 18:00:00,2026-08-23 00:00:00
W003304,U003304,27194.05,IDR,FROZEN,2025-05-15 06:00:00,2026-06-07 06:00:00
W003305,U003305,79832.19,IDR,ACTIVE,2024-12-14 12:00:00,2025-01-02 12:00:00
W003306,U003306,319697.32,IDR,ACTIVE,2025-12-13 04:00:00,2026-04-29 04:00:00
W003307,U003307,465798.99,IDR,ACTIVE,2024-08-26 10:00:00,2024-08-28 10:00:00
W003308,U003308,221154.55,IDR,ACTIVE,2024-10-09 11:00:00,2025-12-09 11:00:00
W003309,U003309,75330.7,IDR,ACTIVE,2026-07-25 15:00:00,2026-08-23 00:00:00
W003310,U003310,16022.09,IDR,ACTIVE,2024-12-23 04:00:00,2025-02-22 04:00:00
W003311,U003311,61290.81,IDR,ACTIVE,2025-04-16 16:00:00,2025-07-13 16:00:00
W003312,U003312,167241.61,IDR,ACTIVE,2024-12-29 10:00:00,2026-02-06 10:00:00
W003313,U003313,147526.73,IDR,ACTIVE,2025-11-15 17:00:00,2026-08-21 17:00:00
W003314,U003314,55790.9,IDR,ACTIVE,2025-11-20 12:00:00,2026-08-23 00:00:00
W003315,U003315,51599.66,IDR,ACTIVE,2025-11-25 23:00:00,2025-11-26 23:00:00
W003316,U003316,96820.23,IDR,ACTIVE,2024-11-15 14:00:00,2025-11-19 14:00:00
W003317,U003317,69149.83,IDR,ACTIVE,2024-07-13 06:00:00,2025-08-08 06:00:00
W003318,U003318,60968.86,IDR,ACTIVE,2024-07-05 18:00:00,2024-12-01 18:00:00
W003319,U003319,58133.21,IDR,ACTIVE,2025-07-10 07:00:00,2026-08-23 00:00:00
W003320,U003320,258702.92,IDR,ACTIVE,2024-11-24 23:00:00,2026-03-28 23:00:00
W003321,U003321,24069.96,IDR,ACTIVE,2025-07-13 09:00:00,2025-10-30 09:00:00
W003322,U003322,48762.04,IDR,ACTIVE,2024-06-23 08:00:00,2024-08-08 08:00:00
W003323,U003323,51467.25,IDR,ACTIVE,2024-01-14 05:00:00,2024-08-24 05:00:00
W003324,U003324,77395.6,IDR,ACTIVE,2025-07-06 17:00:00,2026-08-23 00:00:00
W003325,U003325,67012.65,IDR,ACTIVE,2024-12-22 16:00:00,2025-12-31 16:00:00
W003326,U003326,62735.44,IDR,ACTIVE,2026-01-03 10:00:00,2026-06-15 10:00:00
W003327,U003327,25435.86,IDR,ACTIVE,2024-03-11 00:00:00,2024-12-04 00:00:00
W003328,U003328,66921.03,IDR,ACTIVE,2024-01-16 03:00:00,2024-11-25 03:00:00
W003329,U003329,122821.86,IDR,ACTIVE,2024-03-03 14:00:00,2025-06-15 14:00:00
W003330,U003330,80090.57,IDR,ACTIVE,2025-03-31 15:00:00,2026-06-08 15:00:00
W003331,U003331,23677.62,IDR,ACTIVE,2024-09-30 23:00:00,2025-06-14 23:00:00
W003332,U003332,72605.71,IDR,ACTIVE,2025-07-21 19:00:00,2026-08-23 00:00:00
W003333,U003333,68148.65,IDR,ACTIVE,2024-11-13 21:00:00,2024-12-23 21:00:00
W003334,U003334,46980.3,IDR,ACTIVE,2025-02-15 04:00:00,2025-12-30 04:00:00
W003335,U003335,80966.59,IDR,ACTIVE,2024-02-11 01:00:00,2024-05-06 01:00:00
W003336,U003336,35864.62,IDR,ACTIVE,2024-02-25 15:00:00,2025-04-06 15:00:00
W003337,U003337,128564.71,IDR,ACTIVE,2025-08-09 18:00:00,2026-01-04 18:00:00
W003338,U003338,430423.45,IDR,ACTIVE,2024-01-24 11:00:00,2025-04-29 11:00:00
W003339,U003339,140734.06,IDR,ACTIVE,2024-04-13 02:00:00,2025-07-11 02:00:00
W003340,U003340,30848.32,IDR,ACTIVE,2026-04-14 11:00:00,2026-08-23 00:00:00
W003341,U003341,121305.44,IDR,ACTIVE,2024-01-03 11:00:00,2024-06-14 11:00:00
W003342,U003342,156256.38,IDR,ACTIVE,2025-02-04 09:00:00,2025-10-28 09:00:00
W003343,U003343,95250.33,IDR,ACTIVE,2025-07-22 06:00:00,2026-06-11 06:00:00
W003344,U003344,105661.36,IDR,ACTIVE,2026-06-06 17:00:00,2026-07-12 17:00:00
W003345,U003345,61085.35,IDR,ACTIVE,2026-03-10 21:00:00,2026-08-23 00:00:00
W003346,U003346,20577.95,IDR,ACTIVE,2024-05-09 15:00:00,2025-04-16 15:00:00
W003347,U003347,57139.48,IDR,ACTIVE,2025-03-16 00:00:00,2026-04-21 00:00:00
W003348,U003348,26910.1,IDR,ACTIVE,2025-01-25 12:00:00,2025-02-24 12:00:00
W003349,U003349,52513.2,IDR,ACTIVE,2025-12-19 10:00:00,2026-08-21 10:00:00
W003350,U003350,38909.7,IDR,ACTIVE,2025-05-24 16:00:00,2026-05-26 16:00:00
W003351,U003351,25350.7,IDR,ACTIVE,2026-06-21 09:00:00,2026-08-19 09:00:00
W003352,U003352,246923.56,IDR,ACTIVE,2024-03-15 18:00:00,2024-10-08 18:00:00
W003353,U003353,65668.95,IDR,FROZEN,2024-01-23 00:00:00,2025-02-08 00:00:00
W003354,U003354,40147.02,IDR,CLOSED,2025-09-09 12:00:00,2026-08-23 00:00:00
W003355,U003355,3255.81,IDR,ACTIVE,2026-01-16 13:00:00,2026-08-23 00:00:00
W003356,U003356,14120.16,IDR,ACTIVE,2025-09-24 02:00:00,2026-08-23 00:00:00
W003357,U003357,147661.55,IDR,ACTIVE,2025-02-13 06:00:00,2025-03-25 06:00:00
W003358,U003358,82754.4,IDR,ACTIVE,2025-03-10 12:00:00,2025-10-03 12:00:00
W003359,U003359,513106.76,IDR,ACTIVE,2025-01-31 22:00:00,2025-04-25 22:00:00
W003360,U003360,33294.83,IDR,ACTIVE,2025-12-10 09:00:00,2026-08-23 00:00:00
W003361,U003361,224556.13,IDR,ACTIVE,2026-03-18 12:00:00,2026-08-23 00:00:00
W003362,U003362,57121.82,IDR,ACTIVE,2025-10-25 22:00:00,2026-08-23 00:00:00
W003363,U003363,28192.5,IDR,FROZEN,2024-07-15 16:00:00,2024-08-27 16:00:00
W003364,U003364,44556.76,IDR,ACTIVE,2024-06-22 06:00:00,2024-10-17 06:00:00
W003365,U003365,73705.92,IDR,ACTIVE,2025-06-26 12:00:00,2026-08-23 00:00:00
W003366,U003366,40191.39,IDR,CLOSED,2026-05-11 14:00:00,2026-08-23 00:00:00
W003367,U003367,21219.46,IDR,ACTIVE,2026-03-05 10:00:00,2026-08-23 00:00:00
W003368,U003368,27321.6,IDR,ACTIVE,2024-01-27 08:00:00,2024-08-15 08:00:00
W003369,U003369,110432.17,IDR,ACTIVE,2026-07-22 12:00:00,2026-08-23 00:00:00
W003370,U003370,24370.44,IDR,ACTIVE,2026-04-04 08:00:00,2026-08-23 00:00:00
W003371,U003371,3121.84,IDR,FROZEN,2025-07-17 13:00:00,2025-07-27 13:00:00
W003372,U003372,35486.08,IDR,CLOSED,2024-09-17 06:00:00,2025-01-15 06:00:00
W003373,U003373,25170.54,IDR,ACTIVE,2024-09-16 17:00:00,2024-12-05 17:00:00
W003374,U003374,84881.57,IDR,ACTIVE,2026-08-07 09:00:00,2026-08-23 00:00:00
W003375,U003375,923531.47,IDR,ACTIVE,2025-09-16 18:00:00,2026-08-23 00:00:00
W003376,U003376,105743.3,IDR,ACTIVE,2025-10-17 18:00:00,2026-05-09 18:00:00
W003377,U003377,31892.1,IDR,ACTIVE,2025-05-16 23:00:00,2025-06-10 23:00:00
W003378,U003378,84788.57,IDR,ACTIVE,2024-04-28 22:00:00,2025-06-02 22:00:00
W003379,U003379,33680.11,IDR,ACTIVE,2026-07-13 21:00:00,2026-08-23 00:00:00
W003380,U003380,77125.07,IDR,ACTIVE,2025-10-01 14:00:00,2026-08-23 00:00:00
W003381,U003381,283043.17,IDR,ACTIVE,2024-09-06 16:00:00,2025-06-17 16:00:00
W003382,U003382,62305.16,IDR,ACTIVE,2025-10-12 09:00:00,2025-12-06 09:00:00
W003383,U003383,90894.89,IDR,ACTIVE,2024-04-20 20:00:00,2024-04-30 20:00:00
W003384,U003384,64935.12,IDR,ACTIVE,2025-09-15 13:00:00,2026-01-07 13:00:00
W003385,U003385,162097.77,IDR,ACTIVE,2024-08-10 16:00:00,2025-03-25 16:00:00
W003386,U003386,125019.81,IDR,ACTIVE,2024-01-18 10:00:00,2024-03-11 10:00:00
W003387,U003387,46426.49,IDR,ACTIVE,2025-04-28 23:00:00,2025-11-13 23:00:00
W003388,U003388,125096.05,IDR,ACTIVE,2026-01-01 18:00:00,2026-08-23 00:00:00
W003389,U003389,77770.59,IDR,ACTIVE,2026-04-20 14:00:00,2026-08-23 00:00:00
W003390,U003390,43010.07,IDR,ACTIVE,2025-06-14 05:00:00,2025-09-02 05:00:00
W003391,U003391,43683.33,IDR,ACTIVE,2025-08-17 23:00:00,2026-08-23 00:00:00
W003392,U003392,75472.13,IDR,ACTIVE,2025-10-25 06:00:00,2026-08-23 00:00:00
W003393,U003393,89559.37,IDR,ACTIVE,2025-03-28 19:00:00,2026-02-22 19:00:00
W003394,U003394,55800.59,IDR,ACTIVE,2026-07-21 09:00:00,2026-08-23 00:00:00
W003395,U003395,91764.77,IDR,ACTIVE,2026-02-07 02:00:00,2026-08-23 00:00:00
W003396,U003396,31114.68,IDR,ACTIVE,2024-03-29 02:00:00,2025-05-08 02:00:00
W003397,U003397,23458.61,IDR,ACTIVE,2025-03-04 08:00:00,2026-05-13 08:00:00
W003398,U003398,15844.77,IDR,ACTIVE,2025-05-27 10:00:00,2025-11-12 10:00:00
W003399,U003399,108588.77,IDR,ACTIVE,2024-05-10 19:00:00,2025-03-18 19:00:00
W003400,U003400,14678.52,IDR,ACTIVE,2025-01-14 00:00:00,2026-04-29 00:00:00
W003401,U003401,90822.2,IDR,ACTIVE,2026-07-07 15:00:00,2026-08-23 00:00:00
W003402,U003402,40718.63,IDR,ACTIVE,2026-05-21 12:00:00,2026-08-23 00:00:00
W003403,U003403,47846.78,IDR,ACTIVE,2026-03-19 15:00:00,2026-05-25 15:00:00
W003404,U003404,48492.54,IDR,ACTIVE,2026-07-23 01:00:00,2026-08-23 00:00:00
W003405,U003405,715438.5,IDR,ACTIVE,2025-07-16 06:00:00,2026-08-23 00:00:00
W003406,U003406,36425.96,IDR,ACTIVE,2024-03-03 11:00:00,2024-10-17 11:00:00
W003407,U003407,26647.04,IDR,ACTIVE,2026-06-11 06:00:00,2026-08-23 00:00:00
W003408,U003408,401078.78,IDR,ACTIVE,2026-06-01 02:00:00,2026-08-23 00:00:00
W003409,U003409,17268.47,IDR,ACTIVE,2024-06-04 11:00:00,2024-07-29 11:00:00
W003410,U003410,20879.66,IDR,ACTIVE,2025-01-28 09:00:00,2025-03-19 09:00:00
W003411,U003411,150706.16,IDR,ACTIVE,2025-01-21 12:00:00,2025-09-26 12:00:00
W003412,U003412,93973.72,IDR,ACTIVE,2025-05-20 15:00:00,2026-08-23 00:00:00
W003413,U003413,43518.31,IDR,ACTIVE,2026-05-18 15:00:00,2026-08-23 00:00:00
W003414,U003414,23988.89,IDR,ACTIVE,2024-05-19 18:00:00,2025-04-20 18:00:00
W003415,U003415,9622.27,IDR,ACTIVE,2026-04-18 20:00:00,2026-07-30 20:00:00
W003416,U003416,301751.38,IDR,ACTIVE,2024-06-08 04:00:00,2025-06-11 04:00:00
W003417,U003417,125462.14,IDR,ACTIVE,2025-05-01 08:00:00,2026-07-20 08:00:00
W003418,U003418,264399.52,IDR,ACTIVE,2025-08-19 12:00:00,2026-04-21 12:00:00
W003419,U003419,183071.57,IDR,ACTIVE,2025-06-28 14:00:00,2025-08-07 14:00:00
W003420,U003420,98898.77,IDR,ACTIVE,2024-06-24 13:00:00,2025-02-20 13:00:00
W003421,U003421,35531.31,IDR,ACTIVE,2024-04-28 10:00:00,2025-06-01 10:00:00
W003422,U003422,24072.61,IDR,ACTIVE,2026-07-18 18:00:00,2026-08-23 00:00:00
W003423,U003423,203747.9,IDR,ACTIVE,2024-08-14 00:00:00,2025-10-16 00:00:00
W003424,U003424,40803.45,IDR,ACTIVE,2025-07-05 09:00:00,2025-12-23 09:00:00
W003425,U003425,25278.08,IDR,FROZEN,2024-06-10 21:00:00,2024-06-22 21:00:00
W003426,U003426,33290.98,IDR,ACTIVE,2026-06-04 17:00:00,2026-08-23 00:00:00
W003427,U003427,218341.95,IDR,ACTIVE,2024-12-17 22:00:00,2025-05-08 22:00:00
W003428,U003428,27570.93,IDR,ACTIVE,2024-08-29 06:00:00,2025-06-11 06:00:00
W003429,U003429,43741.29,IDR,ACTIVE,2024-12-16 16:00:00,2025-02-24 16:00:00
W003430,U003430,57173.06,IDR,ACTIVE,2024-12-17 18:00:00,2025-08-02 18:00:00
W003431,U003431,79719.81,IDR,ACTIVE,2024-01-21 18:00:00,2024-06-11 18:00:00
W003432,U003432,25726.13,IDR,ACTIVE,2026-08-09 07:00:00,2026-08-23 00:00:00
W003433,U003433,55386.54,IDR,ACTIVE,2026-05-07 12:00:00,2026-08-23 00:00:00
W003434,U003434,153845.12,IDR,ACTIVE,2026-03-17 17:00:00,2026-08-23 00:00:00
W003435,U003435,514170.8,IDR,ACTIVE,2025-08-25 16:00:00,2026-06-30 16:00:00
W003436,U003436,21923.08,IDR,ACTIVE,2025-02-15 12:00:00,2025-12-20 12:00:00
W003437,U003437,25061.22,IDR,FROZEN,2024-12-30 16:00:00,2026-01-26 16:00:00
W003438,U003438,28431.24,IDR,ACTIVE,2025-05-15 16:00:00,2025-12-18 16:00:00
W003439,U003439,116992.84,IDR,ACTIVE,2026-01-09 18:00:00,2026-08-23 00:00:00
W003440,U003440,23295.49,IDR,ACTIVE,2026-07-27 09:00:00,2026-08-23 00:00:00
W003441,U003441,53564.7,IDR,ACTIVE,2026-06-13 22:00:00,2026-08-23 00:00:00
W003442,U003442,48525.48,IDR,ACTIVE,2025-11-12 18:00:00,2025-12-01 18:00:00
W003443,U003443,575255.06,IDR,ACTIVE,2024-02-06 23:00:00,2025-05-11 23:00:00
W003444,U003444,36144.66,IDR,ACTIVE,2024-04-01 09:00:00,2025-02-07 09:00:00
W003445,U003445,34241.16,IDR,ACTIVE,2024-08-17 21:00:00,2025-01-08 21:00:00
W003446,U003446,116887.18,IDR,ACTIVE,2024-04-12 08:00:00,2024-12-06 08:00:00
W003447,U003447,84522.66,IDR,ACTIVE,2026-02-02 05:00:00,2026-08-23 00:00:00
W003448,U003448,32208.22,IDR,ACTIVE,2025-04-26 14:00:00,2025-07-05 14:00:00
W003449,U003449,236274.53,IDR,ACTIVE,2024-12-28 09:00:00,2025-05-16 09:00:00
W003450,U003450,16835.57,IDR,ACTIVE,2026-04-19 23:00:00,2026-07-05 23:00:00
W003451,U003451,58942.17,IDR,ACTIVE,2026-08-05 17:00:00,2026-08-23 00:00:00
W003452,U003452,45656.0,IDR,ACTIVE,2026-07-01 01:00:00,2026-08-23 00:00:00
W003453,U003453,54200.71,IDR,ACTIVE,2024-04-09 08:00:00,2024-11-30 08:00:00
W003454,U003454,31949.19,IDR,ACTIVE,2024-10-31 05:00:00,2025-08-08 05:00:00
W003455,U003455,55360.04,IDR,CLOSED,2024-07-05 08:00:00,2025-10-11 08:00:00
W003456,U003456,75398.42,IDR,ACTIVE,2025-09-18 14:00:00,2026-02-27 14:00:00
W003457,U003457,6897.7,IDR,ACTIVE,2024-08-03 19:00:00,2024-12-06 19:00:00
W003458,U003458,39296.76,IDR,ACTIVE,2024-05-30 03:00:00,2025-09-18 03:00:00
W003459,U003459,28645.12,IDR,ACTIVE,2025-10-31 12:00:00,2026-08-23 00:00:00
W003460,U003460,584019.08,IDR,CLOSED,2024-05-20 07:00:00,2025-01-04 07:00:00
W003461,U003461,369193.87,IDR,ACTIVE,2024-11-09 05:00:00,2025-08-22 05:00:00
W003462,U003462,95566.24,IDR,ACTIVE,2025-06-11 07:00:00,2025-11-18 07:00:00
W003463,U003463,27240.19,IDR,ACTIVE,2024-02-02 16:00:00,2025-06-02 16:00:00
W003464,U003464,37423.05,IDR,ACTIVE,2024-05-30 19:00:00,2025-05-17 19:00:00
W003465,U003465,47288.38,IDR,ACTIVE,2024-01-20 21:00:00,2025-04-26 21:00:00
W003466,U003466,36682.53,IDR,ACTIVE,2025-04-20 17:00:00,2026-03-19 17:00:00
W003467,U003467,103120.57,IDR,ACTIVE,2024-09-26 11:00:00,2025-06-26 11:00:00
W003468,U003468,297122.2,IDR,ACTIVE,2026-04-12 15:00:00,2026-08-23 00:00:00
W003469,U003469,4105.22,IDR,ACTIVE,2026-07-20 23:00:00,2026-08-23 00:00:00
W003470,U003470,44642.12,IDR,ACTIVE,2024-08-20 00:00:00,2024-10-13 00:00:00
W003471,U003471,510652.61,IDR,ACTIVE,2024-03-01 18:00:00,2025-01-29 18:00:00
W003472,U003472,46323.52,IDR,ACTIVE,2024-06-18 19:00:00,2024-10-06 19:00:00
W003473,U003473,79795.34,IDR,ACTIVE,2026-02-14 20:00:00,2026-05-13 20:00:00
W003474,U003474,8272.4,IDR,ACTIVE,2024-06-30 12:00:00,2025-11-07 12:00:00
W003475,U003475,233115.99,IDR,FROZEN,2025-07-23 19:00:00,2026-08-23 00:00:00
W003476,U003476,21590.99,IDR,ACTIVE,2024-10-20 22:00:00,2025-11-19 22:00:00
W003477,U003477,93179.37,IDR,ACTIVE,2025-07-11 21:00:00,2026-08-23 00:00:00
W003478,U003478,25202.56,IDR,ACTIVE,2024-05-22 07:00:00,2024-07-08 07:00:00
W003479,U003479,5475.39,IDR,ACTIVE,2024-07-30 15:00:00,2024-09-02 15:00:00
W003480,U003480,84707.57,IDR,ACTIVE,2025-09-21 12:00:00,2025-12-22 12:00:00
W003481,U003481,128533.57,IDR,ACTIVE,2026-02-01 13:00:00,2026-08-23 00:00:00
W003482,U003482,57244.13,IDR,ACTIVE,2025-05-15 23:00:00,2026-06-10 23:00:00
W003483,U003483,19361.4,IDR,ACTIVE,2025-08-28 13:00:00,2025-10-02 13:00:00
W003484,U003484,655407.39,IDR,ACTIVE,2024-03-27 07:00:00,2025-05-08 07:00:00
W003485,U003485,123349.46,IDR,ACTIVE,2025-04-22 17:00:00,2025-11-08 17:00:00
W003486,U003486,72302.38,IDR,ACTIVE,2024-03-14 17:00:00,2024-05-14 17:00:00
W003487,U003487,192373.87,IDR,ACTIVE,2024-10-19 00:00:00,2026-02-11 00:00:00
W003488,U003488,36658.63,IDR,ACTIVE,2026-02-28 04:00:00,2026-08-23 00:00:00
W003489,U003489,416714.51,IDR,ACTIVE,2024-06-03 04:00:00,2024-11-05 04:00:00
W003490,U003490,125779.86,IDR,ACTIVE,2026-02-10 19:00:00,2026-08-23 00:00:00
W003491,U003491,172497.17,IDR,ACTIVE,2024-11-17 09:00:00,2024-11-30 09:00:00
W003492,U003492,43801.47,IDR,ACTIVE,2025-05-30 08:00:00,2025-12-22 08:00:00
W003493,U003493,21104.15,IDR,ACTIVE,2024-12-21 11:00:00,2026-02-08 11:00:00
W003494,U003494,73368.34,IDR,ACTIVE,2024-08-31 18:00:00,2025-05-07 18:00:00
W003495,U003495,38147.5,IDR,FROZEN,2026-06-06 00:00:00,2026-08-23 00:00:00
W003496,U003496,482272.27,IDR,ACTIVE,2025-09-28 07:00:00,2026-04-17 07:00:00
W003497,U003497,16400.52,IDR,ACTIVE,2025-10-05 08:00:00,2026-08-23 00:00:00
W003498,U003498,257528.43,IDR,ACTIVE,2026-01-28 08:00:00,2026-08-23 00:00:00
W003499,U003499,12231.54,IDR,ACTIVE,2024-03-07 20:00:00,2024-08-26 20:00:00
W003500,U003500,25113.69,IDR,ACTIVE,2024-04-20 03:00:00,2024-06-26 03:00:00
W003501,U003501,12010.55,IDR,ACTIVE,2024-09-03 20:00:00,2025-04-29 20:00:00
W003502,U003502,36742.6,IDR,ACTIVE,2026-04-15 05:00:00,2026-05-09 05:00:00
W003503,U003503,49748.43,IDR,ACTIVE,2025-09-12 20:00:00,2025-09-28 20:00:00
W003504,U003504,32590.0,IDR,ACTIVE,2025-02-10 22:00:00,2025-05-11 22:00:00
W003505,U003505,93082.35,IDR,ACTIVE,2024-05-16 19:00:00,2024-09-20 19:00:00
W003506,U003506,50111.9,IDR,FROZEN,2026-03-17 16:00:00,2026-06-08 16:00:00
W003507,U003507,8475.32,IDR,ACTIVE,2026-01-15 00:00:00,2026-08-23 00:00:00
W003508,U003508,23917.94,IDR,ACTIVE,2024-02-29 21:00:00,2024-12-26 21:00:00
W003509,U003509,43368.03,IDR,ACTIVE,2024-05-09 00:00:00,2024-11-06 00:00:00
W003510,U003510,183169.74,IDR,ACTIVE,2025-11-08 12:00:00,2026-04-21 12:00:00
W003511,U003511,68717.45,IDR,ACTIVE,2024-08-09 09:00:00,2025-06-29 09:00:00
W003512,U003512,38508.05,IDR,ACTIVE,2024-10-21 12:00:00,2025-07-16 12:00:00
W003513,U003513,14774.48,IDR,ACTIVE,2024-03-09 19:00:00,2024-10-09 19:00:00
W003514,U003514,71788.38,IDR,ACTIVE,2025-06-16 01:00:00,2025-07-05 01:00:00
W003515,U003515,236602.27,IDR,ACTIVE,2024-11-07 19:00:00,2025-02-01 19:00:00
W003516,U003516,45205.62,IDR,ACTIVE,2024-08-25 06:00:00,2024-10-09 06:00:00
W003517,U003517,26056.67,IDR,ACTIVE,2024-04-09 04:00:00,2025-05-26 04:00:00
W003518,U003518,108500.39,IDR,ACTIVE,2025-06-06 00:00:00,2026-08-23 00:00:00
W003519,U003519,191566.37,IDR,ACTIVE,2024-04-18 03:00:00,2025-08-06 03:00:00
W003520,U003520,51375.64,IDR,ACTIVE,2026-04-02 20:00:00,2026-08-23 00:00:00
W003521,U003521,122468.49,IDR,ACTIVE,2025-05-09 16:00:00,2026-04-27 16:00:00
W003522,U003522,40407.21,IDR,ACTIVE,2025-09-29 22:00:00,2026-08-23 00:00:00
W003523,U003523,128856.67,IDR,ACTIVE,2025-05-14 14:00:00,2025-12-16 14:00:00
W003524,U003524,250944.8,IDR,ACTIVE,2024-06-12 13:00:00,2025-10-24 13:00:00
W003525,U003525,150698.05,IDR,ACTIVE,2025-08-15 20:00:00,2026-08-23 00:00:00
W003526,U003526,103907.45,IDR,ACTIVE,2025-08-25 15:00:00,2026-04-11 15:00:00
W003527,U003527,363818.66,IDR,ACTIVE,2026-04-29 18:00:00,2026-08-23 00:00:00
W003528,U003528,47387.81,IDR,ACTIVE,2026-06-06 07:00:00,2026-08-23 00:00:00
W003529,U003529,103861.42,IDR,ACTIVE,2026-08-14 10:00:00,2026-08-23 00:00:00
W003530,U003530,48925.5,IDR,ACTIVE,2026-02-03 09:00:00,2026-08-23 00:00:00
W003531,U003531,103926.22,IDR,ACTIVE,2025-12-07 00:00:00,2026-01-23 00:00:00
W003532,U003532,123725.56,IDR,ACTIVE,2026-04-15 08:00:00,2026-08-23 00:00:00
W003533,U003533,161781.52,IDR,ACTIVE,2024-08-13 14:00:00,2025-03-02 14:00:00
W003534,U003534,63949.47,IDR,ACTIVE,2025-02-04 02:00:00,2025-09-04 02:00:00
W003535,U003535,10446.59,IDR,ACTIVE,2024-02-04 21:00:00,2025-06-01 21:00:00
W003536,U003536,49899.1,IDR,FROZEN,2025-12-15 18:00:00,2026-08-23 00:00:00
W003537,U003537,119185.52,IDR,ACTIVE,2024-07-15 11:00:00,2024-08-11 11:00:00
W003538,U003538,84101.78,IDR,ACTIVE,2025-10-18 13:00:00,2026-03-11 13:00:00
W003539,U003539,97471.29,IDR,ACTIVE,2025-12-03 00:00:00,2026-03-22 00:00:00
W003540,U003540,132288.47,IDR,ACTIVE,2025-06-08 17:00:00,2025-11-12 17:00:00
W003541,U003541,21074.37,IDR,ACTIVE,2024-11-15 20:00:00,2025-10-14 20:00:00
W003542,U003542,139794.5,IDR,FROZEN,2026-06-02 07:00:00,2026-08-23 00:00:00
W003543,U003543,386824.88,IDR,ACTIVE,2026-05-01 20:00:00,2026-08-23 00:00:00
W003544,U003544,43366.88,IDR,ACTIVE,2025-04-22 04:00:00,2025-08-08 04:00:00
W003545,U003545,165556.13,IDR,ACTIVE,2026-01-01 20:00:00,2026-08-08 20:00:00
W003546,U003546,67884.2,IDR,ACTIVE,2025-10-03 22:00:00,2026-08-23 00:00:00
W003547,U003547,94712.42,IDR,ACTIVE,2025-06-09 09:00:00,2026-01-14 09:00:00
W003548,U003548,148482.52,IDR,ACTIVE,2025-11-21 02:00:00,2026-01-25 02:00:00
W003549,U003549,83612.23,IDR,ACTIVE,2025-08-24 01:00:00,2025-12-14 01:00:00
W003550,U003550,40949.38,IDR,ACTIVE,2024-09-01 08:00:00,2025-09-13 08:00:00
W003551,U003551,87518.9,IDR,ACTIVE,2024-11-04 14:00:00,2025-10-15 14:00:00
W003552,U003552,25947.04,IDR,ACTIVE,2025-12-28 13:00:00,2026-05-10 13:00:00
W003553,U003553,15017.66,IDR,ACTIVE,2025-05-07 21:00:00,2025-06-02 21:00:00
W003554,U003554,7382.16,IDR,ACTIVE,2024-04-11 19:00:00,2025-08-07 19:00:00
W003555,U003555,270515.01,IDR,ACTIVE,2024-03-24 19:00:00,2024-06-20 19:00:00
W003556,U003556,99849.09,IDR,ACTIVE,2024-11-13 16:00:00,2026-02-15 16:00:00
W003557,U003557,125182.51,IDR,ACTIVE,2025-04-24 03:00:00,2026-07-25 03:00:00
W003558,U003558,78845.75,IDR,ACTIVE,2025-05-06 21:00:00,2025-08-21 21:00:00
W003559,U003559,12279.33,IDR,ACTIVE,2025-06-11 06:00:00,2025-12-01 06:00:00
W003560,U003560,248769.84,IDR,ACTIVE,2025-04-18 08:00:00,2026-06-14 08:00:00
W003561,U003561,41028.01,IDR,ACTIVE,2024-09-10 10:00:00,2025-07-29 10:00:00
W003562,U003562,7980.67,IDR,ACTIVE,2025-09-30 13:00:00,2025-12-03 13:00:00
W003563,U003563,49311.86,IDR,ACTIVE,2024-06-27 21:00:00,2025-09-12 21:00:00
W003564,U003564,215019.76,IDR,ACTIVE,2024-07-30 23:00:00,2025-06-26 23:00:00
W003565,U003565,25590.89,IDR,FROZEN,2025-08-12 15:00:00,2026-08-02 15:00:00
W003566,U003566,45306.47,IDR,ACTIVE,2026-07-01 02:00:00,2026-08-23 00:00:00
W003567,U003567,42320.49,IDR,ACTIVE,2026-06-27 16:00:00,2026-08-23 00:00:00
W003568,U003568,24900.53,IDR,ACTIVE,2024-02-02 14:00:00,2025-03-15 14:00:00
W003569,U003569,69098.39,IDR,ACTIVE,2025-06-19 02:00:00,2025-10-22 02:00:00
W003570,U003570,28091.42,IDR,ACTIVE,2025-07-30 08:00:00,2026-08-23 00:00:00
W003571,U003571,261830.89,IDR,ACTIVE,2025-04-11 14:00:00,2026-03-21 14:00:00
W003572,U003572,14090.31,IDR,ACTIVE,2024-06-22 19:00:00,2024-08-06 19:00:00
W003573,U003573,18778.44,IDR,ACTIVE,2025-04-01 23:00:00,2025-09-10 23:00:00
W003574,U003574,45250.81,IDR,ACTIVE,2026-02-07 11:00:00,2026-08-23 00:00:00
W003575,U003575,61523.66,IDR,ACTIVE,2025-10-12 04:00:00,2026-08-23 00:00:00
W003576,U003576,32166.1,IDR,ACTIVE,2025-01-28 01:00:00,2026-02-20 01:00:00
W003577,U003577,134570.84,IDR,ACTIVE,2025-05-10 21:00:00,2026-08-23 00:00:00
W003578,U003578,51615.15,IDR,ACTIVE,2025-01-06 08:00:00,2025-08-07 08:00:00
W003579,U003579,106035.66,IDR,ACTIVE,2025-11-30 11:00:00,2026-01-08 11:00:00
W003580,U003580,239868.46,IDR,ACTIVE,2024-03-03 01:00:00,2024-09-24 01:00:00
W003581,U003581,349164.63,IDR,ACTIVE,2025-06-03 00:00:00,2026-05-07 00:00:00
W003582,U003582,46290.1,IDR,ACTIVE,2024-01-19 20:00:00,2024-08-26 20:00:00
W003583,U003583,68524.01,IDR,ACTIVE,2024-11-06 03:00:00,2025-09-21 03:00:00
W003584,U003584,4371.61,IDR,ACTIVE,2025-08-28 11:00:00,2026-08-23 00:00:00
W003585,U003585,83163.44,IDR,ACTIVE,2025-08-07 14:00:00,2025-11-26 14:00:00
W003586,U003586,47763.57,IDR,ACTIVE,2025-10-23 14:00:00,2026-01-10 14:00:00
W003587,U003587,23503.79,IDR,ACTIVE,2025-02-11 07:00:00,2026-03-22 07:00:00
W003588,U003588,177313.02,IDR,ACTIVE,2025-03-13 07:00:00,2025-05-12 07:00:00
W003589,U003589,23514.94,IDR,ACTIVE,2024-05-12 17:00:00,2024-09-28 17:00:00
W003590,U003590,198025.33,IDR,ACTIVE,2024-06-26 09:00:00,2024-10-20 09:00:00
W003591,U003591,97972.03,IDR,ACTIVE,2024-04-27 08:00:00,2024-09-12 08:00:00
W003592,U003592,80003.85,IDR,ACTIVE,2024-08-27 17:00:00,2024-09-04 17:00:00
W003593,U003593,30216.39,IDR,ACTIVE,2025-06-15 10:00:00,2025-10-23 10:00:00
W003594,U003594,9647.83,IDR,ACTIVE,2026-06-26 00:00:00,2026-07-27 00:00:00
W003595,U003595,172308.79,IDR,ACTIVE,2026-08-11 05:00:00,2026-08-23 00:00:00
W003596,U003596,29856.86,IDR,ACTIVE,2024-11-07 06:00:00,2025-01-01 06:00:00
W003597,U003597,104476.56,IDR,ACTIVE,2024-05-24 11:00:00,2025-09-14 11:00:00
W003598,U003598,110512.52,IDR,ACTIVE,2024-12-28 15:00:00,2025-10-10 15:00:00
W003599,U003599,62512.73,IDR,ACTIVE,2025-08-25 07:00:00,2025-09-01 07:00:00
W003600,U003600,80977.91,IDR,ACTIVE,2024-11-03 21:00:00,2025-02-07 21:00:00
W003601,U003601,96499.78,IDR,ACTIVE,2025-03-25 00:00:00,2026-06-02 00:00:00
W003602,U003602,74422.49,IDR,ACTIVE,2024-10-14 07:00:00,2025-11-06 07:00:00
W003603,U003603,27191.17,IDR,ACTIVE,2024-10-01 20:00:00,2025-10-10 20:00:00
W003604,U003604,14208.18,IDR,ACTIVE,2024-08-13 06:00:00,2025-12-10 06:00:00
W003605,U003605,32426.98,IDR,ACTIVE,2024-10-17 23:00:00,2025-08-31 23:00:00
W003606,U003606,42663.18,IDR,ACTIVE,2024-09-09 12:00:00,2024-11-20 12:00:00
W003607,U003607,255337.19,IDR,ACTIVE,2025-10-24 10:00:00,2026-08-23 00:00:00
W003608,U003608,19493.76,IDR,ACTIVE,2025-03-14 22:00:00,2025-09-18 22:00:00
W003609,U003609,301965.63,IDR,ACTIVE,2024-04-07 11:00:00,2025-07-31 11:00:00
W003610,U003610,439495.83,IDR,ACTIVE,2024-04-05 12:00:00,2025-05-29 12:00:00
W003611,U003611,33511.54,IDR,ACTIVE,2025-11-23 16:00:00,2026-04-26 16:00:00
W003612,U003612,419713.87,IDR,ACTIVE,2025-07-17 15:00:00,2026-01-23 15:00:00
W003613,U003613,53877.87,IDR,ACTIVE,2025-02-12 11:00:00,2026-02-22 11:00:00
W003614,U003614,45796.7,IDR,ACTIVE,2026-01-17 17:00:00,2026-08-23 00:00:00
W003615,U003615,255601.65,IDR,ACTIVE,2026-01-29 07:00:00,2026-08-23 00:00:00
W003616,U003616,77290.64,IDR,ACTIVE,2024-09-21 19:00:00,2025-07-15 19:00:00
W003617,U003617,66367.66,IDR,ACTIVE,2025-09-29 06:00:00,2025-11-04 06:00:00
W003618,U003618,32000.28,IDR,ACTIVE,2025-12-21 18:00:00,2026-08-23 00:00:00
W003619,U003619,34722.04,IDR,ACTIVE,2024-08-09 02:00:00,2025-12-19 02:00:00
W003620,U003620,68747.3,IDR,ACTIVE,2024-08-06 16:00:00,2025-04-23 16:00:00
W003621,U003621,255454.47,IDR,ACTIVE,2024-08-21 14:00:00,2025-05-28 14:00:00
W003622,U003622,19591.64,IDR,ACTIVE,2025-11-06 16:00:00,2026-08-23 00:00:00
W003623,U003623,56712.24,IDR,ACTIVE,2024-10-12 16:00:00,2026-02-05 16:00:00
W003624,U003624,16368.06,IDR,ACTIVE,2025-08-30 21:00:00,2026-08-23 00:00:00
W003625,U003625,30467.98,IDR,ACTIVE,2025-06-10 10:00:00,2026-02-11 10:00:00
W003626,U003626,121477.85,IDR,ACTIVE,2025-09-01 23:00:00,2026-08-23 00:00:00
W003627,U003627,25490.75,IDR,ACTIVE,2025-03-09 07:00:00,2026-01-12 07:00:00
W003628,U003628,186891.11,IDR,ACTIVE,2026-08-01 16:00:00,2026-08-23 00:00:00
W003629,U003629,25375.11,IDR,ACTIVE,2025-11-06 21:00:00,2026-08-23 00:00:00
W003630,U003630,35760.75,IDR,ACTIVE,2025-07-02 17:00:00,2026-05-06 17:00:00
W003631,U003631,10490.61,IDR,ACTIVE,2025-05-19 13:00:00,2026-07-09 13:00:00
W003632,U003632,187215.06,IDR,ACTIVE,2025-03-26 20:00:00,2026-02-18 20:00:00
W003633,U003633,158044.78,IDR,ACTIVE,2026-02-08 21:00:00,2026-08-23 00:00:00
W003634,U003634,16759.9,IDR,ACTIVE,2026-02-01 12:00:00,2026-08-23 00:00:00
W003635,U003635,46093.76,IDR,ACTIVE,2025-10-30 22:00:00,2026-08-23 00:00:00
W003636,U003636,42413.98,IDR,ACTIVE,2024-07-20 14:00:00,2025-08-09 14:00:00
W003637,U003637,39033.12,IDR,ACTIVE,2025-08-03 10:00:00,2026-08-23 00:00:00
W003638,U003638,443719.14,IDR,ACTIVE,2026-05-29 05:00:00,2026-08-23 00:00:00
W003639,U003639,38548.57,IDR,ACTIVE,2024-01-29 21:00:00,2025-02-14 21:00:00
W003640,U003640,26681.78,IDR,ACTIVE,2025-01-18 20:00:00,2025-09-14 20:00:00
W003641,U003641,11474.67,IDR,ACTIVE,2026-05-12 06:00:00,2026-08-23 00:00:00
W003642,U003642,27927.78,IDR,ACTIVE,2024-07-16 14:00:00,2024-09-04 14:00:00
W003643,U003643,254440.64,IDR,ACTIVE,2024-12-23 20:00:00,2025-09-08 20:00:00
W003644,U003644,76418.97,IDR,ACTIVE,2026-01-29 11:00:00,2026-08-23 00:00:00
W003645,U003645,76599.66,IDR,ACTIVE,2025-05-02 10:00:00,2025-05-29 10:00:00
W003646,U003646,29490.22,IDR,ACTIVE,2025-05-16 17:00:00,2026-08-04 17:00:00
W003647,U003647,210225.71,IDR,ACTIVE,2025-12-19 21:00:00,2026-02-24 21:00:00
W003648,U003648,106357.54,IDR,ACTIVE,2025-08-28 15:00:00,2026-02-18 15:00:00
W003649,U003649,39568.52,IDR,ACTIVE,2024-08-12 04:00:00,2024-09-04 04:00:00
W003650,U003650,23277.61,IDR,ACTIVE,2025-01-19 12:00:00,2026-03-01 12:00:00
W003651,U003651,56856.56,IDR,ACTIVE,2026-01-21 01:00:00,2026-08-23 00:00:00
W003652,U003652,25015.2,IDR,ACTIVE,2025-05-13 09:00:00,2025-08-27 09:00:00
W003653,U003653,50607.77,IDR,ACTIVE,2024-04-06 00:00:00,2025-02-23 00:00:00
W003654,U003654,69563.49,IDR,ACTIVE,2025-10-20 08:00:00,2026-08-23 00:00:00
W003655,U003655,30706.13,IDR,ACTIVE,2025-02-11 08:00:00,2025-10-14 08:00:00
W003656,U003656,6657.86,IDR,ACTIVE,2024-02-10 06:00:00,2024-12-20 06:00:00
W003657,U003657,93561.5,IDR,ACTIVE,2024-05-02 01:00:00,2024-07-17 01:00:00
W003658,U003658,31563.91,IDR,ACTIVE,2025-11-25 20:00:00,2026-08-23 00:00:00
W003659,U003659,68973.59,IDR,ACTIVE,2024-09-01 08:00:00,2024-09-07 08:00:00
W003660,U003660,52796.88,IDR,ACTIVE,2024-06-18 15:00:00,2024-10-16 15:00:00
W003661,U003661,353287.35,IDR,ACTIVE,2025-03-06 03:00:00,2025-12-24 03:00:00
W003662,U003662,61807.74,IDR,ACTIVE,2024-09-11 02:00:00,2025-12-20 02:00:00
W003663,U003663,156294.3,IDR,ACTIVE,2024-01-29 20:00:00,2024-12-13 20:00:00
W003664,U003664,41562.14,IDR,ACTIVE,2026-05-10 21:00:00,2026-05-10 21:00:00
W003665,U003665,25408.21,IDR,ACTIVE,2025-05-04 02:00:00,2025-08-04 02:00:00
W003666,U003666,97911.02,IDR,ACTIVE,2025-05-18 06:00:00,2026-06-09 06:00:00
W003667,U003667,29560.55,IDR,ACTIVE,2026-08-11 15:00:00,2026-08-23 00:00:00
W003668,U003668,127598.32,IDR,ACTIVE,2025-05-18 19:00:00,2026-05-01 19:00:00
W003669,U003669,18422.15,IDR,ACTIVE,2024-03-29 02:00:00,2025-04-09 02:00:00
W003670,U003670,85138.84,IDR,ACTIVE,2024-04-10 19:00:00,2025-05-27 19:00:00
W003671,U003671,60179.4,IDR,ACTIVE,2024-08-25 08:00:00,2025-12-13 08:00:00
W003672,U003672,275717.59,IDR,ACTIVE,2025-07-13 13:00:00,2025-08-24 13:00:00
W003673,U003673,94379.16,IDR,ACTIVE,2024-05-08 12:00:00,2024-12-06 12:00:00
W003674,U003674,53615.79,IDR,ACTIVE,2026-02-06 13:00:00,2026-06-26 13:00:00
W003675,U003675,138583.06,IDR,ACTIVE,2025-09-08 02:00:00,2025-09-22 02:00:00
W003676,U003676,6579.55,IDR,ACTIVE,2024-05-19 22:00:00,2025-03-08 22:00:00
W003677,U003677,107302.25,IDR,ACTIVE,2024-09-04 11:00:00,2024-12-06 11:00:00
W003678,U003678,117724.64,IDR,ACTIVE,2024-03-29 10:00:00,2024-10-30 10:00:00
W003679,U003679,132811.24,IDR,FROZEN,2024-12-17 04:00:00,2025-12-10 04:00:00
W003680,U003680,122769.27,IDR,ACTIVE,2024-12-08 00:00:00,2025-09-12 00:00:00
W003681,U003681,102646.0,IDR,ACTIVE,2024-08-01 03:00:00,2025-12-02 03:00:00
W003682,U003682,43390.16,IDR,ACTIVE,2025-08-26 06:00:00,2025-08-31 06:00:00
W003683,U003683,71115.38,IDR,ACTIVE,2026-03-05 00:00:00,2026-04-12 00:00:00
W003684,U003684,33244.29,IDR,ACTIVE,2024-02-08 12:00:00,2024-03-19 12:00:00
W003685,U003685,27156.62,IDR,ACTIVE,2024-04-17 16:00:00,2024-08-08 16:00:00
W003686,U003686,45147.4,IDR,ACTIVE,2024-02-25 02:00:00,2024-08-12 02:00:00
W003687,U003687,50821.46,IDR,ACTIVE,2026-02-02 18:00:00,2026-08-23 00:00:00
W003688,U003688,89524.03,IDR,ACTIVE,2026-06-22 01:00:00,2026-08-23 00:00:00
W003689,U003689,227545.3,IDR,ACTIVE,2024-09-13 09:00:00,2024-10-18 09:00:00
W003690,U003690,153063.95,IDR,FROZEN,2026-04-15 12:00:00,2026-08-23 00:00:00
W003691,U003691,82381.88,IDR,ACTIVE,2026-05-15 22:00:00,2026-08-23 00:00:00
W003692,U003692,196231.65,IDR,ACTIVE,2026-08-02 06:00:00,2026-08-23 00:00:00
W003693,U003693,62400.39,IDR,ACTIVE,2025-05-23 17:00:00,2025-12-02 17:00:00
W003694,U003694,104293.8,IDR,ACTIVE,2024-07-04 09:00:00,2024-09-17 09:00:00
W003695,U003695,43546.44,IDR,ACTIVE,2024-02-16 21:00:00,2024-06-15 21:00:00
W003696,U003696,60842.06,IDR,ACTIVE,2024-10-14 12:00:00,2025-06-22 12:00:00
W003697,U003697,47530.93,IDR,ACTIVE,2024-06-14 06:00:00,2024-08-19 06:00:00
W003698,U003698,13245.2,IDR,ACTIVE,2026-06-05 12:00:00,2026-08-23 00:00:00
W003699,U003699,13494.86,IDR,ACTIVE,2024-03-27 08:00:00,2024-08-17 08:00:00
W003700,U003700,16917.92,IDR,ACTIVE,2026-03-05 03:00:00,2026-03-24 03:00:00
W003701,U003701,82982.17,IDR,CLOSED,2024-12-03 01:00:00,2026-01-11 01:00:00
W003702,U003702,233523.35,IDR,ACTIVE,2024-11-17 01:00:00,2025-06-25 01:00:00
W003703,U003703,195417.77,IDR,ACTIVE,2025-12-13 20:00:00,2026-04-13 20:00:00
W003704,U003704,12778.83,IDR,FROZEN,2024-09-14 14:00:00,2025-06-11 14:00:00
W003705,U003705,105456.88,IDR,ACTIVE,2026-05-23 19:00:00,2026-08-15 19:00:00
W003706,U003706,36920.27,IDR,FROZEN,2024-04-30 08:00:00,2024-07-01 08:00:00
W003707,U003707,26424.92,IDR,ACTIVE,2024-02-20 03:00:00,2024-03-11 03:00:00
W003708,U003708,68906.71,IDR,ACTIVE,2025-03-02 14:00:00,2025-05-23 14:00:00
W003709,U003709,36037.21,IDR,ACTIVE,2025-11-24 00:00:00,2026-08-08 00:00:00
W003710,U003710,15662.55,IDR,ACTIVE,2025-07-27 08:00:00,2026-03-25 08:00:00
W003711,U003711,23038.4,IDR,FROZEN,2025-03-12 17:00:00,2026-03-15 17:00:00
W003712,U003712,43238.5,IDR,ACTIVE,2024-07-05 23:00:00,2024-08-27 23:00:00
W003713,U003713,224405.76,IDR,ACTIVE,2025-12-12 03:00:00,2026-08-02 03:00:00
W003714,U003714,11921.5,IDR,ACTIVE,2026-01-10 23:00:00,2026-07-05 23:00:00
W003715,U003715,18985.23,IDR,FROZEN,2024-05-14 08:00:00,2025-01-07 08:00:00
W003716,U003716,46753.72,IDR,ACTIVE,2026-06-21 21:00:00,2026-08-23 00:00:00
W003717,U003717,29068.29,IDR,ACTIVE,2026-05-26 10:00:00,2026-08-23 00:00:00
W003718,U003718,93043.26,IDR,ACTIVE,2024-12-02 11:00:00,2025-07-22 11:00:00
W003719,U003719,48023.1,IDR,ACTIVE,2024-02-17 14:00:00,2024-12-16 14:00:00
W003720,U003720,15420.53,IDR,ACTIVE,2025-12-24 07:00:00,2026-08-23 00:00:00
W003721,U003721,36753.44,IDR,ACTIVE,2026-06-16 07:00:00,2026-08-23 00:00:00
W003722,U003722,71868.1,IDR,ACTIVE,2025-03-14 14:00:00,2026-06-02 14:00:00
W003723,U003723,118218.18,IDR,ACTIVE,2024-11-12 10:00:00,2025-10-02 10:00:00
W003724,U003724,18808.54,IDR,ACTIVE,2025-02-28 23:00:00,2026-06-14 23:00:00
W003725,U003725,76675.18,IDR,ACTIVE,2024-01-05 15:00:00,2025-04-26 15:00:00
W003726,U003726,44319.76,IDR,ACTIVE,2026-01-30 02:00:00,2026-08-23 00:00:00
W003727,U003727,193435.15,IDR,ACTIVE,2025-03-21 18:00:00,2026-04-14 18:00:00
W003728,U003728,37196.96,IDR,ACTIVE,2025-07-26 22:00:00,2026-06-07 22:00:00
W003729,U003729,15746.81,IDR,ACTIVE,2026-05-07 20:00:00,2026-08-23 00:00:00
W003730,U003730,30934.23,IDR,ACTIVE,2025-06-24 15:00:00,2026-03-21 15:00:00
W003731,U003731,9141.07,IDR,ACTIVE,2025-09-17 17:00:00,2026-08-23 00:00:00
W003732,U003732,9926.95,IDR,ACTIVE,2025-03-31 10:00:00,2025-06-22 10:00:00
W003733,U003733,11877.23,IDR,ACTIVE,2025-09-25 01:00:00,2026-06-27 01:00:00
W003734,U003734,93874.36,IDR,ACTIVE,2025-01-28 09:00:00,2025-07-08 09:00:00
W003735,U003735,83384.92,IDR,ACTIVE,2025-07-11 06:00:00,2025-11-23 06:00:00
W003736,U003736,99389.58,IDR,ACTIVE,2026-04-17 00:00:00,2026-08-23 00:00:00
W003737,U003737,33674.96,IDR,ACTIVE,2024-08-15 17:00:00,2024-11-12 17:00:00
W003738,U003738,23541.71,IDR,ACTIVE,2024-09-04 14:00:00,2025-11-12 14:00:00
W003739,U003739,544730.28,IDR,ACTIVE,2025-09-07 00:00:00,2025-09-19 00:00:00
W003740,U003740,67874.02,IDR,ACTIVE,2026-06-12 12:00:00,2026-08-23 00:00:00
W003741,U003741,21209.5,IDR,ACTIVE,2024-09-13 11:00:00,2025-03-04 11:00:00
W003742,U003742,262168.75,IDR,ACTIVE,2026-01-30 14:00:00,2026-07-26 14:00:00
W003743,U003743,219375.76,IDR,ACTIVE,2026-05-01 22:00:00,2026-08-23 00:00:00
W003744,U003744,110639.92,IDR,ACTIVE,2025-09-04 13:00:00,2026-08-23 00:00:00
W003745,U003745,50249.54,IDR,ACTIVE,2024-08-30 22:00:00,2024-10-14 22:00:00
W003746,U003746,26667.63,IDR,ACTIVE,2024-04-23 06:00:00,2025-01-18 06:00:00
W003747,U003747,38573.39,IDR,ACTIVE,2025-04-15 10:00:00,2025-05-26 10:00:00
W003748,U003748,186285.71,IDR,ACTIVE,2024-05-30 15:00:00,2025-08-10 15:00:00
W003749,U003749,29729.12,IDR,ACTIVE,2024-02-18 20:00:00,2024-05-31 20:00:00
W003750,U003750,18183.7,IDR,ACTIVE,2024-10-15 06:00:00,2025-12-20 06:00:00
W003751,U003751,108694.86,IDR,ACTIVE,2025-01-29 16:00:00,2025-04-22 16:00:00
W003752,U003752,56874.65,IDR,ACTIVE,2025-09-18 15:00:00,2026-08-23 00:00:00
W003753,U003753,30788.38,IDR,ACTIVE,2025-04-11 12:00:00,2026-08-13 12:00:00
W003754,U003754,33404.28,IDR,ACTIVE,2024-11-19 21:00:00,2025-03-26 21:00:00
W003755,U003755,8235.73,IDR,ACTIVE,2026-07-05 17:00:00,2026-08-23 00:00:00
W003756,U003756,35588.97,IDR,ACTIVE,2026-07-10 23:00:00,2026-08-23 00:00:00
W003757,U003757,167493.31,IDR,ACTIVE,2024-02-19 17:00:00,2025-06-10 17:00:00
W003758,U003758,23820.03,IDR,FROZEN,2024-02-20 20:00:00,2024-02-26 20:00:00
W003759,U003759,672229.95,IDR,ACTIVE,2024-06-03 22:00:00,2025-02-21 22:00:00
W003760,U003760,58037.21,IDR,ACTIVE,2024-02-14 13:00:00,2025-05-09 13:00:00
W003761,U003761,5441.65,IDR,ACTIVE,2024-05-16 02:00:00,2024-07-09 02:00:00
W003762,U003762,14640.82,IDR,ACTIVE,2024-05-22 11:00:00,2025-02-03 11:00:00
W003763,U003763,2320.8,IDR,ACTIVE,2025-12-07 09:00:00,2026-05-11 09:00:00
W003764,U003764,494889.27,IDR,CLOSED,2026-01-01 07:00:00,2026-01-31 07:00:00
W003765,U003765,74201.0,IDR,ACTIVE,2026-05-09 10:00:00,2026-08-23 00:00:00
W003766,U003766,23750.43,IDR,ACTIVE,2026-08-12 15:00:00,2026-08-23 00:00:00
W003767,U003767,111405.66,IDR,ACTIVE,2024-07-18 03:00:00,2024-09-24 03:00:00
W003768,U003768,200692.95,IDR,ACTIVE,2026-02-19 03:00:00,2026-08-23 00:00:00
W003769,U003769,137005.34,IDR,ACTIVE,2026-05-28 16:00:00,2026-07-21 16:00:00
W003770,U003770,133563.56,IDR,ACTIVE,2024-07-01 18:00:00,2025-03-29 18:00:00
W003771,U003771,38645.2,IDR,ACTIVE,2025-03-31 21:00:00,2026-06-20 21:00:00
W003772,U003772,24346.47,IDR,ACTIVE,2025-03-27 13:00:00,2026-06-30 13:00:00
W003773,U003773,98274.17,IDR,ACTIVE,2024-06-20 07:00:00,2025-09-30 07:00:00
W003774,U003774,26029.66,IDR,ACTIVE,2024-11-06 04:00:00,2024-12-19 04:00:00
W003775,U003775,39911.22,IDR,ACTIVE,2024-01-10 04:00:00,2025-05-01 04:00:00
W003776,U003776,26934.1,IDR,ACTIVE,2024-10-11 15:00:00,2025-01-22 15:00:00
W003777,U003777,29943.18,IDR,ACTIVE,2026-02-07 14:00:00,2026-04-06 14:00:00
W003778,U003778,106570.4,IDR,ACTIVE,2024-09-12 00:00:00,2025-05-01 00:00:00
W003779,U003779,28361.22,IDR,ACTIVE,2026-05-24 12:00:00,2026-08-23 00:00:00
W003780,U003780,108663.22,IDR,ACTIVE,2025-07-24 16:00:00,2026-06-19 16:00:00
W003781,U003781,199428.84,IDR,ACTIVE,2025-07-27 08:00:00,2026-02-26 08:00:00
W003782,U003782,34559.77,IDR,ACTIVE,2024-02-24 09:00:00,2024-04-15 09:00:00
W003783,U003783,20521.85,IDR,ACTIVE,2025-10-18 15:00:00,2026-08-23 00:00:00
W003784,U003784,157328.75,IDR,ACTIVE,2025-02-12 11:00:00,2026-05-05 11:00:00
W003785,U003785,79017.22,IDR,ACTIVE,2025-09-17 09:00:00,2026-04-23 09:00:00
W003786,U003786,27640.2,IDR,ACTIVE,2024-09-10 18:00:00,2025-02-28 18:00:00
W003787,U003787,41920.2,IDR,ACTIVE,2024-11-01 20:00:00,2025-06-27 20:00:00
W003788,U003788,85993.29,IDR,ACTIVE,2024-10-16 05:00:00,2025-04-09 05:00:00
W003789,U003789,13115.87,IDR,ACTIVE,2026-05-19 10:00:00,2026-08-23 00:00:00
W003790,U003790,312360.84,IDR,ACTIVE,2024-08-17 12:00:00,2025-05-19 12:00:00
W003791,U003791,143521.51,IDR,ACTIVE,2024-01-20 18:00:00,2024-12-12 18:00:00
W003792,U003792,59183.02,IDR,ACTIVE,2024-01-21 15:00:00,2025-01-22 15:00:00
W003793,U003793,293479.58,IDR,ACTIVE,2026-04-05 07:00:00,2026-08-23 00:00:00
W003794,U003794,239291.51,IDR,ACTIVE,2025-05-13 11:00:00,2025-06-27 11:00:00
W003795,U003795,48402.67,IDR,FROZEN,2024-11-28 20:00:00,2026-03-04 20:00:00
W003796,U003796,44904.67,IDR,ACTIVE,2024-11-29 01:00:00,2025-03-23 01:00:00
W003797,U003797,46640.63,IDR,ACTIVE,2026-05-11 05:00:00,2026-08-23 00:00:00
W003798,U003798,101573.63,IDR,ACTIVE,2024-07-18 20:00:00,2024-11-22 20:00:00
W003799,U003799,93499.29,IDR,ACTIVE,2026-03-10 15:00:00,2026-08-23 00:00:00
W003800,U003800,9889.5,IDR,ACTIVE,2025-01-18 03:00:00,2025-06-02 03:00:00
W003801,U003801,87048.15,IDR,ACTIVE,2025-02-13 23:00:00,2025-02-21 23:00:00
W003802,U003802,86493.07,IDR,ACTIVE,2024-03-09 11:00:00,2025-03-08 11:00:00
W003803,U003803,5524.17,IDR,ACTIVE,2024-02-14 01:00:00,2025-01-26 01:00:00
W003804,U003804,47121.08,IDR,ACTIVE,2026-08-01 20:00:00,2026-08-23 00:00:00
W003805,U003805,62797.65,IDR,ACTIVE,2026-08-13 11:00:00,2026-08-23 00:00:00
W003806,U003806,11539.01,IDR,ACTIVE,2026-07-19 19:00:00,2026-08-23 00:00:00
W003807,U003807,17733.56,IDR,FROZEN,2024-04-27 23:00:00,2025-04-03 23:00:00
W003808,U003808,25999.72,IDR,ACTIVE,2026-05-24 23:00:00,2026-08-23 00:00:00
W003809,U003809,103002.06,IDR,ACTIVE,2024-03-03 07:00:00,2024-04-01 07:00:00
W003810,U003810,210820.27,IDR,ACTIVE,2025-03-14 09:00:00,2025-11-18 09:00:00
W003811,U003811,96090.46,IDR,ACTIVE,2026-04-12 04:00:00,2026-08-23 00:00:00
W003812,U003812,66259.04,IDR,FROZEN,2026-01-01 18:00:00,2026-08-03 18:00:00
W003813,U003813,120202.2,IDR,ACTIVE,2026-07-04 22:00:00,2026-08-19 22:00:00
W003814,U003814,5330.63,IDR,ACTIVE,2025-06-08 20:00:00,2026-08-23 00:00:00
W003815,U003815,191549.7,IDR,ACTIVE,2025-06-17 19:00:00,2026-08-23 00:00:00
W003816,U003816,51680.96,IDR,ACTIVE,2025-02-27 11:00:00,2026-02-13 11:00:00
W003817,U003817,165517.28,IDR,ACTIVE,2026-03-10 20:00:00,2026-08-23 00:00:00
W003818,U003818,112120.35,IDR,ACTIVE,2025-01-06 07:00:00,2026-02-21 07:00:00
W003819,U003819,27621.79,IDR,ACTIVE,2025-04-22 09:00:00,2025-06-07 09:00:00
W003820,U003820,74876.81,IDR,ACTIVE,2025-02-14 04:00:00,2026-06-02 04:00:00
W003821,U003821,29896.65,IDR,ACTIVE,2026-08-12 18:00:00,2026-08-23 00:00:00
W003822,U003822,92493.44,IDR,ACTIVE,2026-04-23 13:00:00,2026-07-26 13:00:00
W003823,U003823,361043.4,IDR,ACTIVE,2025-12-21 23:00:00,2026-08-23 00:00:00
W003824,U003824,92919.22,IDR,ACTIVE,2025-01-20 02:00:00,2025-07-03 02:00:00
W003825,U003825,5790.92,IDR,ACTIVE,2026-02-12 22:00:00,2026-08-23 00:00:00
W003826,U003826,26494.41,IDR,ACTIVE,2026-01-23 12:00:00,2026-02-19 12:00:00
W003827,U003827,143724.9,IDR,ACTIVE,2025-12-16 06:00:00,2025-12-29 06:00:00
W003828,U003828,25184.73,IDR,ACTIVE,2025-02-01 17:00:00,2025-03-02 17:00:00
W003829,U003829,201116.5,IDR,ACTIVE,2024-07-13 02:00:00,2025-06-05 02:00:00
W003830,U003830,21319.07,IDR,ACTIVE,2025-09-04 06:00:00,2026-01-16 06:00:00
W003831,U003831,172134.32,IDR,FROZEN,2025-01-30 08:00:00,2026-03-23 08:00:00
W003832,U003832,35497.54,IDR,ACTIVE,2026-05-07 06:00:00,2026-08-23 00:00:00
W003833,U003833,103286.14,IDR,FROZEN,2025-02-16 10:00:00,2025-09-26 10:00:00
W003834,U003834,145357.66,IDR,ACTIVE,2024-06-18 01:00:00,2025-06-07 01:00:00
W003835,U003835,73948.54,IDR,ACTIVE,2025-05-03 15:00:00,2025-12-15 15:00:00
W003836,U003836,39409.06,IDR,ACTIVE,2024-07-11 20:00:00,2025-10-24 20:00:00
W003837,U003837,76848.6,IDR,ACTIVE,2025-03-06 09:00:00,2025-11-10 09:00:00
W003838,U003838,51680.11,IDR,ACTIVE,2024-05-28 09:00:00,2025-09-01 09:00:00
W003839,U003839,61035.04,IDR,ACTIVE,2024-03-05 08:00:00,2024-04-22 08:00:00
W003840,U003840,13131.2,IDR,ACTIVE,2024-06-24 13:00:00,2025-02-16 13:00:00
W003841,U003841,116699.24,IDR,ACTIVE,2025-01-09 04:00:00,2025-02-26 04:00:00
W003842,U003842,71762.14,IDR,ACTIVE,2026-07-28 15:00:00,2026-08-23 00:00:00
W003843,U003843,10525.99,IDR,ACTIVE,2024-08-24 07:00:00,2024-09-03 07:00:00
W003844,U003844,41837.73,IDR,ACTIVE,2025-05-09 13:00:00,2025-10-02 13:00:00
W003845,U003845,7553.2,IDR,ACTIVE,2025-08-19 09:00:00,2025-10-24 09:00:00
W003846,U003846,62391.2,IDR,CLOSED,2024-05-23 20:00:00,2024-09-02 20:00:00
W003847,U003847,100075.0,IDR,ACTIVE,2024-07-12 12:00:00,2025-04-08 12:00:00
W003848,U003848,30900.02,IDR,ACTIVE,2024-12-09 23:00:00,2025-05-12 23:00:00
W003849,U003849,28866.21,IDR,ACTIVE,2024-09-16 15:00:00,2024-09-28 15:00:00
W003850,U003850,39798.33,IDR,ACTIVE,2025-03-12 23:00:00,2026-07-11 23:00:00
W003851,U003851,28711.36,IDR,ACTIVE,2025-04-26 05:00:00,2026-02-18 05:00:00
W003852,U003852,24272.27,IDR,ACTIVE,2024-11-28 03:00:00,2025-07-01 03:00:00
W003853,U003853,9306.67,IDR,ACTIVE,2025-09-28 05:00:00,2026-07-11 05:00:00
W003854,U003854,27867.93,IDR,ACTIVE,2024-08-23 18:00:00,2024-09-12 18:00:00
W003855,U003855,13487.35,IDR,ACTIVE,2025-02-28 09:00:00,2025-08-25 09:00:00
W003856,U003856,190720.73,IDR,ACTIVE,2026-03-25 16:00:00,2026-08-23 00:00:00
W003857,U003857,232519.3,IDR,ACTIVE,2026-02-14 12:00:00,2026-04-26 12:00:00
W003858,U003858,94116.63,IDR,ACTIVE,2024-05-01 15:00:00,2025-08-07 15:00:00
W003859,U003859,180091.36,IDR,ACTIVE,2024-11-17 07:00:00,2025-01-08 07:00:00
W003860,U003860,25809.36,IDR,ACTIVE,2025-09-21 10:00:00,2026-06-14 10:00:00
W003861,U003861,99126.74,IDR,ACTIVE,2024-12-24 04:00:00,2025-12-02 04:00:00
W003862,U003862,96433.94,IDR,ACTIVE,2026-05-27 14:00:00,2026-08-23 00:00:00
W003863,U003863,78061.87,IDR,ACTIVE,2024-02-04 07:00:00,2024-06-19 07:00:00
W003864,U003864,38704.45,IDR,ACTIVE,2024-02-01 08:00:00,2025-03-15 08:00:00
W003865,U003865,58070.14,IDR,ACTIVE,2025-10-20 19:00:00,2026-06-03 19:00:00
W003866,U003866,74951.72,IDR,ACTIVE,2025-06-26 08:00:00,2025-11-06 08:00:00
W003867,U003867,73190.75,IDR,ACTIVE,2025-02-08 13:00:00,2025-08-01 13:00:00
W003868,U003868,22969.46,IDR,ACTIVE,2024-12-08 05:00:00,2026-02-16 05:00:00
W003869,U003869,216152.5,IDR,ACTIVE,2025-08-15 09:00:00,2026-03-08 09:00:00
W003870,U003870,62747.78,IDR,ACTIVE,2024-05-21 12:00:00,2025-02-09 12:00:00
W003871,U003871,124951.48,IDR,CLOSED,2026-05-09 03:00:00,2026-08-23 00:00:00
W003872,U003872,33853.8,IDR,ACTIVE,2026-03-28 05:00:00,2026-05-01 05:00:00
W003873,U003873,92667.0,IDR,ACTIVE,2024-08-20 11:00:00,2024-09-25 11:00:00
W003874,U003874,67119.68,IDR,ACTIVE,2025-03-09 03:00:00,2025-07-13 03:00:00
W003875,U003875,25200.28,IDR,ACTIVE,2025-04-30 22:00:00,2026-04-01 22:00:00
W003876,U003876,58936.88,IDR,ACTIVE,2024-03-22 20:00:00,2024-12-30 20:00:00
W003877,U003877,43319.19,IDR,FROZEN,2026-05-02 10:00:00,2026-08-23 00:00:00
W003878,U003878,47729.59,IDR,ACTIVE,2024-11-01 14:00:00,2024-11-15 14:00:00
W003879,U003879,150568.51,IDR,ACTIVE,2025-02-23 20:00:00,2026-04-26 20:00:00
W003880,U003880,52586.21,IDR,ACTIVE,2024-08-26 00:00:00,2025-07-12 00:00:00
W003881,U003881,140778.73,IDR,ACTIVE,2025-05-20 11:00:00,2026-07-06 11:00:00
W003882,U003882,102177.68,IDR,ACTIVE,2026-03-09 08:00:00,2026-08-23 00:00:00
W003883,U003883,65470.88,IDR,ACTIVE,2026-02-23 22:00:00,2026-08-23 00:00:00
W003884,U003884,160262.74,IDR,ACTIVE,2024-07-28 15:00:00,2025-02-25 15:00:00
W003885,U003885,146656.86,IDR,ACTIVE,2024-08-31 09:00:00,2025-05-31 09:00:00
W003886,U003886,65609.78,IDR,ACTIVE,2026-08-05 16:00:00,2026-08-23 00:00:00
W003887,U003887,70687.13,IDR,ACTIVE,2025-03-09 07:00:00,2025-12-13 07:00:00
W003888,U003888,162180.08,IDR,ACTIVE,2024-10-01 07:00:00,2024-11-30 07:00:00
W003889,U003889,109058.93,IDR,CLOSED,2024-09-08 14:00:00,2025-04-19 14:00:00
W003890,U003890,213565.06,IDR,ACTIVE,2025-08-09 15:00:00,2026-05-10 15:00:00
W003891,U003891,51535.89,IDR,ACTIVE,2025-12-16 06:00:00,2026-06-13 06:00:00
W003892,U003892,19625.4,IDR,ACTIVE,2026-04-23 09:00:00,2026-08-23 00:00:00
W003893,U003893,30021.28,IDR,ACTIVE,2025-12-25 20:00:00,2026-08-23 00:00:00
W003894,U003894,9934.83,IDR,ACTIVE,2026-03-24 08:00:00,2026-08-23 00:00:00
W003895,U003895,28275.22,IDR,ACTIVE,2026-02-20 09:00:00,2026-08-23 00:00:00
W003896,U003896,107821.98,IDR,ACTIVE,2024-02-28 17:00:00,2024-04-28 17:00:00
W003897,U003897,52357.3,IDR,ACTIVE,2025-07-25 00:00:00,2026-06-29 00:00:00
W003898,U003898,25019.37,IDR,ACTIVE,2026-07-27 11:00:00,2026-08-23 00:00:00
W003899,U003899,34599.8,IDR,ACTIVE,2025-08-07 09:00:00,2025-10-01 09:00:00
W003900,U003900,78136.71,IDR,ACTIVE,2025-05-04 13:00:00,2026-04-27 13:00:00
W003901,U003901,36255.75,IDR,ACTIVE,2024-12-01 09:00:00,2025-06-27 09:00:00
W003902,U003902,46900.56,IDR,ACTIVE,2024-08-05 08:00:00,2024-09-24 08:00:00
W003903,U003903,13839.66,IDR,ACTIVE,2024-08-09 20:00:00,2025-09-05 20:00:00
W003904,U003904,185898.51,IDR,ACTIVE,2025-09-14 20:00:00,2025-11-08 20:00:00
W003905,U003905,217602.51,IDR,FROZEN,2025-12-20 20:00:00,2026-02-09 20:00:00
W003906,U003906,26233.36,IDR,ACTIVE,2025-01-17 21:00:00,2026-02-18 21:00:00
W003907,U003907,41839.89,IDR,ACTIVE,2025-04-04 07:00:00,2026-01-19 07:00:00
W003908,U003908,9001.67,IDR,ACTIVE,2025-12-25 21:00:00,2026-08-23 00:00:00
W003909,U003909,169181.59,IDR,ACTIVE,2024-05-01 20:00:00,2024-07-26 20:00:00
W003910,U003910,17358.52,IDR,ACTIVE,2026-03-09 16:00:00,2026-08-23 00:00:00
W003911,U003911,56371.51,IDR,ACTIVE,2026-01-16 07:00:00,2026-08-23 00:00:00
W003912,U003912,21788.08,IDR,ACTIVE,2024-10-28 16:00:00,2025-03-05 16:00:00
W003913,U003913,57648.14,IDR,ACTIVE,2024-06-07 17:00:00,2025-09-08 17:00:00
W003914,U003914,136075.77,IDR,ACTIVE,2026-03-04 00:00:00,2026-08-23 00:00:00
W003915,U003915,101475.04,IDR,ACTIVE,2025-11-27 04:00:00,2026-07-19 04:00:00
W003916,U003916,109537.79,IDR,ACTIVE,2025-12-17 02:00:00,2026-02-24 02:00:00
W003917,U003917,684186.02,IDR,CLOSED,2024-03-21 15:00:00,2025-03-13 15:00:00
W003918,U003918,15756.11,IDR,ACTIVE,2026-01-27 10:00:00,2026-08-12 10:00:00
W003919,U003919,54972.11,IDR,ACTIVE,2026-05-31 16:00:00,2026-08-23 00:00:00
W003920,U003920,417377.4,IDR,ACTIVE,2025-08-10 19:00:00,2025-08-12 19:00:00
W003921,U003921,73580.5,IDR,ACTIVE,2024-08-13 03:00:00,2025-07-27 03:00:00
W003922,U003922,59747.84,IDR,ACTIVE,2025-08-20 09:00:00,2026-01-05 09:00:00
W003923,U003923,45253.44,IDR,ACTIVE,2024-03-07 18:00:00,2025-06-15 18:00:00
W003924,U003924,67020.17,IDR,ACTIVE,2024-07-26 00:00:00,2025-11-05 00:00:00
W003925,U003925,57452.81,IDR,ACTIVE,2024-10-29 00:00:00,2025-09-30 00:00:00
W003926,U003926,332740.51,IDR,ACTIVE,2026-06-01 00:00:00,2026-08-23 00:00:00
W003927,U003927,127272.51,IDR,ACTIVE,2024-04-14 19:00:00,2025-04-24 19:00:00
W003928,U003928,51107.19,IDR,ACTIVE,2024-04-12 05:00:00,2025-01-26 05:00:00
W003929,U003929,120631.66,IDR,ACTIVE,2026-02-07 01:00:00,2026-08-23 00:00:00
W003930,U003930,28152.62,IDR,ACTIVE,2025-06-17 08:00:00,2026-08-14 08:00:00
W003931,U003931,56584.7,IDR,ACTIVE,2025-02-04 19:00:00,2025-12-17 19:00:00
W003932,U003932,36251.72,IDR,ACTIVE,2026-03-30 10:00:00,2026-08-23 00:00:00
W003933,U003933,112301.12,IDR,ACTIVE,2024-02-06 09:00:00,2024-02-22 09:00:00
W003934,U003934,52724.59,IDR,CLOSED,2025-05-24 22:00:00,2026-03-09 22:00:00
W003935,U003935,66073.7,IDR,ACTIVE,2024-03-20 14:00:00,2024-10-21 14:00:00
W003936,U003936,48998.99,IDR,ACTIVE,2024-08-18 10:00:00,2024-10-21 10:00:00
W003937,U003937,81767.43,IDR,ACTIVE,2025-01-22 20:00:00,2025-07-04 20:00:00
W003938,U003938,114153.23,IDR,ACTIVE,2025-10-15 14:00:00,2026-08-23 00:00:00
W003939,U003939,218379.4,IDR,ACTIVE,2024-05-06 16:00:00,2024-05-13 16:00:00
W003940,U003940,44749.53,IDR,ACTIVE,2026-01-17 07:00:00,2026-08-23 00:00:00
W003941,U003941,22926.01,IDR,ACTIVE,2024-03-30 10:00:00,2024-10-30 10:00:00
W003942,U003942,86283.72,IDR,ACTIVE,2024-08-27 13:00:00,2024-09-18 13:00:00
W003943,U003943,18139.39,IDR,ACTIVE,2025-06-02 17:00:00,2025-06-06 17:00:00
W003944,U003944,43520.7,IDR,ACTIVE,2025-04-24 18:00:00,2026-01-27 18:00:00
W003945,U003945,14303.65,IDR,ACTIVE,2025-09-07 21:00:00,2026-08-23 00:00:00
W003946,U003946,1008694.03,IDR,ACTIVE,2025-10-30 16:00:00,2026-08-23 00:00:00
W003947,U003947,187832.2,IDR,ACTIVE,2025-01-14 16:00:00,2025-01-20 16:00:00
W003948,U003948,168785.83,IDR,ACTIVE,2026-07-17 22:00:00,2026-08-23 00:00:00
W003949,U003949,231211.68,IDR,ACTIVE,2024-05-07 00:00:00,2024-10-24 00:00:00
W003950,U003950,149251.95,IDR,ACTIVE,2025-10-27 14:00:00,2026-07-29 14:00:00
W003951,U003951,74035.47,IDR,ACTIVE,2024-01-04 17:00:00,2025-05-15 17:00:00
W003952,U003952,76159.17,IDR,ACTIVE,2024-07-27 16:00:00,2025-08-07 16:00:00
W003953,U003953,206313.26,IDR,ACTIVE,2026-06-08 20:00:00,2026-08-23 00:00:00
W003954,U003954,222394.47,IDR,ACTIVE,2025-04-28 20:00:00,2026-07-05 20:00:00
W003955,U003955,24732.93,IDR,ACTIVE,2026-06-26 04:00:00,2026-07-22 04:00:00
W003956,U003956,51339.45,IDR,ACTIVE,2024-10-25 00:00:00,2025-06-14 00:00:00
W003957,U003957,63850.19,IDR,ACTIVE,2026-01-31 01:00:00,2026-08-23 00:00:00
W003958,U003958,154332.01,IDR,ACTIVE,2025-03-30 02:00:00,2026-07-03 02:00:00
W003959,U003959,28361.35,IDR,ACTIVE,2025-03-18 18:00:00,2026-03-30 18:00:00
W003960,U003960,25684.76,IDR,ACTIVE,2026-07-30 05:00:00,2026-08-23 00:00:00
W003961,U003961,16932.07,IDR,ACTIVE,2026-03-12 18:00:00,2026-08-23 00:00:00
W003962,U003962,36859.55,IDR,ACTIVE,2024-12-14 20:00:00,2025-07-02 20:00:00
W003963,U003963,43042.67,IDR,ACTIVE,2025-09-03 03:00:00,2026-03-09 03:00:00
W003964,U003964,283498.67,IDR,ACTIVE,2026-01-05 02:00:00,2026-07-02 02:00:00
W003965,U003965,135940.65,IDR,ACTIVE,2026-03-03 02:00:00,2026-08-23 00:00:00
W003966,U003966,154236.69,IDR,ACTIVE,2025-10-13 17:00:00,2025-11-12 17:00:00
W003967,U003967,22249.72,IDR,ACTIVE,2025-12-18 00:00:00,2026-08-23 00:00:00
W003968,U003968,48509.36,IDR,ACTIVE,2024-04-03 04:00:00,2024-11-21 04:00:00
W003969,U003969,118670.38,IDR,ACTIVE,2025-11-30 04:00:00,2026-08-23 00:00:00
W003970,U003970,68499.61,IDR,ACTIVE,2025-03-16 05:00:00,2026-05-15 05:00:00
W003971,U003971,98739.3,IDR,ACTIVE,2026-06-20 19:00:00,2026-08-23 00:00:00
W003972,U003972,17183.37,IDR,ACTIVE,2024-07-09 21:00:00,2025-04-21 21:00:00
W003973,U003973,65786.93,IDR,ACTIVE,2024-02-23 06:00:00,2024-08-11 06:00:00
W003974,U003974,125534.19,IDR,ACTIVE,2024-10-26 07:00:00,2025-03-31 07:00:00
W003975,U003975,22931.52,IDR,ACTIVE,2024-02-20 05:00:00,2025-02-14 05:00:00
W003976,U003976,11342.48,IDR,ACTIVE,2024-10-17 06:00:00,2025-07-30 06:00:00
W003977,U003977,22113.75,IDR,ACTIVE,2025-09-11 20:00:00,2026-08-23 00:00:00
W003978,U003978,203250.44,IDR,ACTIVE,2024-07-27 15:00:00,2025-06-22 15:00:00
W003979,U003979,19312.25,IDR,ACTIVE,2025-05-06 08:00:00,2026-03-17 08:00:00
W003980,U003980,60826.74,IDR,ACTIVE,2025-01-25 11:00:00,2025-12-02 11:00:00
W003981,U003981,11003.41,IDR,ACTIVE,2025-06-03 01:00:00,2026-04-11 01:00:00
W003982,U003982,25675.2,IDR,ACTIVE,2025-01-07 23:00:00,2025-05-04 23:00:00
W003983,U003983,72679.09,IDR,ACTIVE,2024-01-15 11:00:00,2024-07-18 11:00:00
W003984,U003984,59492.13,IDR,ACTIVE,2026-08-15 16:00:00,2026-08-23 00:00:00
W003985,U003985,169401.47,IDR,ACTIVE,2024-06-12 04:00:00,2025-09-11 04:00:00
W003986,U003986,88798.63,IDR,ACTIVE,2024-08-19 20:00:00,2024-12-10 20:00:00
W003987,U003987,22928.82,IDR,ACTIVE,2025-08-30 12:00:00,2026-07-31 12:00:00
W003988,U003988,47814.32,IDR,ACTIVE,2024-03-02 20:00:00,2024-11-21 20:00:00
W003989,U003989,39345.07,IDR,ACTIVE,2025-12-12 03:00:00,2026-08-23 00:00:00
W003990,U003990,7517.89,IDR,ACTIVE,2024-01-29 02:00:00,2025-01-02 02:00:00
W003991,U003991,292469.05,IDR,ACTIVE,2025-10-12 00:00:00,2026-04-09 00:00:00
W003992,U003992,62198.4,IDR,ACTIVE,2026-06-08 17:00:00,2026-08-23 00:00:00
W003993,U003993,73712.65,IDR,ACTIVE,2025-02-16 06:00:00,2025-02-25 06:00:00
W003994,U003994,114747.53,IDR,ACTIVE,2024-01-09 20:00:00,2024-03-25 20:00:00
W003995,U003995,116372.6,IDR,ACTIVE,2024-12-12 13:00:00,2025-01-25 13:00:00
W003996,U003996,129932.89,IDR,ACTIVE,2024-01-05 23:00:00,2024-10-30 23:00:00
W003997,U003997,41426.14,IDR,ACTIVE,2025-03-03 21:00:00,2026-03-26 21:00:00
W003998,U003998,37035.8,IDR,ACTIVE,2026-02-18 21:00:00,2026-08-23 00:00:00
W003999,U003999,176730.05,IDR,ACTIVE,2024-03-22 09:00:00,2024-04-24 09:00:00
W004000,U004000,301336.14,IDR,ACTIVE,2026-05-09 14:00:00,2026-08-23 00:00:00
W004001,U004001,10969.83,IDR,ACTIVE,2025-05-26 20:00:00,2026-04-28 20:00:00
W004002,U004002,169679.52,IDR,ACTIVE,2025-10-29 20:00:00,2025-11-19 20:00:00
W004003,U004003,47843.63,IDR,CLOSED,2026-01-15 14:00:00,2026-08-23 00:00:00
W004004,U004004,55856.71,IDR,ACTIVE,2025-02-07 19:00:00,2026-01-22 19:00:00
W004005,U004005,5348.85,IDR,ACTIVE,2025-10-26 22:00:00,2025-12-14 22:00:00
W004006,U004006,60758.11,IDR,ACTIVE,2025-03-25 10:00:00,2026-06-03 10:00:00
W004007,U004007,34367.78,IDR,ACTIVE,2024-07-08 17:00:00,2024-08-18 17:00:00
W004008,U004008,6925.48,IDR,ACTIVE,2024-10-05 17:00:00,2026-02-04 17:00:00
W004009,U004009,196948.91,IDR,ACTIVE,2026-02-18 03:00:00,2026-08-23 00:00:00
W004010,U004010,72884.97,IDR,ACTIVE,2025-03-10 05:00:00,2025-11-27 05:00:00
W004011,U004011,84494.77,IDR,ACTIVE,2024-05-23 10:00:00,2025-06-27 10:00:00
W004012,U004012,195091.05,IDR,ACTIVE,2024-10-23 09:00:00,2025-07-24 09:00:00
W004013,U004013,118641.44,IDR,ACTIVE,2025-06-17 15:00:00,2025-11-02 15:00:00
W004014,U004014,16539.89,IDR,ACTIVE,2025-07-01 08:00:00,2025-07-22 08:00:00
W004015,U004015,149846.49,IDR,ACTIVE,2025-11-02 18:00:00,2026-08-23 00:00:00
W004016,U004016,13133.57,IDR,ACTIVE,2024-09-17 13:00:00,2024-12-20 13:00:00
W004017,U004017,109232.81,IDR,ACTIVE,2024-04-15 16:00:00,2025-08-24 16:00:00
W004018,U004018,385352.92,IDR,ACTIVE,2026-05-16 11:00:00,2026-08-23 00:00:00
W004019,U004019,110242.75,IDR,ACTIVE,2025-05-17 00:00:00,2026-08-13 00:00:00
W004020,U004020,43070.93,IDR,ACTIVE,2024-03-07 21:00:00,2024-06-09 21:00:00
W004021,U004021,368899.2,IDR,ACTIVE,2024-01-06 01:00:00,2024-10-17 01:00:00
W004022,U004022,72561.68,IDR,ACTIVE,2025-08-03 21:00:00,2025-08-14 21:00:00
W004023,U004023,23554.01,IDR,ACTIVE,2024-01-13 14:00:00,2025-02-26 14:00:00
W004024,U004024,31960.15,IDR,ACTIVE,2024-05-12 02:00:00,2025-02-27 02:00:00
W004025,U004025,31002.55,IDR,ACTIVE,2024-07-30 09:00:00,2025-10-15 09:00:00
W004026,U004026,488376.17,IDR,ACTIVE,2026-05-06 21:00:00,2026-08-23 00:00:00
W004027,U004027,108284.9,IDR,ACTIVE,2024-02-21 14:00:00,2024-08-03 14:00:00
W004028,U004028,112432.46,IDR,ACTIVE,2025-05-01 04:00:00,2026-04-02 04:00:00
W004029,U004029,94046.77,IDR,ACTIVE,2024-06-16 04:00:00,2024-12-02 04:00:00
W004030,U004030,78160.65,IDR,ACTIVE,2025-10-03 22:00:00,2026-08-23 00:00:00
W004031,U004031,37499.25,IDR,ACTIVE,2025-07-20 20:00:00,2026-02-20 20:00:00
W004032,U004032,19023.87,IDR,ACTIVE,2025-04-12 00:00:00,2026-04-06 00:00:00
W004033,U004033,85710.97,IDR,ACTIVE,2025-03-20 17:00:00,2025-08-04 17:00:00
W004034,U004034,355205.85,IDR,ACTIVE,2024-08-02 19:00:00,2025-08-10 19:00:00
W004035,U004035,81304.77,IDR,ACTIVE,2024-06-25 00:00:00,2024-08-17 00:00:00
W004036,U004036,218818.45,IDR,ACTIVE,2024-10-11 22:00:00,2025-09-10 22:00:00
W004037,U004037,10688.82,IDR,ACTIVE,2024-05-04 03:00:00,2024-07-08 03:00:00
W004038,U004038,81736.97,IDR,FROZEN,2025-04-28 12:00:00,2026-07-10 12:00:00
W004039,U004039,35296.85,IDR,ACTIVE,2026-06-15 08:00:00,2026-08-23 00:00:00
W004040,U004040,22464.38,IDR,ACTIVE,2025-04-07 09:00:00,2026-02-18 09:00:00
W004041,U004041,270413.54,IDR,FROZEN,2025-10-16 21:00:00,2026-03-11 21:00:00
W004042,U004042,39788.28,IDR,CLOSED,2025-02-22 21:00:00,2025-03-13 21:00:00
W004043,U004043,108041.46,IDR,ACTIVE,2024-04-16 04:00:00,2025-08-27 04:00:00
W004044,U004044,54053.72,IDR,ACTIVE,2024-03-08 03:00:00,2024-12-25 03:00:00
W004045,U004045,16491.79,IDR,ACTIVE,2024-06-17 01:00:00,2025-01-04 01:00:00
W004046,U004046,124842.89,IDR,ACTIVE,2026-05-23 14:00:00,2026-08-23 00:00:00
W004047,U004047,42551.89,IDR,ACTIVE,2024-09-18 09:00:00,2025-09-08 09:00:00
W004048,U004048,146250.68,IDR,ACTIVE,2024-12-06 13:00:00,2024-12-31 13:00:00
W004049,U004049,25853.53,IDR,ACTIVE,2025-01-07 11:00:00,2026-02-25 11:00:00
W004050,U004050,35914.44,IDR,ACTIVE,2026-03-24 22:00:00,2026-08-23 00:00:00
W004051,U004051,103834.85,IDR,ACTIVE,2024-10-18 09:00:00,2025-07-17 09:00:00
W004052,U004052,27796.14,IDR,ACTIVE,2024-11-24 15:00:00,2025-04-20 15:00:00
W004053,U004053,122624.18,IDR,ACTIVE,2025-03-31 12:00:00,2025-08-02 12:00:00
W004054,U004054,9026.46,IDR,ACTIVE,2026-07-06 21:00:00,2026-08-23 00:00:00
W004055,U004055,19265.16,IDR,ACTIVE,2025-01-21 10:00:00,2025-09-03 10:00:00
W004056,U004056,64885.86,IDR,ACTIVE,2025-01-31 21:00:00,2025-11-01 21:00:00
W004057,U004057,542156.41,IDR,CLOSED,2025-09-23 00:00:00,2026-08-23 00:00:00
W004058,U004058,112662.47,IDR,CLOSED,2024-07-20 03:00:00,2025-10-02 03:00:00
W004059,U004059,67909.0,IDR,ACTIVE,2024-07-07 01:00:00,2024-07-25 01:00:00
W004060,U004060,99373.07,IDR,ACTIVE,2024-12-26 22:00:00,2026-02-23 22:00:00
W004061,U004061,40161.74,IDR,ACTIVE,2024-04-23 07:00:00,2024-09-06 07:00:00
W004062,U004062,8440.68,IDR,ACTIVE,2024-12-06 14:00:00,2025-05-12 14:00:00
W004063,U004063,45197.9,IDR,ACTIVE,2024-06-23 21:00:00,2024-08-03 21:00:00
W004064,U004064,46208.36,IDR,ACTIVE,2025-06-16 00:00:00,2026-08-09 00:00:00
W004065,U004065,198277.57,IDR,ACTIVE,2024-08-17 04:00:00,2024-09-09 04:00:00
W004066,U004066,120005.48,IDR,CLOSED,2025-05-22 04:00:00,2025-08-10 04:00:00
W004067,U004067,20767.45,IDR,ACTIVE,2026-03-17 00:00:00,2026-08-23 00:00:00
W004068,U004068,6760.31,IDR,ACTIVE,2024-11-11 15:00:00,2026-02-02 15:00:00
W004069,U004069,53726.74,IDR,ACTIVE,2025-07-03 14:00:00,2025-11-07 14:00:00
W004070,U004070,35071.55,IDR,FROZEN,2025-03-01 13:00:00,2025-12-10 13:00:00
W004071,U004071,323108.74,IDR,ACTIVE,2024-01-07 05:00:00,2025-04-27 05:00:00
W004072,U004072,205402.83,IDR,ACTIVE,2024-04-07 15:00:00,2024-10-17 15:00:00
W004073,U004073,16478.84,IDR,ACTIVE,2026-03-26 14:00:00,2026-08-23 00:00:00
W004074,U004074,116191.35,IDR,ACTIVE,2024-06-22 11:00:00,2024-12-16 11:00:00
W004075,U004075,97988.9,IDR,FROZEN,2025-03-16 10:00:00,2025-12-01 10:00:00
W004076,U004076,94161.12,IDR,ACTIVE,2024-01-23 17:00:00,2024-07-06 17:00:00
W004077,U004077,891683.45,IDR,ACTIVE,2025-06-25 17:00:00,2025-12-26 17:00:00
W004078,U004078,55482.02,IDR,ACTIVE,2025-03-04 23:00:00,2026-07-06 23:00:00
W004079,U004079,132011.14,IDR,CLOSED,2025-02-23 12:00:00,2025-07-09 12:00:00
W004080,U004080,153172.48,IDR,ACTIVE,2025-11-13 15:00:00,2026-08-08 15:00:00
W004081,U004081,86200.05,IDR,ACTIVE,2024-12-30 21:00:00,2025-07-23 21:00:00
W004082,U004082,317822.06,IDR,ACTIVE,2024-12-07 16:00:00,2025-08-06 16:00:00
W004083,U004083,74041.43,IDR,ACTIVE,2025-07-30 07:00:00,2025-08-22 07:00:00
W004084,U004084,144467.07,IDR,ACTIVE,2025-02-26 01:00:00,2025-05-26 01:00:00
W004085,U004085,30893.78,IDR,ACTIVE,2026-06-01 11:00:00,2026-08-23 00:00:00
W004086,U004086,19137.82,IDR,FROZEN,2025-01-27 20:00:00,2025-06-11 20:00:00
W004087,U004087,103039.09,IDR,ACTIVE,2026-08-12 07:00:00,2026-08-23 00:00:00
W004088,U004088,58255.73,IDR,ACTIVE,2026-04-01 14:00:00,2026-08-23 00:00:00
W004089,U004089,61626.6,IDR,ACTIVE,2025-05-25 11:00:00,2025-08-02 11:00:00
W004090,U004090,44135.45,IDR,ACTIVE,2024-10-29 08:00:00,2025-09-19 08:00:00
W004091,U004091,141021.14,IDR,ACTIVE,2025-10-23 16:00:00,2026-03-18 16:00:00
W004092,U004092,72694.5,IDR,FROZEN,2024-11-06 14:00:00,2024-11-09 14:00:00
W004093,U004093,571918.9,IDR,ACTIVE,2026-05-29 03:00:00,2026-08-23 00:00:00
W004094,U004094,70312.48,IDR,ACTIVE,2025-08-15 09:00:00,2026-02-21 09:00:00
W004095,U004095,90547.19,IDR,ACTIVE,2025-06-06 10:00:00,2026-05-13 10:00:00
W004096,U004096,161155.46,IDR,ACTIVE,2026-04-09 12:00:00,2026-07-26 12:00:00
W004097,U004097,102298.88,IDR,ACTIVE,2025-10-31 15:00:00,2025-11-20 15:00:00
W004098,U004098,19888.87,IDR,ACTIVE,2024-06-10 19:00:00,2025-09-18 19:00:00
W004099,U004099,50293.8,IDR,ACTIVE,2024-03-10 20:00:00,2024-05-03 20:00:00
W004100,U004100,28980.62,IDR,ACTIVE,2026-04-11 16:00:00,2026-06-03 16:00:00
W004101,U004101,96872.01,IDR,ACTIVE,2025-11-18 12:00:00,2026-08-23 00:00:00
W004102,U004102,79801.42,IDR,ACTIVE,2024-11-29 06:00:00,2025-08-29 06:00:00
W004103,U004103,150301.14,IDR,ACTIVE,2024-02-28 14:00:00,2025-05-11 14:00:00
W004104,U004104,174182.12,IDR,ACTIVE,2025-09-28 20:00:00,2026-08-09 20:00:00
W004105,U004105,28943.78,IDR,ACTIVE,2025-01-03 10:00:00,2025-10-18 10:00:00
W004106,U004106,170281.39,IDR,ACTIVE,2025-01-24 05:00:00,2025-04-25 05:00:00
W004107,U004107,201770.06,IDR,ACTIVE,2026-01-11 16:00:00,2026-08-23 00:00:00
W004108,U004108,23748.82,IDR,ACTIVE,2024-09-16 21:00:00,2024-12-22 21:00:00
W004109,U004109,90699.89,IDR,ACTIVE,2025-10-01 20:00:00,2025-12-17 20:00:00
W004110,U004110,248079.19,IDR,ACTIVE,2024-05-18 02:00:00,2025-03-29 02:00:00
W004111,U004111,49514.39,IDR,ACTIVE,2025-10-27 19:00:00,2026-06-19 19:00:00
W004112,U004112,61991.62,IDR,ACTIVE,2025-12-04 23:00:00,2026-01-17 23:00:00
W004113,U004113,90100.84,IDR,ACTIVE,2026-06-07 16:00:00,2026-06-09 16:00:00
W004114,U004114,3177.34,IDR,ACTIVE,2024-10-26 22:00:00,2025-10-16 22:00:00
W004115,U004115,71350.9,IDR,ACTIVE,2024-10-06 14:00:00,2025-09-27 14:00:00
W004116,U004116,76152.08,IDR,ACTIVE,2025-04-04 09:00:00,2026-07-29 09:00:00
W004117,U004117,117494.17,IDR,ACTIVE,2024-12-16 12:00:00,2025-01-11 12:00:00
W004118,U004118,122548.54,IDR,ACTIVE,2024-07-03 17:00:00,2025-05-18 17:00:00
W004119,U004119,59866.26,IDR,ACTIVE,2025-04-10 18:00:00,2026-01-01 18:00:00
W004120,U004120,359253.04,IDR,ACTIVE,2024-09-05 19:00:00,2024-11-23 19:00:00
W004121,U004121,28853.98,IDR,ACTIVE,2024-09-24 03:00:00,2025-02-03 03:00:00
W004122,U004122,145341.68,IDR,ACTIVE,2024-09-29 21:00:00,2025-04-29 21:00:00
W004123,U004123,7016.59,IDR,ACTIVE,2024-05-13 08:00:00,2025-01-08 08:00:00
W004124,U004124,66328.98,IDR,ACTIVE,2024-04-24 19:00:00,2024-08-07 19:00:00
W004125,U004125,6006.77,IDR,ACTIVE,2025-11-08 09:00:00,2026-08-23 00:00:00
W004126,U004126,70956.81,IDR,ACTIVE,2026-03-20 12:00:00,2026-08-23 00:00:00
W004127,U004127,100900.61,IDR,ACTIVE,2026-04-09 17:00:00,2026-08-23 00:00:00
W004128,U004128,45312.36,IDR,ACTIVE,2026-08-07 22:00:00,2026-08-23 00:00:00
W004129,U004129,64368.23,IDR,ACTIVE,2025-02-09 02:00:00,2025-08-28 02:00:00
W004130,U004130,132557.8,IDR,ACTIVE,2024-11-02 23:00:00,2024-12-18 23:00:00
W004131,U004131,2712.73,IDR,ACTIVE,2026-04-13 16:00:00,2026-08-23 00:00:00
W004132,U004132,38283.55,IDR,ACTIVE,2024-03-25 14:00:00,2024-10-07 14:00:00
W004133,U004133,257069.52,IDR,ACTIVE,2024-07-30 23:00:00,2025-01-07 23:00:00
W004134,U004134,19459.66,IDR,ACTIVE,2026-04-19 21:00:00,2026-05-17 21:00:00
W004135,U004135,32171.65,IDR,ACTIVE,2025-01-10 09:00:00,2025-04-16 09:00:00
W004136,U004136,8814.3,IDR,ACTIVE,2026-07-31 19:00:00,2026-08-23 00:00:00
W004137,U004137,38622.53,IDR,ACTIVE,2026-05-09 10:00:00,2026-07-31 10:00:00
W004138,U004138,56812.82,IDR,ACTIVE,2026-04-17 02:00:00,2026-08-23 00:00:00
W004139,U004139,845669.76,IDR,ACTIVE,2025-06-01 14:00:00,2026-08-03 14:00:00
W004140,U004140,94271.66,IDR,ACTIVE,2024-03-11 23:00:00,2024-03-29 23:00:00
W004141,U004141,40426.51,IDR,ACTIVE,2024-08-07 00:00:00,2025-10-21 00:00:00
W004142,U004142,13335.21,IDR,ACTIVE,2024-08-18 06:00:00,2025-07-23 06:00:00
W004143,U004143,32423.42,IDR,ACTIVE,2025-10-17 04:00:00,2026-05-19 04:00:00
W004144,U004144,26705.37,IDR,ACTIVE,2025-12-16 11:00:00,2026-05-28 11:00:00
W004145,U004145,7571.77,IDR,ACTIVE,2024-02-23 15:00:00,2024-07-25 15:00:00
W004146,U004146,18903.42,IDR,ACTIVE,2024-02-07 04:00:00,2025-05-16 04:00:00
W004147,U004147,41743.35,IDR,ACTIVE,2025-05-17 17:00:00,2026-06-06 17:00:00
W004148,U004148,48065.16,IDR,ACTIVE,2026-01-17 10:00:00,2026-08-23 00:00:00
W004149,U004149,129973.96,IDR,ACTIVE,2025-08-01 17:00:00,2026-08-23 00:00:00
W004150,U004150,271392.88,IDR,ACTIVE,2025-07-03 13:00:00,2026-04-22 13:00:00
W004151,U004151,47013.12,IDR,ACTIVE,2026-02-22 11:00:00,2026-08-23 00:00:00
W004152,U004152,150858.58,IDR,ACTIVE,2025-02-09 20:00:00,2025-05-07 20:00:00
W004153,U004153,40486.84,IDR,ACTIVE,2024-08-18 16:00:00,2024-10-03 16:00:00
W004154,U004154,24614.11,IDR,ACTIVE,2026-03-22 01:00:00,2026-08-23 00:00:00
W004155,U004155,123009.09,IDR,ACTIVE,2025-03-26 07:00:00,2025-11-11 07:00:00
W004156,U004156,39828.56,IDR,ACTIVE,2025-08-12 03:00:00,2026-08-23 00:00:00
W004157,U004157,27746.22,IDR,FROZEN,2025-11-08 22:00:00,2026-08-23 00:00:00
W004158,U004158,23529.13,IDR,ACTIVE,2026-07-19 11:00:00,2026-08-23 00:00:00
W004159,U004159,11932.05,IDR,ACTIVE,2025-01-17 03:00:00,2025-04-14 03:00:00
W004160,U004160,64182.0,IDR,CLOSED,2024-05-19 07:00:00,2025-06-14 07:00:00
W004161,U004161,33904.2,IDR,ACTIVE,2024-08-22 08:00:00,2025-02-05 08:00:00
W004162,U004162,157358.0,IDR,ACTIVE,2024-07-11 22:00:00,2024-10-07 22:00:00
W004163,U004163,366922.97,IDR,ACTIVE,2025-02-22 05:00:00,2026-04-13 05:00:00
W004164,U004164,23397.64,IDR,ACTIVE,2025-07-29 22:00:00,2026-04-19 22:00:00
W004165,U004165,15546.22,IDR,ACTIVE,2025-04-26 23:00:00,2025-07-27 23:00:00
W004166,U004166,281337.69,IDR,ACTIVE,2025-08-07 11:00:00,2026-01-17 11:00:00
W004167,U004167,71042.92,IDR,FROZEN,2024-03-03 02:00:00,2025-06-15 02:00:00
W004168,U004168,68437.68,IDR,ACTIVE,2025-09-23 12:00:00,2025-12-23 12:00:00
W004169,U004169,10978.39,IDR,CLOSED,2026-07-26 14:00:00,2026-08-23 00:00:00
W004170,U004170,85711.42,IDR,ACTIVE,2025-07-05 10:00:00,2025-08-26 10:00:00
W004171,U004171,190502.76,IDR,ACTIVE,2024-04-05 19:00:00,2024-06-08 19:00:00
W004172,U004172,188995.23,IDR,ACTIVE,2024-07-14 13:00:00,2024-10-24 13:00:00
W004173,U004173,116813.42,IDR,ACTIVE,2025-02-05 15:00:00,2026-01-29 15:00:00
W004174,U004174,19351.29,IDR,ACTIVE,2026-01-05 04:00:00,2026-04-20 04:00:00
W004175,U004175,9952.27,IDR,ACTIVE,2024-10-28 14:00:00,2025-03-08 14:00:00
W004176,U004176,19510.74,IDR,ACTIVE,2024-04-11 01:00:00,2024-06-16 01:00:00
W004177,U004177,12726.19,IDR,ACTIVE,2024-08-30 23:00:00,2024-10-07 23:00:00
W004178,U004178,132590.6,IDR,ACTIVE,2025-09-13 12:00:00,2025-09-14 12:00:00
W004179,U004179,31744.62,IDR,ACTIVE,2025-04-09 15:00:00,2025-10-24 15:00:00
W004180,U004180,114140.28,IDR,ACTIVE,2025-10-14 09:00:00,2026-03-03 09:00:00
W004181,U004181,60946.55,IDR,ACTIVE,2025-10-31 06:00:00,2026-03-23 06:00:00
W004182,U004182,31303.29,IDR,ACTIVE,2025-01-28 13:00:00,2025-01-29 13:00:00
W004183,U004183,23812.73,IDR,ACTIVE,2025-08-29 20:00:00,2026-08-23 00:00:00
W004184,U004184,29265.78,IDR,ACTIVE,2025-08-05 12:00:00,2026-08-23 00:00:00
W004185,U004185,15743.35,IDR,ACTIVE,2024-10-16 07:00:00,2025-10-21 07:00:00
W004186,U004186,379898.73,IDR,ACTIVE,2026-04-25 12:00:00,2026-08-23 00:00:00
W004187,U004187,54328.84,IDR,ACTIVE,2024-10-24 22:00:00,2025-05-18 22:00:00
W004188,U004188,61038.43,IDR,ACTIVE,2026-01-01 05:00:00,2026-08-23 00:00:00
W004189,U004189,59401.3,IDR,ACTIVE,2025-03-12 21:00:00,2026-07-07 21:00:00
W004190,U004190,128933.26,IDR,ACTIVE,2026-06-14 01:00:00,2026-08-23 00:00:00
W004191,U004191,26797.92,IDR,ACTIVE,2026-05-13 10:00:00,2026-07-29 10:00:00
W004192,U004192,202102.09,IDR,ACTIVE,2025-05-30 11:00:00,2026-06-03 11:00:00
W004193,U004193,43697.21,IDR,ACTIVE,2024-04-07 02:00:00,2024-08-22 02:00:00
W004194,U004194,42026.2,IDR,ACTIVE,2024-04-01 20:00:00,2025-08-03 20:00:00
W004195,U004195,241330.96,IDR,ACTIVE,2024-12-03 07:00:00,2026-04-01 07:00:00
W004196,U004196,26410.71,IDR,ACTIVE,2025-02-05 03:00:00,2025-10-06 03:00:00
W004197,U004197,91214.83,IDR,ACTIVE,2025-09-05 20:00:00,2025-12-15 20:00:00
W004198,U004198,58926.74,IDR,ACTIVE,2024-06-09 12:00:00,2025-09-24 12:00:00
W004199,U004199,31121.62,IDR,ACTIVE,2025-12-09 11:00:00,2025-12-31 11:00:00
W004200,U004200,107636.51,IDR,ACTIVE,2026-04-26 23:00:00,2026-08-23 00:00:00
W004201,U004201,18113.72,IDR,ACTIVE,2025-01-11 09:00:00,2025-10-12 09:00:00
W004202,U004202,30868.23,IDR,ACTIVE,2026-02-05 05:00:00,2026-08-22 05:00:00
W004203,U004203,66224.37,IDR,ACTIVE,2025-05-16 20:00:00,2026-08-11 20:00:00
W004204,U004204,313222.26,IDR,ACTIVE,2025-09-23 23:00:00,2026-01-26 23:00:00
W004205,U004205,279108.68,IDR,ACTIVE,2024-05-11 09:00:00,2025-04-11 09:00:00
W004206,U004206,92690.16,IDR,ACTIVE,2025-08-28 04:00:00,2026-08-23 00:00:00
W004207,U004207,44685.54,IDR,CLOSED,2025-09-24 08:00:00,2025-10-12 08:00:00
W004208,U004208,8192.43,IDR,ACTIVE,2024-11-21 23:00:00,2026-03-13 23:00:00
W004209,U004209,152660.71,IDR,ACTIVE,2026-06-30 07:00:00,2026-07-23 07:00:00
W004210,U004210,178962.95,IDR,ACTIVE,2024-06-24 02:00:00,2025-10-29 02:00:00
W004211,U004211,376224.77,IDR,CLOSED,2026-03-24 07:00:00,2026-08-23 00:00:00
W004212,U004212,91321.7,IDR,ACTIVE,2025-08-09 00:00:00,2025-12-23 00:00:00
W004213,U004213,46689.59,IDR,ACTIVE,2025-02-14 20:00:00,2025-11-12 20:00:00
W004214,U004214,137997.3,IDR,ACTIVE,2024-07-06 04:00:00,2025-03-05 04:00:00
W004215,U004215,57260.85,IDR,ACTIVE,2024-11-28 20:00:00,2025-02-20 20:00:00
W004216,U004216,50737.52,IDR,ACTIVE,2025-06-21 08:00:00,2025-07-17 08:00:00
W004217,U004217,12730.28,IDR,ACTIVE,2026-07-28 15:00:00,2026-08-15 15:00:00
W004218,U004218,130103.74,IDR,ACTIVE,2025-03-30 13:00:00,2026-01-11 13:00:00
W004219,U004219,68749.53,IDR,ACTIVE,2026-04-05 07:00:00,2026-07-26 07:00:00
W004220,U004220,277334.11,IDR,ACTIVE,2026-07-01 11:00:00,2026-08-23 00:00:00
W004221,U004221,33217.13,IDR,ACTIVE,2024-09-23 12:00:00,2025-01-23 12:00:00
W004222,U004222,24842.87,IDR,ACTIVE,2025-12-04 11:00:00,2026-08-23 00:00:00
W004223,U004223,176909.25,IDR,ACTIVE,2025-10-13 02:00:00,2026-07-09 02:00:00
W004224,U004224,224801.55,IDR,ACTIVE,2024-02-26 17:00:00,2024-07-08 17:00:00
W004225,U004225,60877.63,IDR,ACTIVE,2026-04-12 19:00:00,2026-08-23 00:00:00
W004226,U004226,144926.67,IDR,ACTIVE,2024-02-04 09:00:00,2024-11-01 09:00:00
W004227,U004227,43556.72,IDR,ACTIVE,2025-09-07 18:00:00,2026-06-20 18:00:00
W004228,U004228,45889.12,IDR,ACTIVE,2026-03-17 01:00:00,2026-08-23 00:00:00
W004229,U004229,91836.85,IDR,ACTIVE,2024-07-20 22:00:00,2025-01-20 22:00:00
W004230,U004230,45311.72,IDR,ACTIVE,2024-10-27 22:00:00,2026-03-02 22:00:00
W004231,U004231,78133.79,IDR,ACTIVE,2025-07-15 06:00:00,2026-08-23 00:00:00
W004232,U004232,66949.52,IDR,ACTIVE,2024-05-19 00:00:00,2025-01-09 00:00:00
W004233,U004233,19971.74,IDR,ACTIVE,2024-08-29 23:00:00,2026-01-07 23:00:00
W004234,U004234,77707.43,IDR,ACTIVE,2025-05-12 12:00:00,2026-03-30 12:00:00
W004235,U004235,20532.1,IDR,ACTIVE,2024-12-06 00:00:00,2025-09-27 00:00:00
W004236,U004236,132577.95,IDR,ACTIVE,2025-10-31 09:00:00,2025-11-05 09:00:00
W004237,U004237,180427.31,IDR,ACTIVE,2024-06-18 08:00:00,2025-02-06 08:00:00
W004238,U004238,51238.41,IDR,ACTIVE,2026-05-23 00:00:00,2026-07-14 00:00:00
W004239,U004239,315772.5,IDR,ACTIVE,2024-06-29 10:00:00,2024-07-06 10:00:00
W004240,U004240,219937.06,IDR,ACTIVE,2024-01-09 13:00:00,2024-12-21 13:00:00
W004241,U004241,79025.41,IDR,ACTIVE,2025-06-17 11:00:00,2026-07-22 11:00:00
W004242,U004242,46180.92,IDR,ACTIVE,2026-05-05 16:00:00,2026-08-23 00:00:00
W004243,U004243,163212.74,IDR,ACTIVE,2024-03-14 20:00:00,2025-07-21 20:00:00
W004244,U004244,323149.44,IDR,ACTIVE,2026-08-14 01:00:00,2026-08-23 00:00:00
W004245,U004245,85668.0,IDR,ACTIVE,2024-06-09 10:00:00,2025-03-09 10:00:00
W004246,U004246,393883.73,IDR,FROZEN,2024-01-30 18:00:00,2024-10-10 18:00:00
W004247,U004247,37161.34,IDR,ACTIVE,2026-05-28 22:00:00,2026-08-23 00:00:00
W004248,U004248,118996.22,IDR,ACTIVE,2024-10-09 05:00:00,2025-01-20 05:00:00
W004249,U004249,60290.19,IDR,ACTIVE,2025-01-31 09:00:00,2025-05-04 09:00:00
W004250,U004250,23779.3,IDR,ACTIVE,2026-06-08 08:00:00,2026-08-23 00:00:00
W004251,U004251,40525.87,IDR,ACTIVE,2026-06-08 01:00:00,2026-08-23 00:00:00
W004252,U004252,179408.87,IDR,ACTIVE,2026-05-08 22:00:00,2026-06-09 22:00:00
W004253,U004253,54007.16,IDR,ACTIVE,2026-03-24 03:00:00,2026-08-23 00:00:00
W004254,U004254,35631.11,IDR,ACTIVE,2025-07-22 13:00:00,2026-08-23 00:00:00
W004255,U004255,232898.3,IDR,ACTIVE,2025-01-22 15:00:00,2026-03-27 15:00:00
W004256,U004256,173413.76,IDR,ACTIVE,2024-06-08 23:00:00,2025-08-16 23:00:00
W004257,U004257,42122.01,IDR,ACTIVE,2025-04-25 12:00:00,2026-05-18 12:00:00
W004258,U004258,419703.68,IDR,ACTIVE,2024-10-22 10:00:00,2025-08-20 10:00:00
W004259,U004259,56636.53,IDR,ACTIVE,2025-04-02 21:00:00,2026-05-15 21:00:00
W004260,U004260,86085.69,IDR,ACTIVE,2025-09-19 09:00:00,2026-08-23 00:00:00
W004261,U004261,66093.39,IDR,ACTIVE,2024-02-05 01:00:00,2025-06-18 01:00:00
W004262,U004262,27234.55,IDR,ACTIVE,2024-07-01 17:00:00,2025-01-20 17:00:00
W004263,U004263,52382.3,IDR,ACTIVE,2024-09-27 04:00:00,2025-11-18 04:00:00
W004264,U004264,59332.78,IDR,ACTIVE,2026-05-22 06:00:00,2026-08-10 06:00:00
W004265,U004265,10327.61,IDR,ACTIVE,2026-08-02 13:00:00,2026-08-23 00:00:00
W004266,U004266,81718.78,IDR,ACTIVE,2025-07-16 08:00:00,2025-07-17 08:00:00
W004267,U004267,150119.38,IDR,ACTIVE,2024-08-05 04:00:00,2025-06-26 04:00:00
W004268,U004268,20757.43,IDR,ACTIVE,2026-05-30 10:00:00,2026-08-23 00:00:00
W004269,U004269,122569.1,IDR,ACTIVE,2024-02-16 04:00:00,2024-06-28 04:00:00
W004270,U004270,190181.22,IDR,ACTIVE,2025-07-13 19:00:00,2025-09-30 19:00:00
W004271,U004271,3375.26,IDR,ACTIVE,2024-05-25 09:00:00,2024-09-24 09:00:00
W004272,U004272,53198.82,IDR,ACTIVE,2024-04-23 04:00:00,2024-08-19 04:00:00
W004273,U004273,410379.8,IDR,ACTIVE,2026-01-20 04:00:00,2026-08-23 00:00:00
W004274,U004274,79699.28,IDR,ACTIVE,2024-08-16 01:00:00,2024-08-23 01:00:00
W004275,U004275,9940.64,IDR,ACTIVE,2025-05-02 03:00:00,2025-08-07 03:00:00
W004276,U004276,17515.28,IDR,ACTIVE,2025-01-26 14:00:00,2025-10-22 14:00:00
W004277,U004277,83478.67,IDR,ACTIVE,2025-09-13 05:00:00,2026-06-18 05:00:00
W004278,U004278,115774.75,IDR,ACTIVE,2026-07-03 21:00:00,2026-08-23 00:00:00
W004279,U004279,64736.32,IDR,FROZEN,2024-02-16 21:00:00,2024-06-15 21:00:00
W004280,U004280,78505.29,IDR,ACTIVE,2024-01-03 01:00:00,2024-11-26 01:00:00
W004281,U004281,66676.21,IDR,CLOSED,2025-11-07 15:00:00,2026-08-23 00:00:00
W004282,U004282,32578.51,IDR,ACTIVE,2024-04-07 22:00:00,2025-07-28 22:00:00
W004283,U004283,66872.9,IDR,ACTIVE,2025-08-24 10:00:00,2025-12-19 10:00:00
W004284,U004284,13660.01,IDR,ACTIVE,2024-05-06 19:00:00,2024-10-18 19:00:00
W004285,U004285,44046.71,IDR,ACTIVE,2025-06-05 03:00:00,2026-04-26 03:00:00
W004286,U004286,107444.03,IDR,ACTIVE,2025-08-06 13:00:00,2025-11-08 13:00:00
W004287,U004287,25755.5,IDR,ACTIVE,2025-03-11 08:00:00,2026-06-11 08:00:00
W004288,U004288,47927.03,IDR,ACTIVE,2024-04-25 22:00:00,2025-01-15 22:00:00
W004289,U004289,71648.2,IDR,ACTIVE,2025-09-26 13:00:00,2026-08-23 00:00:00
W004290,U004290,380384.79,IDR,ACTIVE,2024-11-01 12:00:00,2025-03-27 12:00:00
W004291,U004291,172136.25,IDR,ACTIVE,2024-08-11 17:00:00,2025-08-31 17:00:00
W004292,U004292,13232.73,IDR,ACTIVE,2024-12-10 14:00:00,2025-08-01 14:00:00
W004293,U004293,510278.04,IDR,ACTIVE,2024-01-29 11:00:00,2024-05-18 11:00:00
W004294,U004294,252608.95,IDR,ACTIVE,2025-11-19 02:00:00,2026-08-23 00:00:00
W004295,U004295,76465.74,IDR,ACTIVE,2024-09-10 00:00:00,2025-06-19 00:00:00
W004296,U004296,141976.11,IDR,ACTIVE,2024-08-05 00:00:00,2025-06-29 00:00:00
W004297,U004297,29215.11,IDR,ACTIVE,2024-07-21 01:00:00,2025-05-22 01:00:00
W004298,U004298,59606.4,IDR,ACTIVE,2024-01-31 12:00:00,2024-06-04 12:00:00
W004299,U004299,27628.0,IDR,ACTIVE,2026-01-06 12:00:00,2026-02-03 12:00:00
W004300,U004300,114504.89,IDR,ACTIVE,2024-09-07 15:00:00,2026-01-05 15:00:00
W004301,U004301,749386.7,IDR,ACTIVE,2025-09-09 03:00:00,2026-08-23 00:00:00
W004302,U004302,41821.83,IDR,ACTIVE,2024-11-05 13:00:00,2025-07-03 13:00:00
W004303,U004303,53516.01,IDR,ACTIVE,2024-05-20 05:00:00,2024-12-21 05:00:00
W004304,U004304,61670.58,IDR,ACTIVE,2025-07-09 15:00:00,2026-07-25 15:00:00
W004305,U004305,44064.38,IDR,ACTIVE,2025-09-15 13:00:00,2025-12-19 13:00:00
W004306,U004306,107672.72,IDR,ACTIVE,2024-05-04 04:00:00,2024-09-30 04:00:00
W004307,U004307,187597.61,IDR,ACTIVE,2024-09-13 19:00:00,2025-08-21 19:00:00
W004308,U004308,35326.99,IDR,ACTIVE,2026-07-27 18:00:00,2026-08-23 00:00:00
W004309,U004309,60911.9,IDR,ACTIVE,2024-06-25 14:00:00,2025-09-10 14:00:00
W004310,U004310,123509.71,IDR,ACTIVE,2025-05-09 06:00:00,2026-02-11 06:00:00
W004311,U004311,25430.69,IDR,ACTIVE,2026-04-30 23:00:00,2026-08-01 23:00:00
W004312,U004312,18640.32,IDR,ACTIVE,2024-10-24 09:00:00,2025-01-31 09:00:00
W004313,U004313,34694.78,IDR,ACTIVE,2026-04-28 04:00:00,2026-05-30 04:00:00
W004314,U004314,130441.84,IDR,FROZEN,2026-07-10 13:00:00,2026-08-23 00:00:00
W004315,U004315,24284.3,IDR,ACTIVE,2026-06-20 05:00:00,2026-08-23 00:00:00
W004316,U004316,36980.12,IDR,ACTIVE,2025-09-06 05:00:00,2026-08-23 00:00:00
W004317,U004317,61472.26,IDR,ACTIVE,2025-03-05 07:00:00,2025-06-13 07:00:00
W004318,U004318,72292.74,IDR,ACTIVE,2024-11-16 23:00:00,2025-12-23 23:00:00
W004319,U004319,53616.75,IDR,ACTIVE,2025-09-10 06:00:00,2026-05-24 06:00:00
W004320,U004320,62860.17,IDR,ACTIVE,2024-09-22 05:00:00,2025-09-26 05:00:00
W004321,U004321,14701.19,IDR,ACTIVE,2024-01-22 06:00:00,2024-07-12 06:00:00
W004322,U004322,33398.94,IDR,ACTIVE,2026-02-04 00:00:00,2026-08-20 00:00:00
W004323,U004323,141513.56,IDR,ACTIVE,2024-10-27 15:00:00,2025-10-10 15:00:00
W004324,U004324,30988.39,IDR,ACTIVE,2026-04-28 18:00:00,2026-08-23 00:00:00
W004325,U004325,74332.64,IDR,ACTIVE,2025-11-13 09:00:00,2026-08-23 00:00:00
W004326,U004326,67276.46,IDR,CLOSED,2025-01-12 23:00:00,2025-12-29 23:00:00
W004327,U004327,126282.61,IDR,ACTIVE,2024-10-02 08:00:00,2025-03-04 08:00:00
W004328,U004328,147383.18,IDR,ACTIVE,2024-02-15 05:00:00,2024-07-23 05:00:00
W004329,U004329,197629.26,IDR,ACTIVE,2025-11-30 05:00:00,2026-03-04 05:00:00
W004330,U004330,275766.07,IDR,ACTIVE,2026-04-28 04:00:00,2026-08-23 00:00:00
W004331,U004331,24567.22,IDR,ACTIVE,2025-12-06 12:00:00,2026-07-20 12:00:00
W004332,U004332,8532.36,IDR,ACTIVE,2025-01-03 00:00:00,2025-09-27 00:00:00
W004333,U004333,41988.43,IDR,ACTIVE,2024-08-17 20:00:00,2025-06-03 20:00:00
W004334,U004334,22950.29,IDR,ACTIVE,2025-08-07 18:00:00,2026-08-03 18:00:00
W004335,U004335,27716.22,IDR,ACTIVE,2024-09-22 22:00:00,2025-08-17 22:00:00
W004336,U004336,103107.18,IDR,ACTIVE,2025-05-25 01:00:00,2025-10-15 01:00:00
W004337,U004337,184550.78,IDR,ACTIVE,2025-09-04 05:00:00,2026-08-23 00:00:00
W004338,U004338,76351.51,IDR,ACTIVE,2025-06-06 22:00:00,2025-09-10 22:00:00
W004339,U004339,32200.45,IDR,ACTIVE,2024-08-21 20:00:00,2025-12-22 20:00:00
W004340,U004340,80317.86,IDR,ACTIVE,2024-09-28 08:00:00,2024-11-24 08:00:00
W004341,U004341,131102.06,IDR,ACTIVE,2026-06-02 06:00:00,2026-08-23 00:00:00
W004342,U004342,14792.89,IDR,ACTIVE,2026-04-10 17:00:00,2026-08-23 00:00:00
W004343,U004343,44910.0,IDR,ACTIVE,2026-08-05 07:00:00,2026-08-23 00:00:00
W004344,U004344,48690.81,IDR,ACTIVE,2024-01-28 16:00:00,2024-09-12 16:00:00
W004345,U004345,52167.46,IDR,ACTIVE,2024-03-01 20:00:00,2025-06-26 20:00:00
W004346,U004346,25962.25,IDR,ACTIVE,2026-07-31 11:00:00,2026-08-23 00:00:00
W004347,U004347,82302.71,IDR,ACTIVE,2025-04-10 02:00:00,2026-04-19 02:00:00
W004348,U004348,90549.13,IDR,ACTIVE,2025-03-18 00:00:00,2025-09-08 00:00:00
W004349,U004349,24109.66,IDR,ACTIVE,2026-02-27 01:00:00,2026-08-23 00:00:00
W004350,U004350,240636.43,IDR,ACTIVE,2024-05-24 23:00:00,2024-10-08 23:00:00
W004351,U004351,19172.21,IDR,ACTIVE,2025-09-16 17:00:00,2026-05-20 17:00:00
W004352,U004352,31135.47,IDR,ACTIVE,2024-11-01 18:00:00,2025-04-26 18:00:00
W004353,U004353,17602.13,IDR,ACTIVE,2025-12-03 16:00:00,2026-08-23 00:00:00
W004354,U004354,15402.75,IDR,ACTIVE,2026-08-11 11:00:00,2026-08-23 00:00:00
W004355,U004355,68891.87,IDR,FROZEN,2026-02-08 04:00:00,2026-06-03 04:00:00
W004356,U004356,31052.14,IDR,ACTIVE,2024-08-20 23:00:00,2025-08-12 23:00:00
W004357,U004357,148391.87,IDR,ACTIVE,2025-05-14 06:00:00,2025-05-21 06:00:00
W004358,U004358,26259.35,IDR,ACTIVE,2026-04-06 15:00:00,2026-04-08 15:00:00
W004359,U004359,31429.19,IDR,ACTIVE,2024-10-18 13:00:00,2026-01-08 13:00:00
W004360,U004360,127807.74,IDR,ACTIVE,2024-03-21 17:00:00,2024-10-30 17:00:00
W004361,U004361,20959.05,IDR,ACTIVE,2025-07-15 09:00:00,2026-03-29 09:00:00
W004362,U004362,38302.6,IDR,ACTIVE,2025-05-31 12:00:00,2026-05-14 12:00:00
W004363,U004363,235852.71,IDR,ACTIVE,2024-03-01 09:00:00,2024-10-25 09:00:00
W004364,U004364,5421.09,IDR,ACTIVE,2024-09-19 20:00:00,2025-10-09 20:00:00
W004365,U004365,3484.42,IDR,ACTIVE,2025-08-05 05:00:00,2026-08-20 05:00:00
W004366,U004366,14820.56,IDR,FROZEN,2026-03-26 03:00:00,2026-08-10 03:00:00
W004367,U004367,288697.88,IDR,ACTIVE,2025-09-06 07:00:00,2026-08-23 00:00:00
W004368,U004368,280751.85,IDR,CLOSED,2026-08-08 20:00:00,2026-08-23 00:00:00
W004369,U004369,92322.8,IDR,ACTIVE,2024-07-26 01:00:00,2025-05-06 01:00:00
W004370,U004370,81898.69,IDR,ACTIVE,2024-12-13 12:00:00,2025-10-01 12:00:00
W004371,U004371,14845.33,IDR,ACTIVE,2025-09-20 21:00:00,2026-08-23 00:00:00
W004372,U004372,66215.87,IDR,ACTIVE,2025-05-24 14:00:00,2026-07-30 14:00:00
W004373,U004373,24527.13,IDR,ACTIVE,2024-10-05 00:00:00,2025-10-22 00:00:00
W004374,U004374,152879.65,IDR,ACTIVE,2026-06-12 10:00:00,2026-08-23 00:00:00
W004375,U004375,161070.8,IDR,ACTIVE,2024-12-10 21:00:00,2025-11-24 21:00:00
W004376,U004376,34227.14,IDR,ACTIVE,2026-08-03 20:00:00,2026-08-23 00:00:00
W004377,U004377,99863.1,IDR,ACTIVE,2026-02-24 08:00:00,2026-08-23 00:00:00
W004378,U004378,86286.79,IDR,ACTIVE,2025-07-24 03:00:00,2026-08-23 00:00:00
W004379,U004379,53024.69,IDR,ACTIVE,2025-02-12 23:00:00,2026-01-19 23:00:00
W004380,U004380,25336.4,IDR,ACTIVE,2025-05-18 11:00:00,2025-11-15 11:00:00
W004381,U004381,38504.26,IDR,ACTIVE,2026-01-29 13:00:00,2026-04-30 13:00:00
W004382,U004382,146290.15,IDR,ACTIVE,2024-10-30 09:00:00,2026-03-14 09:00:00
W004383,U004383,240097.44,IDR,ACTIVE,2026-06-15 04:00:00,2026-08-23 00:00:00
W004384,U004384,41959.21,IDR,FROZEN,2026-07-21 13:00:00,2026-08-23 00:00:00
W004385,U004385,270911.33,IDR,ACTIVE,2024-11-06 20:00:00,2025-07-23 20:00:00
W004386,U004386,92422.62,IDR,ACTIVE,2025-01-01 20:00:00,2026-04-24 20:00:00
W004387,U004387,54816.13,IDR,ACTIVE,2024-11-24 08:00:00,2026-03-25 08:00:00
W004388,U004388,48836.85,IDR,ACTIVE,2025-05-20 23:00:00,2025-10-27 23:00:00
W004389,U004389,26801.06,IDR,ACTIVE,2025-05-24 12:00:00,2025-10-25 12:00:00
W004390,U004390,107580.19,IDR,ACTIVE,2024-06-16 01:00:00,2024-10-21 01:00:00
W004391,U004391,331806.66,IDR,FROZEN,2024-11-29 13:00:00,2026-01-23 13:00:00
W004392,U004392,52651.45,IDR,ACTIVE,2026-03-26 05:00:00,2026-08-23 00:00:00
W004393,U004393,22583.59,IDR,ACTIVE,2025-11-26 10:00:00,2026-08-23 00:00:00
W004394,U004394,127740.33,IDR,ACTIVE,2024-01-25 22:00:00,2024-04-13 22:00:00
W004395,U004395,39963.5,IDR,ACTIVE,2025-03-16 13:00:00,2025-08-26 13:00:00
W004396,U004396,26456.63,IDR,ACTIVE,2025-07-04 23:00:00,2026-07-14 23:00:00
W004397,U004397,14233.42,IDR,ACTIVE,2026-08-14 04:00:00,2026-08-23 00:00:00
W004398,U004398,103887.11,IDR,ACTIVE,2026-03-25 20:00:00,2026-04-28 20:00:00
W004399,U004399,197324.77,IDR,ACTIVE,2026-01-13 07:00:00,2026-06-14 07:00:00
W004400,U004400,18099.87,IDR,ACTIVE,2024-07-20 22:00:00,2025-06-25 22:00:00
W004401,U004401,44184.82,IDR,ACTIVE,2024-09-09 15:00:00,2024-10-15 15:00:00
W004402,U004402,48162.93,IDR,ACTIVE,2026-05-16 04:00:00,2026-08-23 00:00:00
W004403,U004403,28205.74,IDR,ACTIVE,2025-05-21 08:00:00,2025-08-26 08:00:00
W004404,U004404,262003.95,IDR,ACTIVE,2025-11-17 01:00:00,2026-08-23 00:00:00
W004405,U004405,13681.09,IDR,ACTIVE,2024-08-02 10:00:00,2025-07-14 10:00:00
W004406,U004406,93421.32,IDR,ACTIVE,2025-06-12 17:00:00,2025-10-16 17:00:00
W004407,U004407,113791.26,IDR,ACTIVE,2025-03-25 00:00:00,2026-02-04 00:00:00
W004408,U004408,28010.88,IDR,ACTIVE,2024-07-05 11:00:00,2024-11-05 11:00:00
W004409,U004409,22228.69,IDR,ACTIVE,2025-06-02 02:00:00,2026-06-19 02:00:00
W004410,U004410,32641.38,IDR,ACTIVE,2024-03-02 05:00:00,2024-09-04 05:00:00
W004411,U004411,9925.44,IDR,ACTIVE,2025-08-01 23:00:00,2026-08-23 00:00:00
W004412,U004412,343540.11,IDR,FROZEN,2024-12-27 08:00:00,2025-10-23 08:00:00
W004413,U004413,35241.84,IDR,ACTIVE,2025-05-22 09:00:00,2026-01-01 09:00:00
W004414,U004414,40024.33,IDR,ACTIVE,2024-11-21 14:00:00,2024-12-22 14:00:00
W004415,U004415,425535.77,IDR,ACTIVE,2026-01-17 14:00:00,2026-08-23 00:00:00
W004416,U004416,11383.63,IDR,ACTIVE,2025-10-25 21:00:00,2026-05-08 21:00:00
W004417,U004417,52199.86,IDR,ACTIVE,2025-03-18 09:00:00,2025-06-09 09:00:00
W004418,U004418,131567.29,IDR,ACTIVE,2026-02-03 13:00:00,2026-08-23 00:00:00
W004419,U004419,344471.45,IDR,ACTIVE,2025-10-19 01:00:00,2026-06-14 01:00:00
W004420,U004420,12597.3,IDR,ACTIVE,2024-08-22 23:00:00,2024-09-06 23:00:00
W004421,U004421,410421.73,IDR,ACTIVE,2025-07-24 16:00:00,2025-09-02 16:00:00
W004422,U004422,43991.13,IDR,ACTIVE,2025-03-25 01:00:00,2026-04-03 01:00:00
W004423,U004423,44341.75,IDR,ACTIVE,2024-12-05 23:00:00,2024-12-23 23:00:00
W004424,U004424,18426.83,IDR,ACTIVE,2024-10-22 04:00:00,2025-03-21 04:00:00
W004425,U004425,64271.08,IDR,ACTIVE,2024-11-07 16:00:00,2025-12-06 16:00:00
W004426,U004426,412775.14,IDR,ACTIVE,2025-04-18 11:00:00,2025-11-04 11:00:00
W004427,U004427,63011.74,IDR,ACTIVE,2025-08-10 20:00:00,2026-01-09 20:00:00
W004428,U004428,25508.88,IDR,ACTIVE,2026-03-18 03:00:00,2026-05-14 03:00:00
W004429,U004429,30686.16,IDR,ACTIVE,2026-02-01 16:00:00,2026-08-23 00:00:00
W004430,U004430,5278139.63,IDR,ACTIVE,2025-12-21 22:00:00,2026-08-23 00:00:00
W004431,U004431,32106.69,IDR,ACTIVE,2024-09-15 00:00:00,2024-09-28 00:00:00
W004432,U004432,287674.26,IDR,ACTIVE,2026-03-17 08:00:00,2026-08-23 00:00:00
W004433,U004433,374412.78,IDR,FROZEN,2024-10-01 01:00:00,2025-09-02 01:00:00
W004434,U004434,13642.03,IDR,ACTIVE,2026-01-17 01:00:00,2026-08-23 00:00:00
W004435,U004435,19735.23,IDR,ACTIVE,2025-07-18 22:00:00,2025-10-24 22:00:00
W004436,U004436,21943.19,IDR,ACTIVE,2025-08-13 02:00:00,2026-08-22 02:00:00
W004437,U004437,33968.76,IDR,ACTIVE,2024-05-21 18:00:00,2024-08-17 18:00:00
W004438,U004438,475726.57,IDR,ACTIVE,2025-01-09 09:00:00,2025-10-27 09:00:00
W004439,U004439,402190.0,IDR,ACTIVE,2024-03-25 06:00:00,2024-04-02 06:00:00
W004440,U004440,59488.51,IDR,ACTIVE,2025-12-13 13:00:00,2026-05-10 13:00:00
W004441,U004441,38150.47,IDR,ACTIVE,2025-11-19 08:00:00,2026-01-01 08:00:00
W004442,U004442,8028.75,IDR,ACTIVE,2026-06-23 02:00:00,2026-07-23 02:00:00
W004443,U004443,73607.75,IDR,FROZEN,2025-05-22 01:00:00,2026-04-30 01:00:00
W004444,U004444,65462.21,IDR,ACTIVE,2026-06-15 21:00:00,2026-08-23 00:00:00
W004445,U004445,17809.34,IDR,ACTIVE,2025-01-02 02:00:00,2025-01-16 02:00:00
W004446,U004446,90342.23,IDR,ACTIVE,2025-05-21 11:00:00,2026-06-27 11:00:00
W004447,U004447,155968.58,IDR,ACTIVE,2026-06-16 06:00:00,2026-07-31 06:00:00
W004448,U004448,17599.05,IDR,ACTIVE,2026-05-14 23:00:00,2026-08-23 00:00:00
W004449,U004449,35801.0,IDR,ACTIVE,2025-10-13 14:00:00,2026-07-21 14:00:00
W004450,U004450,147241.52,IDR,ACTIVE,2026-02-06 01:00:00,2026-08-23 00:00:00
W004451,U004451,29132.56,IDR,ACTIVE,2025-03-27 00:00:00,2026-04-25 00:00:00
W004452,U004452,34358.32,IDR,ACTIVE,2025-02-10 14:00:00,2026-06-19 14:00:00
W004453,U004453,36590.94,IDR,ACTIVE,2026-02-13 20:00:00,2026-04-13 20:00:00
W004454,U004454,94849.38,IDR,ACTIVE,2025-11-26 03:00:00,2026-04-10 03:00:00
W004455,U004455,182054.37,IDR,ACTIVE,2024-10-19 07:00:00,2025-04-13 07:00:00
W004456,U004456,318492.46,IDR,ACTIVE,2024-04-18 10:00:00,2024-11-10 10:00:00
W004457,U004457,167241.07,IDR,ACTIVE,2025-01-17 18:00:00,2025-07-15 18:00:00
W004458,U004458,58876.58,IDR,ACTIVE,2026-02-12 08:00:00,2026-08-23 00:00:00
W004459,U004459,113789.75,IDR,ACTIVE,2026-01-31 14:00:00,2026-08-23 00:00:00
W004460,U004460,16524.86,IDR,ACTIVE,2026-06-19 21:00:00,2026-08-23 00:00:00
W004461,U004461,562762.02,IDR,ACTIVE,2024-08-19 10:00:00,2025-09-21 10:00:00
W004462,U004462,26566.74,IDR,ACTIVE,2025-07-19 17:00:00,2026-02-02 17:00:00
W004463,U004463,104800.28,IDR,ACTIVE,2024-10-19 03:00:00,2026-02-24 03:00:00
W004464,U004464,69052.43,IDR,ACTIVE,2025-02-17 03:00:00,2025-04-18 03:00:00
W004465,U004465,15057.18,IDR,ACTIVE,2025-08-01 22:00:00,2026-03-11 22:00:00
W004466,U004466,26708.1,IDR,ACTIVE,2026-04-11 23:00:00,2026-08-23 00:00:00
W004467,U004467,196337.78,IDR,CLOSED,2024-01-27 08:00:00,2024-05-12 08:00:00
W004468,U004468,51550.6,IDR,ACTIVE,2024-05-08 19:00:00,2024-08-14 19:00:00
W004469,U004469,22750.53,IDR,ACTIVE,2025-12-16 03:00:00,2026-01-03 03:00:00
W004470,U004470,44211.46,IDR,ACTIVE,2024-11-23 03:00:00,2025-10-20 03:00:00
W004471,U004471,22741.58,IDR,ACTIVE,2026-06-16 10:00:00,2026-06-21 10:00:00
W004472,U004472,34011.27,IDR,ACTIVE,2024-05-25 08:00:00,2025-09-25 08:00:00
W004473,U004473,12207.54,IDR,ACTIVE,2025-03-08 15:00:00,2025-06-11 15:00:00
W004474,U004474,58843.23,IDR,ACTIVE,2024-11-01 11:00:00,2025-02-19 11:00:00
W004475,U004475,68369.67,IDR,ACTIVE,2025-10-07 22:00:00,2025-10-25 22:00:00
W004476,U004476,34528.77,IDR,ACTIVE,2024-11-23 06:00:00,2025-08-05 06:00:00
W004477,U004477,195209.44,IDR,ACTIVE,2024-06-27 05:00:00,2024-09-09 05:00:00
W004478,U004478,36500.81,IDR,ACTIVE,2024-08-22 14:00:00,2024-11-04 14:00:00
W004479,U004479,51516.2,IDR,ACTIVE,2024-11-18 23:00:00,2024-12-04 23:00:00
W004480,U004480,32570.98,IDR,ACTIVE,2025-10-01 20:00:00,2026-03-06 20:00:00
W004481,U004481,39971.84,IDR,ACTIVE,2024-06-28 23:00:00,2025-07-15 23:00:00
W004482,U004482,119174.85,IDR,ACTIVE,2025-08-17 09:00:00,2026-08-23 00:00:00
W004483,U004483,16995.51,IDR,ACTIVE,2024-10-07 17:00:00,2025-06-28 17:00:00
W004484,U004484,89416.3,IDR,ACTIVE,2024-02-20 23:00:00,2025-03-31 23:00:00
W004485,U004485,28927.1,IDR,ACTIVE,2026-04-02 23:00:00,2026-08-23 00:00:00
W004486,U004486,17669.33,IDR,ACTIVE,2024-11-04 21:00:00,2025-09-03 21:00:00
W004487,U004487,41261.36,IDR,ACTIVE,2026-06-07 10:00:00,2026-08-23 00:00:00
W004488,U004488,286488.78,IDR,FROZEN,2025-06-07 07:00:00,2026-01-01 07:00:00
W004489,U004489,103660.72,IDR,ACTIVE,2025-12-08 03:00:00,2026-08-23 00:00:00
W004490,U004490,40372.72,IDR,ACTIVE,2025-03-14 18:00:00,2026-03-25 18:00:00
W004491,U004491,23563.18,IDR,ACTIVE,2025-03-19 19:00:00,2026-01-07 19:00:00
W004492,U004492,384155.48,IDR,ACTIVE,2024-01-14 02:00:00,2025-03-15 02:00:00
W004493,U004493,77612.12,IDR,ACTIVE,2025-03-23 03:00:00,2026-07-19 03:00:00
W004494,U004494,61010.19,IDR,ACTIVE,2026-07-09 08:00:00,2026-08-23 00:00:00
W004495,U004495,100435.94,IDR,ACTIVE,2025-08-14 00:00:00,2026-08-23 00:00:00
W004496,U004496,112334.71,IDR,ACTIVE,2026-06-04 19:00:00,2026-08-23 00:00:00
W004497,U004497,36043.03,IDR,ACTIVE,2026-06-27 03:00:00,2026-08-23 00:00:00
W004498,U004498,137874.7,IDR,ACTIVE,2024-07-05 19:00:00,2025-02-21 19:00:00
W004499,U004499,14516.04,IDR,ACTIVE,2025-10-22 03:00:00,2026-08-23 00:00:00
W004500,U004500,107084.45,IDR,ACTIVE,2025-05-24 04:00:00,2026-04-27 04:00:00
W004501,U004501,38282.76,IDR,ACTIVE,2025-04-23 20:00:00,2025-07-26 20:00:00
W004502,U004502,202534.44,IDR,ACTIVE,2025-02-08 16:00:00,2025-09-25 16:00:00
W004503,U004503,35803.13,IDR,ACTIVE,2024-02-10 23:00:00,2024-03-20 23:00:00
W004504,U004504,162753.33,IDR,ACTIVE,2025-07-17 22:00:00,2026-05-15 22:00:00
W004505,U004505,80180.51,IDR,ACTIVE,2024-12-25 19:00:00,2025-03-11 19:00:00
W004506,U004506,935449.48,IDR,ACTIVE,2024-04-04 08:00:00,2025-02-23 08:00:00
W004507,U004507,131728.59,IDR,ACTIVE,2024-05-12 09:00:00,2025-05-09 09:00:00
W004508,U004508,62385.05,IDR,ACTIVE,2024-02-05 01:00:00,2024-04-21 01:00:00
W004509,U004509,10859.27,IDR,ACTIVE,2024-07-16 13:00:00,2024-11-26 13:00:00
W004510,U004510,185774.23,IDR,ACTIVE,2024-06-17 05:00:00,2025-02-17 05:00:00
W004511,U004511,200270.8,IDR,ACTIVE,2024-09-03 17:00:00,2025-12-26 17:00:00
W004512,U004512,41917.45,IDR,CLOSED,2025-03-21 13:00:00,2026-02-04 13:00:00
W004513,U004513,29920.63,IDR,ACTIVE,2024-07-14 12:00:00,2025-09-17 12:00:00
W004514,U004514,144244.33,IDR,ACTIVE,2025-09-22 08:00:00,2026-06-29 08:00:00
W004515,U004515,78787.84,IDR,ACTIVE,2025-12-02 02:00:00,2025-12-21 02:00:00
W004516,U004516,49865.1,IDR,ACTIVE,2024-04-11 02:00:00,2025-08-11 02:00:00
W004517,U004517,95271.65,IDR,ACTIVE,2025-06-24 18:00:00,2026-05-17 18:00:00
W004518,U004518,41783.01,IDR,ACTIVE,2024-09-26 04:00:00,2025-09-18 04:00:00
W004519,U004519,196882.31,IDR,ACTIVE,2026-01-15 04:00:00,2026-08-23 00:00:00
W004520,U004520,45125.68,IDR,ACTIVE,2025-01-26 06:00:00,2025-02-04 06:00:00
W004521,U004521,144250.59,IDR,ACTIVE,2024-06-22 13:00:00,2025-03-01 13:00:00
W004522,U004522,62274.62,IDR,ACTIVE,2024-07-04 15:00:00,2025-05-16 15:00:00
W004523,U004523,84360.41,IDR,ACTIVE,2024-11-19 07:00:00,2025-10-24 07:00:00
W004524,U004524,368967.7,IDR,ACTIVE,2024-12-24 14:00:00,2025-08-15 14:00:00
W004525,U004525,36900.5,IDR,ACTIVE,2025-03-07 02:00:00,2025-03-12 02:00:00
W004526,U004526,133891.82,IDR,ACTIVE,2025-10-21 00:00:00,2026-07-09 00:00:00
W004527,U004527,272500.78,IDR,ACTIVE,2024-01-23 04:00:00,2024-05-30 04:00:00
W004528,U004528,128578.2,IDR,ACTIVE,2025-11-26 16:00:00,2026-08-23 00:00:00
W004529,U004529,210285.49,IDR,ACTIVE,2024-02-17 20:00:00,2024-08-18 20:00:00
W004530,U004530,69001.12,IDR,ACTIVE,2024-10-30 22:00:00,2025-10-20 22:00:00
W004531,U004531,120993.67,IDR,ACTIVE,2025-12-04 06:00:00,2026-08-23 00:00:00
W004532,U004532,161847.58,IDR,CLOSED,2025-12-18 11:00:00,2026-08-07 11:00:00
W004533,U004533,60952.81,IDR,ACTIVE,2024-05-05 05:00:00,2024-06-02 05:00:00
W004534,U004534,711630.29,IDR,ACTIVE,2025-07-16 05:00:00,2026-06-24 05:00:00
W004535,U004535,26483.94,IDR,ACTIVE,2025-04-11 13:00:00,2025-10-25 13:00:00
W004536,U004536,22586.68,IDR,ACTIVE,2024-11-01 22:00:00,2025-05-18 22:00:00
W004537,U004537,319254.46,IDR,ACTIVE,2025-11-08 05:00:00,2025-11-16 05:00:00
W004538,U004538,259448.06,IDR,ACTIVE,2026-03-31 14:00:00,2026-08-23 00:00:00
W004539,U004539,30570.21,IDR,ACTIVE,2025-10-23 18:00:00,2026-08-23 00:00:00
W004540,U004540,210171.16,IDR,ACTIVE,2025-01-30 23:00:00,2025-03-30 23:00:00
W004541,U004541,96240.34,IDR,CLOSED,2024-07-08 04:00:00,2025-01-19 04:00:00
W004542,U004542,63052.18,IDR,ACTIVE,2024-11-07 12:00:00,2024-12-06 12:00:00
W004543,U004543,29648.51,IDR,ACTIVE,2025-09-19 17:00:00,2026-08-23 00:00:00
W004544,U004544,54489.11,IDR,ACTIVE,2025-11-11 18:00:00,2026-06-15 18:00:00
W004545,U004545,24692.74,IDR,FROZEN,2024-08-19 02:00:00,2025-10-28 02:00:00
W004546,U004546,46036.19,IDR,ACTIVE,2024-04-09 17:00:00,2024-08-25 17:00:00
W004547,U004547,24137.83,IDR,ACTIVE,2026-01-07 21:00:00,2026-05-09 21:00:00
W004548,U004548,16049.46,IDR,ACTIVE,2025-02-19 00:00:00,2026-03-06 00:00:00
W004549,U004549,216420.75,IDR,ACTIVE,2024-06-06 05:00:00,2025-05-09 05:00:00
W004550,U004550,51229.66,IDR,ACTIVE,2024-07-01 21:00:00,2025-10-28 21:00:00
W004551,U004551,87476.34,IDR,ACTIVE,2026-01-25 12:00:00,2026-08-23 00:00:00
W004552,U004552,35147.15,IDR,ACTIVE,2025-01-27 06:00:00,2026-02-18 06:00:00
W004553,U004553,48913.55,IDR,ACTIVE,2026-06-29 00:00:00,2026-08-23 00:00:00
W004554,U004554,23457.42,IDR,ACTIVE,2025-02-24 13:00:00,2025-06-21 13:00:00
W004555,U004555,322889.15,IDR,ACTIVE,2025-01-22 06:00:00,2026-03-15 06:00:00
W004556,U004556,7943.22,IDR,ACTIVE,2024-09-26 19:00:00,2025-08-23 19:00:00
W004557,U004557,150841.17,IDR,ACTIVE,2026-08-04 01:00:00,2026-08-23 00:00:00
W004558,U004558,34527.51,IDR,ACTIVE,2025-04-08 22:00:00,2025-11-01 22:00:00
W004559,U004559,23365.66,IDR,ACTIVE,2026-04-04 15:00:00,2026-08-23 00:00:00
W004560,U004560,14938.66,IDR,ACTIVE,2024-04-11 22:00:00,2024-10-02 22:00:00
W004561,U004561,68833.96,IDR,ACTIVE,2025-11-13 00:00:00,2026-08-09 00:00:00
W004562,U004562,130936.27,IDR,ACTIVE,2025-08-18 00:00:00,2026-07-16 00:00:00
W004563,U004563,116900.13,IDR,ACTIVE,2025-09-30 10:00:00,2026-08-23 00:00:00
W004564,U004564,39303.41,IDR,ACTIVE,2024-08-18 21:00:00,2025-06-25 21:00:00
W004565,U004565,48517.13,IDR,ACTIVE,2024-03-17 17:00:00,2024-07-06 17:00:00
W004566,U004566,22759.67,IDR,ACTIVE,2025-02-17 13:00:00,2026-01-03 13:00:00
W004567,U004567,26459.93,IDR,FROZEN,2025-05-17 05:00:00,2025-11-17 05:00:00
W004568,U004568,215619.3,IDR,ACTIVE,2026-03-11 22:00:00,2026-08-23 00:00:00
W004569,U004569,10944.26,IDR,ACTIVE,2026-06-04 16:00:00,2026-08-23 00:00:00
W004570,U004570,9825.51,IDR,ACTIVE,2025-11-23 11:00:00,2026-08-23 00:00:00
W004571,U004571,30595.85,IDR,ACTIVE,2025-02-15 13:00:00,2026-06-05 13:00:00
W004572,U004572,318091.36,IDR,ACTIVE,2024-11-29 09:00:00,2026-01-12 09:00:00
W004573,U004573,61749.96,IDR,ACTIVE,2025-12-16 18:00:00,2026-08-23 00:00:00
W004574,U004574,712780.74,IDR,ACTIVE,2025-10-02 09:00:00,2026-08-23 00:00:00
W004575,U004575,43358.39,IDR,ACTIVE,2024-05-27 04:00:00,2024-10-07 04:00:00
W004576,U004576,121406.09,IDR,ACTIVE,2026-08-13 13:00:00,2026-08-23 00:00:00
W004577,U004577,183306.02,IDR,ACTIVE,2024-02-05 01:00:00,2024-08-13 01:00:00
W004578,U004578,551944.84,IDR,ACTIVE,2024-02-17 22:00:00,2024-05-19 22:00:00
W004579,U004579,33175.24,IDR,ACTIVE,2025-09-13 20:00:00,2026-08-23 00:00:00
W004580,U004580,61038.45,IDR,ACTIVE,2026-04-13 19:00:00,2026-08-23 00:00:00
W004581,U004581,50177.65,IDR,ACTIVE,2025-12-02 14:00:00,2026-06-24 14:00:00
W004582,U004582,132844.68,IDR,ACTIVE,2026-03-08 18:00:00,2026-05-07 18:00:00
W004583,U004583,277512.94,IDR,ACTIVE,2025-08-05 16:00:00,2025-09-30 16:00:00
W004584,U004584,276522.49,IDR,ACTIVE,2024-04-07 09:00:00,2025-02-13 09:00:00
W004585,U004585,32473.23,IDR,ACTIVE,2026-04-21 06:00:00,2026-08-23 00:00:00
W004586,U004586,26572.14,IDR,ACTIVE,2025-05-13 16:00:00,2025-09-24 16:00:00
W004587,U004587,117811.09,IDR,ACTIVE,2025-08-15 00:00:00,2025-12-14 00:00:00
W004588,U004588,20310.45,IDR,ACTIVE,2026-07-14 02:00:00,2026-08-23 00:00:00
W004589,U004589,136427.16,IDR,ACTIVE,2024-09-03 08:00:00,2025-06-18 08:00:00
W004590,U004590,60914.08,IDR,FROZEN,2026-02-25 02:00:00,2026-08-23 00:00:00
W004591,U004591,227211.95,IDR,ACTIVE,2026-06-17 15:00:00,2026-08-23 00:00:00
W004592,U004592,187485.09,IDR,ACTIVE,2025-02-19 10:00:00,2025-08-28 10:00:00
W004593,U004593,69122.17,IDR,ACTIVE,2024-12-22 22:00:00,2025-11-28 22:00:00
W004594,U004594,18792.38,IDR,ACTIVE,2024-05-17 08:00:00,2024-08-21 08:00:00
W004595,U004595,20258.59,IDR,ACTIVE,2025-10-26 10:00:00,2026-08-23 00:00:00
W004596,U004596,64140.01,IDR,ACTIVE,2025-01-20 23:00:00,2026-04-12 23:00:00
W004597,U004597,97999.28,IDR,ACTIVE,2026-05-09 10:00:00,2026-08-23 00:00:00
W004598,U004598,44175.9,IDR,ACTIVE,2025-08-10 11:00:00,2026-07-06 11:00:00
W004599,U004599,24379.78,IDR,ACTIVE,2026-06-23 04:00:00,2026-08-23 00:00:00
W004600,U004600,45670.76,IDR,ACTIVE,2024-03-11 19:00:00,2024-08-22 19:00:00
W004601,U004601,229297.82,IDR,ACTIVE,2026-08-05 22:00:00,2026-08-23 00:00:00
W004602,U004602,45683.6,IDR,ACTIVE,2025-01-21 17:00:00,2025-08-10 17:00:00
W004603,U004603,33546.73,IDR,ACTIVE,2025-10-28 06:00:00,2026-08-23 00:00:00
W004604,U004604,19709.9,IDR,ACTIVE,2026-03-07 01:00:00,2026-06-24 01:00:00
W004605,U004605,56808.76,IDR,ACTIVE,2025-11-21 15:00:00,2026-04-19 15:00:00
W004606,U004606,189724.4,IDR,ACTIVE,2025-06-11 13:00:00,2026-01-23 13:00:00
W004607,U004607,200474.03,IDR,ACTIVE,2024-09-06 12:00:00,2025-05-05 12:00:00
W004608,U004608,27611.13,IDR,ACTIVE,2025-03-04 06:00:00,2026-04-03 06:00:00
W004609,U004609,69692.47,IDR,ACTIVE,2026-06-11 02:00:00,2026-08-23 00:00:00
W004610,U004610,30149.95,IDR,FROZEN,2026-04-11 07:00:00,2026-08-21 07:00:00
W004611,U004611,42100.7,IDR,ACTIVE,2025-09-07 22:00:00,2026-05-17 22:00:00
W004612,U004612,55797.28,IDR,ACTIVE,2025-11-23 06:00:00,2026-08-23 00:00:00
W004613,U004613,37097.61,IDR,ACTIVE,2024-04-08 15:00:00,2024-04-08 15:00:00
W004614,U004614,3700.72,IDR,ACTIVE,2024-12-01 03:00:00,2025-02-26 03:00:00
W004615,U004615,324104.8,IDR,ACTIVE,2024-09-10 14:00:00,2025-06-16 14:00:00
W004616,U004616,33341.39,IDR,ACTIVE,2024-06-16 22:00:00,2024-06-29 22:00:00
W004617,U004617,30932.19,IDR,ACTIVE,2025-09-25 15:00:00,2026-06-28 15:00:00
W004618,U004618,27461.6,IDR,ACTIVE,2024-10-16 00:00:00,2024-12-14 00:00:00
W004619,U004619,13942.91,IDR,ACTIVE,2025-01-30 07:00:00,2025-12-20 07:00:00
W004620,U004620,336380.42,IDR,ACTIVE,2025-05-31 00:00:00,2026-02-12 00:00:00
W004621,U004621,59666.31,IDR,ACTIVE,2025-07-13 07:00:00,2025-11-21 07:00:00
W004622,U004622,99296.38,IDR,ACTIVE,2025-02-11 12:00:00,2025-02-15 12:00:00
W004623,U004623,86348.48,IDR,ACTIVE,2024-02-21 21:00:00,2024-12-31 21:00:00
W004624,U004624,36072.85,IDR,ACTIVE,2025-03-01 18:00:00,2025-10-24 18:00:00
W004625,U004625,59475.6,IDR,ACTIVE,2024-04-09 15:00:00,2025-04-04 15:00:00
W004626,U004626,124937.25,IDR,ACTIVE,2026-03-14 17:00:00,2026-08-23 00:00:00
W004627,U004627,15400.83,IDR,ACTIVE,2026-04-21 03:00:00,2026-08-23 00:00:00
W004628,U004628,41368.84,IDR,ACTIVE,2025-12-19 12:00:00,2026-01-31 12:00:00
W004629,U004629,48619.37,IDR,ACTIVE,2024-05-05 00:00:00,2025-01-15 00:00:00
W004630,U004630,35019.28,IDR,ACTIVE,2026-03-15 08:00:00,2026-08-21 08:00:00
W004631,U004631,34404.95,IDR,FROZEN,2025-09-07 19:00:00,2025-10-01 19:00:00
W004632,U004632,71556.29,IDR,ACTIVE,2026-02-27 07:00:00,2026-08-23 00:00:00
W004633,U004633,242990.41,IDR,ACTIVE,2026-07-04 09:00:00,2026-08-23 00:00:00
W004634,U004634,94463.46,IDR,ACTIVE,2024-07-13 22:00:00,2025-10-12 22:00:00
W004635,U004635,26808.36,IDR,ACTIVE,2024-10-08 22:00:00,2024-11-15 22:00:00
W004636,U004636,939618.77,IDR,ACTIVE,2024-03-11 20:00:00,2024-05-22 20:00:00
W004637,U004637,245756.47,IDR,ACTIVE,2026-01-07 22:00:00,2026-04-03 22:00:00
W004638,U004638,37456.27,IDR,ACTIVE,2024-12-19 22:00:00,2026-02-22 22:00:00
W004639,U004639,250203.63,IDR,ACTIVE,2025-10-17 04:00:00,2026-05-25 04:00:00
W004640,U004640,73207.1,IDR,ACTIVE,2024-07-14 00:00:00,2025-01-04 00:00:00
W004641,U004641,19290.98,IDR,ACTIVE,2025-08-02 20:00:00,2026-08-23 00:00:00
W004642,U004642,214437.12,IDR,ACTIVE,2026-01-24 05:00:00,2026-08-23 00:00:00
W004643,U004643,26811.62,IDR,ACTIVE,2026-07-12 00:00:00,2026-08-23 00:00:00
W004644,U004644,99075.42,IDR,ACTIVE,2025-04-09 16:00:00,2026-03-07 16:00:00
W004645,U004645,69302.43,IDR,ACTIVE,2024-03-14 13:00:00,2024-09-12 13:00:00
W004646,U004646,108151.64,IDR,ACTIVE,2026-08-12 10:00:00,2026-08-23 00:00:00
W004647,U004647,369547.59,IDR,ACTIVE,2025-09-29 02:00:00,2026-08-23 00:00:00
W004648,U004648,58608.65,IDR,ACTIVE,2025-02-13 18:00:00,2025-07-25 18:00:00
W004649,U004649,19067.59,IDR,ACTIVE,2025-05-04 17:00:00,2026-01-18 17:00:00
W004650,U004650,30372.59,IDR,ACTIVE,2025-06-13 08:00:00,2026-08-23 00:00:00
W004651,U004651,17886.61,IDR,ACTIVE,2025-04-26 18:00:00,2026-07-29 18:00:00
W004652,U004652,13496.65,IDR,ACTIVE,2024-10-25 06:00:00,2025-10-02 06:00:00
W004653,U004653,185080.43,IDR,ACTIVE,2025-01-13 14:00:00,2025-06-02 14:00:00
W004654,U004654,66895.07,IDR,ACTIVE,2025-08-16 06:00:00,2026-08-23 00:00:00
W004655,U004655,52126.69,IDR,FROZEN,2025-10-14 02:00:00,2026-07-13 02:00:00
W004656,U004656,4594.27,IDR,FROZEN,2025-09-07 05:00:00,2026-01-04 05:00:00
W004657,U004657,38278.25,IDR,FROZEN,2026-08-04 09:00:00,2026-08-23 00:00:00
W004658,U004658,140366.91,IDR,ACTIVE,2024-01-16 13:00:00,2024-02-28 13:00:00
W004659,U004659,286061.28,IDR,ACTIVE,2024-10-19 09:00:00,2025-03-23 09:00:00
W004660,U004660,26101.95,IDR,ACTIVE,2025-04-02 07:00:00,2026-04-11 07:00:00
W004661,U004661,95058.93,IDR,ACTIVE,2026-01-08 07:00:00,2026-08-23 00:00:00
W004662,U004662,170566.24,IDR,ACTIVE,2025-05-07 14:00:00,2026-08-12 14:00:00
W004663,U004663,76671.86,IDR,ACTIVE,2024-02-13 12:00:00,2025-03-13 12:00:00
W004664,U004664,128210.74,IDR,ACTIVE,2025-03-14 20:00:00,2025-04-01 20:00:00
W004665,U004665,18854.44,IDR,ACTIVE,2026-02-22 01:00:00,2026-08-23 00:00:00
W004666,U004666,4581.82,IDR,ACTIVE,2024-01-11 14:00:00,2024-07-02 14:00:00
W004667,U004667,295869.87,IDR,ACTIVE,2026-07-03 23:00:00,2026-08-23 00:00:00
W004668,U004668,141113.84,IDR,ACTIVE,2026-05-20 09:00:00,2026-08-23 00:00:00
W004669,U004669,105469.53,IDR,ACTIVE,2024-09-26 06:00:00,2024-11-18 06:00:00
W004670,U004670,157453.18,IDR,ACTIVE,2025-03-02 22:00:00,2025-06-21 22:00:00
W004671,U004671,44503.86,IDR,FROZEN,2025-02-14 08:00:00,2025-05-17 08:00:00
W004672,U004672,22089.47,IDR,ACTIVE,2024-04-30 18:00:00,2024-05-08 18:00:00
W004673,U004673,18006.08,IDR,ACTIVE,2026-04-01 05:00:00,2026-08-23 00:00:00
W004674,U004674,15729.26,IDR,ACTIVE,2025-06-17 05:00:00,2026-05-11 05:00:00
W004675,U004675,93656.24,IDR,ACTIVE,2026-07-04 17:00:00,2026-08-23 00:00:00
W004676,U004676,39880.52,IDR,ACTIVE,2024-03-16 05:00:00,2025-05-23 05:00:00
W004677,U004677,273922.61,IDR,ACTIVE,2026-03-09 09:00:00,2026-08-23 00:00:00
W004678,U004678,211453.66,IDR,ACTIVE,2024-07-12 21:00:00,2024-08-21 21:00:00
W004679,U004679,140084.95,IDR,ACTIVE,2024-03-15 02:00:00,2025-04-23 02:00:00
W004680,U004680,109309.24,IDR,ACTIVE,2025-01-30 03:00:00,2026-02-20 03:00:00
W004681,U004681,30256.31,IDR,ACTIVE,2025-06-10 15:00:00,2026-01-02 15:00:00
W004682,U004682,35711.66,IDR,ACTIVE,2024-05-01 00:00:00,2025-06-25 00:00:00
W004683,U004683,30125.27,IDR,FROZEN,2024-08-29 19:00:00,2025-03-26 19:00:00
W004684,U004684,21460.4,IDR,ACTIVE,2026-04-14 02:00:00,2026-04-24 02:00:00
W004685,U004685,53713.17,IDR,ACTIVE,2024-05-12 13:00:00,2025-08-02 13:00:00
W004686,U004686,168003.31,IDR,ACTIVE,2024-11-17 16:00:00,2026-02-13 16:00:00
W004687,U004687,50411.2,IDR,ACTIVE,2024-09-22 14:00:00,2025-06-06 14:00:00
W004688,U004688,28729.51,IDR,ACTIVE,2026-04-19 05:00:00,2026-08-23 00:00:00
W004689,U004689,50454.58,IDR,ACTIVE,2026-04-24 04:00:00,2026-08-23 00:00:00
W004690,U004690,71019.2,IDR,ACTIVE,2025-08-25 13:00:00,2026-02-25 13:00:00
W004691,U004691,36806.1,IDR,ACTIVE,2025-02-02 04:00:00,2026-02-23 04:00:00
W004692,U004692,54144.24,IDR,ACTIVE,2025-08-25 06:00:00,2026-06-06 06:00:00
W004693,U004693,916667.18,IDR,ACTIVE,2026-02-21 08:00:00,2026-08-23 00:00:00
W004694,U004694,15315.12,IDR,ACTIVE,2024-12-24 01:00:00,2025-11-10 01:00:00
W004695,U004695,8127.04,IDR,ACTIVE,2024-06-12 09:00:00,2025-06-16 09:00:00
W004696,U004696,66027.49,IDR,ACTIVE,2025-11-16 20:00:00,2026-05-07 20:00:00
W004697,U004697,89281.26,IDR,ACTIVE,2025-06-20 22:00:00,2025-10-17 22:00:00
W004698,U004698,51543.91,IDR,CLOSED,2025-01-31 17:00:00,2025-08-23 17:00:00
W004699,U004699,23165.05,IDR,ACTIVE,2025-10-26 16:00:00,2026-08-23 00:00:00
W004700,U004700,268072.32,IDR,ACTIVE,2025-07-15 23:00:00,2025-11-21 23:00:00
W004701,U004701,62190.89,IDR,ACTIVE,2026-07-26 12:00:00,2026-08-23 00:00:00
W004702,U004702,69151.31,IDR,ACTIVE,2026-05-08 16:00:00,2026-07-08 16:00:00
W004703,U004703,137548.68,IDR,ACTIVE,2025-01-10 09:00:00,2025-11-16 09:00:00
W004704,U004704,49489.43,IDR,CLOSED,2025-12-12 12:00:00,2026-01-03 12:00:00
W004705,U004705,45212.58,IDR,ACTIVE,2026-03-30 19:00:00,2026-08-23 00:00:00
W004706,U004706,268057.95,IDR,ACTIVE,2026-01-18 10:00:00,2026-05-13 10:00:00
W004707,U004707,11740.4,IDR,ACTIVE,2025-11-29 21:00:00,2026-08-23 00:00:00
W004708,U004708,84457.19,IDR,ACTIVE,2025-08-10 07:00:00,2026-08-23 00:00:00
W004709,U004709,77023.78,IDR,ACTIVE,2026-07-18 11:00:00,2026-08-23 00:00:00
W004710,U004710,39470.47,IDR,ACTIVE,2024-09-28 00:00:00,2025-05-31 00:00:00
W004711,U004711,51627.55,IDR,ACTIVE,2026-05-14 14:00:00,2026-08-23 00:00:00
W004712,U004712,240864.92,IDR,ACTIVE,2025-12-01 03:00:00,2026-08-23 00:00:00
W004713,U004713,26733.39,IDR,CLOSED,2024-06-09 09:00:00,2025-06-05 09:00:00
W004714,U004714,127868.31,IDR,ACTIVE,2025-09-02 22:00:00,2026-05-14 22:00:00
W004715,U004715,60303.97,IDR,ACTIVE,2026-05-17 13:00:00,2026-08-23 00:00:00
W004716,U004716,113734.86,IDR,ACTIVE,2024-08-14 02:00:00,2025-02-13 02:00:00
W004717,U004717,90860.49,IDR,ACTIVE,2024-01-24 16:00:00,2025-01-21 16:00:00
W004718,U004718,7757.86,IDR,ACTIVE,2024-01-06 07:00:00,2025-04-16 07:00:00
W004719,U004719,26156.68,IDR,ACTIVE,2025-08-22 08:00:00,2026-08-23 00:00:00
W004720,U004720,29984.58,IDR,ACTIVE,2024-06-28 02:00:00,2024-09-27 02:00:00
W004721,U004721,22960.96,IDR,ACTIVE,2026-05-18 16:00:00,2026-08-02 16:00:00
W004722,U004722,33689.51,IDR,ACTIVE,2024-07-10 20:00:00,2025-07-25 20:00:00
W004723,U004723,68989.65,IDR,ACTIVE,2025-04-04 11:00:00,2025-08-21 11:00:00
W004724,U004724,152469.18,IDR,ACTIVE,2024-05-24 16:00:00,2024-09-07 16:00:00
W004725,U004725,17125.12,IDR,ACTIVE,2026-05-09 15:00:00,2026-08-23 00:00:00
W004726,U004726,61181.83,IDR,ACTIVE,2026-03-05 03:00:00,2026-08-07 03:00:00
W004727,U004727,79961.83,IDR,ACTIVE,2025-03-07 15:00:00,2026-03-27 15:00:00
W004728,U004728,187555.66,IDR,ACTIVE,2025-05-06 09:00:00,2025-07-19 09:00:00
W004729,U004729,307000.76,IDR,ACTIVE,2025-05-07 00:00:00,2025-12-27 00:00:00
W004730,U004730,49177.37,IDR,ACTIVE,2024-01-07 07:00:00,2024-10-02 07:00:00
W004731,U004731,23431.12,IDR,ACTIVE,2024-10-10 01:00:00,2025-12-04 01:00:00
W004732,U004732,85576.21,IDR,ACTIVE,2025-05-26 19:00:00,2025-11-24 19:00:00
W004733,U004733,24441.87,IDR,ACTIVE,2024-04-27 01:00:00,2025-03-25 01:00:00
W004734,U004734,78514.16,IDR,CLOSED,2025-11-10 01:00:00,2026-06-24 01:00:00
W004735,U004735,28679.41,IDR,ACTIVE,2024-05-24 13:00:00,2025-01-07 13:00:00
W004736,U004736,7162.55,IDR,ACTIVE,2025-07-31 10:00:00,2026-01-18 10:00:00
W004737,U004737,100484.4,IDR,ACTIVE,2024-12-15 01:00:00,2026-01-16 01:00:00
W004738,U004738,30546.73,IDR,ACTIVE,2025-11-26 06:00:00,2026-08-23 00:00:00
W004739,U004739,273489.79,IDR,ACTIVE,2025-09-13 10:00:00,2026-05-18 10:00:00
W004740,U004740,60546.56,IDR,ACTIVE,2026-01-01 20:00:00,2026-08-23 00:00:00
W004741,U004741,12789.37,IDR,ACTIVE,2024-01-25 22:00:00,2024-02-24 22:00:00
W004742,U004742,157539.17,IDR,ACTIVE,2026-05-03 07:00:00,2026-08-23 00:00:00
W004743,U004743,49913.89,IDR,ACTIVE,2024-08-07 06:00:00,2024-11-26 06:00:00
W004744,U004744,108777.1,IDR,ACTIVE,2026-08-01 02:00:00,2026-08-23 00:00:00
W004745,U004745,160898.03,IDR,ACTIVE,2026-04-18 08:00:00,2026-08-23 00:00:00
W004746,U004746,63819.96,IDR,ACTIVE,2026-04-02 02:00:00,2026-08-23 00:00:00
W004747,U004747,16183.49,IDR,ACTIVE,2024-02-17 13:00:00,2025-02-27 13:00:00
W004748,U004748,69958.56,IDR,ACTIVE,2025-07-17 04:00:00,2026-05-28 04:00:00
W004749,U004749,231860.66,IDR,ACTIVE,2025-08-09 13:00:00,2026-03-09 13:00:00
W004750,U004750,54439.73,IDR,ACTIVE,2025-01-04 02:00:00,2025-11-28 02:00:00
W004751,U004751,91066.19,IDR,ACTIVE,2024-07-26 16:00:00,2025-10-20 16:00:00
W004752,U004752,26943.02,IDR,ACTIVE,2026-03-23 05:00:00,2026-08-23 00:00:00
W004753,U004753,13944.32,IDR,ACTIVE,2025-04-17 08:00:00,2026-03-17 08:00:00
W004754,U004754,50948.58,IDR,ACTIVE,2024-01-10 13:00:00,2024-06-12 13:00:00
W004755,U004755,61992.53,IDR,ACTIVE,2024-04-25 10:00:00,2024-06-02 10:00:00
W004756,U004756,183238.05,IDR,ACTIVE,2025-06-06 16:00:00,2025-08-27 16:00:00
W004757,U004757,66044.26,IDR,CLOSED,2025-12-18 14:00:00,2026-08-23 00:00:00
W004758,U004758,167518.51,IDR,ACTIVE,2024-05-21 23:00:00,2025-01-29 23:00:00
W004759,U004759,38880.53,IDR,ACTIVE,2025-08-22 06:00:00,2025-09-21 06:00:00
W004760,U004760,15799.85,IDR,ACTIVE,2024-05-31 02:00:00,2024-10-11 02:00:00
W004761,U004761,96549.79,IDR,ACTIVE,2026-08-04 00:00:00,2026-08-23 00:00:00
W004762,U004762,262215.52,IDR,ACTIVE,2024-10-03 21:00:00,2025-02-10 21:00:00
W004763,U004763,34031.73,IDR,ACTIVE,2026-01-11 19:00:00,2026-07-23 19:00:00
W004764,U004764,112323.15,IDR,ACTIVE,2024-03-24 00:00:00,2025-06-26 00:00:00
W004765,U004765,116840.22,IDR,ACTIVE,2024-07-25 01:00:00,2024-08-25 01:00:00
W004766,U004766,14071.06,IDR,FROZEN,2025-08-04 18:00:00,2025-10-22 18:00:00
W004767,U004767,48830.8,IDR,ACTIVE,2025-11-07 13:00:00,2026-08-23 00:00:00
W004768,U004768,122506.23,IDR,ACTIVE,2024-08-09 06:00:00,2025-11-15 06:00:00
W004769,U004769,85278.65,IDR,ACTIVE,2024-01-03 10:00:00,2025-04-21 10:00:00
W004770,U004770,122605.56,IDR,ACTIVE,2025-09-14 20:00:00,2026-08-23 00:00:00
W004771,U004771,102136.25,IDR,ACTIVE,2024-03-24 04:00:00,2024-11-07 04:00:00
W004772,U004772,55127.81,IDR,ACTIVE,2024-08-01 07:00:00,2025-06-17 07:00:00
W004773,U004773,61828.24,IDR,ACTIVE,2026-02-22 15:00:00,2026-08-23 00:00:00
W004774,U004774,177656.46,IDR,ACTIVE,2024-04-01 12:00:00,2024-09-16 12:00:00
W004775,U004775,69832.46,IDR,ACTIVE,2026-03-14 00:00:00,2026-05-21 00:00:00
W004776,U004776,29995.05,IDR,ACTIVE,2025-12-04 09:00:00,2026-08-23 00:00:00
W004777,U004777,49591.92,IDR,ACTIVE,2025-10-14 03:00:00,2026-03-07 03:00:00
W004778,U004778,90731.82,IDR,ACTIVE,2025-08-03 03:00:00,2026-08-23 00:00:00
W004779,U004779,165356.09,IDR,ACTIVE,2024-04-01 14:00:00,2024-08-18 14:00:00
W004780,U004780,13807.48,IDR,ACTIVE,2024-04-03 00:00:00,2025-05-07 00:00:00
W004781,U004781,47088.83,IDR,ACTIVE,2025-07-31 17:00:00,2026-06-27 17:00:00
W004782,U004782,151905.19,IDR,ACTIVE,2024-10-03 13:00:00,2025-11-26 13:00:00
W004783,U004783,26641.87,IDR,ACTIVE,2024-05-14 20:00:00,2025-06-13 20:00:00
W004784,U004784,26758.26,IDR,ACTIVE,2024-05-06 10:00:00,2024-08-06 10:00:00
W004785,U004785,61100.29,IDR,ACTIVE,2024-12-21 07:00:00,2026-04-02 07:00:00
W004786,U004786,12936.11,IDR,ACTIVE,2024-08-01 12:00:00,2025-04-03 12:00:00
W004787,U004787,356694.73,IDR,ACTIVE,2025-12-20 12:00:00,2026-03-21 12:00:00
W004788,U004788,89564.85,IDR,ACTIVE,2025-02-03 11:00:00,2026-02-27 11:00:00
W004789,U004789,111885.18,IDR,ACTIVE,2026-06-11 10:00:00,2026-08-23 00:00:00
W004790,U004790,191851.3,IDR,ACTIVE,2025-05-24 00:00:00,2025-09-20 00:00:00
W004791,U004791,676990.55,IDR,ACTIVE,2024-08-07 18:00:00,2025-06-27 18:00:00
W004792,U004792,55319.34,IDR,ACTIVE,2026-07-12 18:00:00,2026-08-23 00:00:00
W004793,U004793,13655.34,IDR,FROZEN,2024-07-25 14:00:00,2025-01-25 14:00:00
W004794,U004794,81673.04,IDR,ACTIVE,2026-01-05 11:00:00,2026-06-22 11:00:00
W004795,U004795,28166.47,IDR,ACTIVE,2024-05-16 12:00:00,2025-04-17 12:00:00
W004796,U004796,19596.0,IDR,ACTIVE,2026-04-17 20:00:00,2026-08-23 00:00:00
W004797,U004797,37197.25,IDR,ACTIVE,2024-02-25 05:00:00,2025-02-10 05:00:00
W004798,U004798,54295.95,IDR,ACTIVE,2024-08-26 18:00:00,2025-01-07 18:00:00
W004799,U004799,195826.52,IDR,ACTIVE,2024-10-12 01:00:00,2025-03-30 01:00:00
W004800,U004800,368542.32,IDR,ACTIVE,2024-11-28 08:00:00,2025-08-08 08:00:00
W004801,U004801,21931.07,IDR,ACTIVE,2025-02-02 11:00:00,2025-10-18 11:00:00
W004802,U004802,39779.37,IDR,ACTIVE,2025-10-17 22:00:00,2026-01-27 22:00:00
W004803,U004803,106639.11,IDR,ACTIVE,2025-03-02 21:00:00,2026-07-15 21:00:00
W004804,U004804,123067.23,IDR,ACTIVE,2025-11-28 00:00:00,2026-01-01 00:00:00
W004805,U004805,24231.5,IDR,CLOSED,2025-04-12 23:00:00,2026-03-13 23:00:00
W004806,U004806,152181.43,IDR,ACTIVE,2025-04-17 12:00:00,2026-05-17 12:00:00
W004807,U004807,29862.37,IDR,FROZEN,2024-12-21 19:00:00,2025-03-15 19:00:00
W004808,U004808,23366.63,IDR,CLOSED,2026-04-20 01:00:00,2026-08-23 00:00:00
W004809,U004809,101937.6,IDR,ACTIVE,2024-03-23 16:00:00,2024-12-24 16:00:00
W004810,U004810,201969.82,IDR,FROZEN,2025-11-29 23:00:00,2026-02-12 23:00:00
W004811,U004811,81646.47,IDR,ACTIVE,2024-05-06 14:00:00,2024-06-07 14:00:00
W004812,U004812,68626.01,IDR,ACTIVE,2026-05-28 22:00:00,2026-08-23 00:00:00
W004813,U004813,55335.73,IDR,FROZEN,2024-02-22 08:00:00,2025-01-20 08:00:00
W004814,U004814,64851.6,IDR,ACTIVE,2024-03-09 08:00:00,2024-07-02 08:00:00
W004815,U004815,48267.96,IDR,ACTIVE,2026-07-21 04:00:00,2026-08-23 00:00:00
W004816,U004816,105132.76,IDR,ACTIVE,2024-06-06 19:00:00,2025-05-24 19:00:00
W004817,U004817,64907.19,IDR,FROZEN,2024-02-01 14:00:00,2025-05-06 14:00:00
W004818,U004818,622016.94,IDR,ACTIVE,2025-11-24 07:00:00,2026-08-23 00:00:00
W004819,U004819,85136.54,IDR,ACTIVE,2024-10-03 09:00:00,2025-02-18 09:00:00
W004820,U004820,48354.9,IDR,ACTIVE,2025-07-30 08:00:00,2025-08-30 08:00:00
W004821,U004821,22215.77,IDR,ACTIVE,2025-02-20 19:00:00,2026-05-25 19:00:00
W004822,U004822,24844.55,IDR,ACTIVE,2024-01-03 17:00:00,2025-01-28 17:00:00
W004823,U004823,88860.23,IDR,ACTIVE,2024-10-10 09:00:00,2025-10-02 09:00:00
W004824,U004824,35377.62,IDR,ACTIVE,2024-01-18 16:00:00,2024-10-12 16:00:00
W004825,U004825,72180.63,IDR,ACTIVE,2025-05-12 22:00:00,2026-05-17 22:00:00
W004826,U004826,215772.17,IDR,ACTIVE,2024-10-13 19:00:00,2025-10-12 19:00:00
W004827,U004827,18475.28,IDR,ACTIVE,2025-06-13 20:00:00,2026-04-27 20:00:00
W004828,U004828,51504.09,IDR,ACTIVE,2024-03-09 17:00:00,2025-03-08 17:00:00
W004829,U004829,6375.44,IDR,ACTIVE,2024-10-25 12:00:00,2025-02-04 12:00:00
W004830,U004830,14141.72,IDR,ACTIVE,2026-07-14 21:00:00,2026-08-23 00:00:00
W004831,U004831,75044.9,IDR,FROZEN,2026-07-06 05:00:00,2026-08-23 00:00:00
W004832,U004832,15497.79,IDR,ACTIVE,2024-12-25 14:00:00,2025-02-16 14:00:00
W004833,U004833,18084.91,IDR,ACTIVE,2024-01-16 11:00:00,2024-08-31 11:00:00
W004834,U004834,319013.82,IDR,ACTIVE,2024-12-03 14:00:00,2025-03-12 14:00:00
W004835,U004835,32172.43,IDR,ACTIVE,2024-11-12 17:00:00,2024-12-25 17:00:00
W004836,U004836,23319.3,IDR,ACTIVE,2025-03-07 13:00:00,2025-05-08 13:00:00
W004837,U004837,214070.28,IDR,ACTIVE,2024-11-30 05:00:00,2025-01-02 05:00:00
W004838,U004838,23154.82,IDR,ACTIVE,2026-08-10 15:00:00,2026-08-23 00:00:00
W004839,U004839,83711.04,IDR,ACTIVE,2024-04-22 15:00:00,2025-06-28 15:00:00
W004840,U004840,86215.2,IDR,ACTIVE,2024-05-25 07:00:00,2025-06-08 07:00:00
W004841,U004841,141449.08,IDR,ACTIVE,2026-08-15 23:00:00,2026-08-23 00:00:00
W004842,U004842,19997.75,IDR,ACTIVE,2025-01-13 02:00:00,2025-06-11 02:00:00
W004843,U004843,26529.91,IDR,ACTIVE,2025-06-12 22:00:00,2026-05-05 22:00:00
W004844,U004844,32535.83,IDR,ACTIVE,2025-08-25 02:00:00,2026-06-12 02:00:00
W004845,U004845,27648.5,IDR,ACTIVE,2025-09-27 03:00:00,2026-04-18 03:00:00
W004846,U004846,131439.01,IDR,ACTIVE,2026-06-17 13:00:00,2026-08-23 00:00:00
W004847,U004847,86364.11,IDR,ACTIVE,2025-09-11 03:00:00,2026-04-16 03:00:00
W004848,U004848,100778.24,IDR,ACTIVE,2024-04-01 09:00:00,2025-04-18 09:00:00
W004849,U004849,13517.52,IDR,ACTIVE,2025-11-15 21:00:00,2026-06-06 21:00:00
W004850,U004850,73137.32,IDR,ACTIVE,2025-01-12 23:00:00,2025-10-18 23:00:00
W004851,U004851,256657.63,IDR,FROZEN,2025-02-20 23:00:00,2025-12-12 23:00:00
W004852,U004852,521245.46,IDR,ACTIVE,2026-06-23 23:00:00,2026-08-23 00:00:00
W004853,U004853,37817.4,IDR,ACTIVE,2024-02-02 12:00:00,2024-04-30 12:00:00
W004854,U004854,144773.37,IDR,ACTIVE,2025-12-15 02:00:00,2026-08-23 00:00:00
W004855,U004855,27154.26,IDR,ACTIVE,2024-01-13 05:00:00,2024-06-20 05:00:00
W004856,U004856,13968.03,IDR,ACTIVE,2024-01-19 18:00:00,2025-05-31 18:00:00
W004857,U004857,14721.6,IDR,ACTIVE,2025-08-14 20:00:00,2025-11-14 20:00:00
W004858,U004858,217883.46,IDR,ACTIVE,2025-08-30 08:00:00,2026-05-09 08:00:00
W004859,U004859,40527.36,IDR,ACTIVE,2025-12-15 20:00:00,2026-08-23 00:00:00
W004860,U004860,33517.95,IDR,ACTIVE,2026-06-25 13:00:00,2026-08-23 00:00:00
W004861,U004861,126499.72,IDR,ACTIVE,2026-06-08 21:00:00,2026-08-23 00:00:00
W004862,U004862,17522.14,IDR,ACTIVE,2025-04-23 12:00:00,2026-06-28 12:00:00
W004863,U004863,96118.89,IDR,ACTIVE,2024-02-20 02:00:00,2025-01-11 02:00:00
W004864,U004864,48204.52,IDR,ACTIVE,2024-03-14 16:00:00,2025-02-17 16:00:00
W004865,U004865,458650.07,IDR,ACTIVE,2026-04-22 11:00:00,2026-08-23 00:00:00
W004866,U004866,39462.27,IDR,ACTIVE,2024-08-25 04:00:00,2025-02-11 04:00:00
W004867,U004867,51868.93,IDR,ACTIVE,2025-09-02 17:00:00,2026-03-10 17:00:00
W004868,U004868,14541.56,IDR,ACTIVE,2026-08-17 05:00:00,2026-08-23 00:00:00
W004869,U004869,557655.31,IDR,ACTIVE,2025-06-04 04:00:00,2026-04-05 04:00:00
W004870,U004870,42088.13,IDR,ACTIVE,2026-05-16 01:00:00,2026-05-29 01:00:00
W004871,U004871,337768.75,IDR,ACTIVE,2026-05-30 06:00:00,2026-08-23 00:00:00
W004872,U004872,11161.82,IDR,ACTIVE,2024-09-22 07:00:00,2025-10-24 07:00:00
W004873,U004873,78903.89,IDR,ACTIVE,2025-09-06 07:00:00,2026-01-12 07:00:00
W004874,U004874,482758.67,IDR,ACTIVE,2025-10-14 08:00:00,2025-12-18 08:00:00
W004875,U004875,32260.64,IDR,ACTIVE,2024-08-08 15:00:00,2025-10-08 15:00:00
W004876,U004876,73635.5,IDR,ACTIVE,2026-03-19 02:00:00,2026-08-23 00:00:00
W004877,U004877,226568.8,IDR,ACTIVE,2025-12-19 16:00:00,2026-03-24 16:00:00
W004878,U004878,42644.95,IDR,ACTIVE,2026-07-14 02:00:00,2026-08-23 00:00:00
W004879,U004879,14133.2,IDR,ACTIVE,2024-06-26 18:00:00,2024-12-13 18:00:00
W004880,U004880,36945.51,IDR,ACTIVE,2024-01-10 14:00:00,2024-02-26 14:00:00
W004881,U004881,80002.34,IDR,ACTIVE,2024-09-20 00:00:00,2025-05-08 00:00:00
W004882,U004882,79069.27,IDR,ACTIVE,2026-03-25 13:00:00,2026-08-23 00:00:00
W004883,U004883,119167.47,IDR,FROZEN,2026-06-09 20:00:00,2026-08-23 00:00:00
W004884,U004884,26085.04,IDR,ACTIVE,2025-07-24 19:00:00,2025-11-02 19:00:00
W004885,U004885,435074.54,IDR,ACTIVE,2024-06-14 06:00:00,2024-08-02 06:00:00
W004886,U004886,26892.67,IDR,ACTIVE,2025-11-10 09:00:00,2026-04-19 09:00:00
W004887,U004887,64847.16,IDR,ACTIVE,2026-05-05 17:00:00,2026-08-13 17:00:00
W004888,U004888,83021.29,IDR,ACTIVE,2025-05-01 12:00:00,2026-07-30 12:00:00
W004889,U004889,75155.44,IDR,ACTIVE,2024-05-27 05:00:00,2024-11-21 05:00:00
W004890,U004890,20122.78,IDR,ACTIVE,2025-06-12 00:00:00,2026-08-23 00:00:00
W004891,U004891,233036.4,IDR,FROZEN,2026-04-11 11:00:00,2026-08-14 11:00:00
W004892,U004892,35301.09,IDR,ACTIVE,2026-04-30 22:00:00,2026-08-23 00:00:00
W004893,U004893,90809.9,IDR,ACTIVE,2024-08-30 23:00:00,2025-09-04 23:00:00
W004894,U004894,72938.25,IDR,ACTIVE,2026-03-01 23:00:00,2026-04-15 23:00:00
W004895,U004895,72624.01,IDR,ACTIVE,2024-03-23 03:00:00,2024-06-13 03:00:00
W004896,U004896,13122.04,IDR,ACTIVE,2024-08-03 09:00:00,2025-07-26 09:00:00
W004897,U004897,32583.55,IDR,ACTIVE,2024-01-03 14:00:00,2024-06-18 14:00:00
W004898,U004898,89907.99,IDR,ACTIVE,2024-11-30 02:00:00,2025-04-28 02:00:00
W004899,U004899,13749.92,IDR,ACTIVE,2024-07-19 18:00:00,2025-06-26 18:00:00
W004900,U004900,48010.04,IDR,ACTIVE,2024-04-03 11:00:00,2025-06-11 11:00:00
W004901,U004901,66605.65,IDR,ACTIVE,2025-03-11 14:00:00,2025-11-07 14:00:00
W004902,U004902,112979.64,IDR,ACTIVE,2025-07-13 07:00:00,2025-08-30 07:00:00
W004903,U004903,65217.12,IDR,ACTIVE,2024-07-17 15:00:00,2024-07-17 15:00:00
W004904,U004904,49560.14,IDR,ACTIVE,2024-02-27 13:00:00,2024-11-25 13:00:00
W004905,U004905,76479.26,IDR,ACTIVE,2025-03-08 23:00:00,2025-05-11 23:00:00
W004906,U004906,46671.03,IDR,ACTIVE,2024-07-23 17:00:00,2024-10-31 17:00:00
W004907,U004907,25245.46,IDR,ACTIVE,2024-07-16 01:00:00,2024-08-19 01:00:00
W004908,U004908,36566.97,IDR,ACTIVE,2024-10-29 06:00:00,2025-04-15 06:00:00
W004909,U004909,88732.22,IDR,ACTIVE,2024-03-15 11:00:00,2024-09-29 11:00:00
W004910,U004910,49983.57,IDR,ACTIVE,2024-11-02 12:00:00,2026-01-23 12:00:00
W004911,U004911,804066.46,IDR,ACTIVE,2025-06-20 19:00:00,2026-03-08 19:00:00
W004912,U004912,19344.92,IDR,ACTIVE,2025-12-12 21:00:00,2026-08-23 00:00:00
W004913,U004913,85893.26,IDR,ACTIVE,2026-06-27 13:00:00,2026-08-23 00:00:00
W004914,U004914,100797.18,IDR,ACTIVE,2024-04-21 07:00:00,2024-11-21 07:00:00
W004915,U004915,63662.03,IDR,ACTIVE,2026-07-20 09:00:00,2026-08-23 00:00:00
W004916,U004916,43821.01,IDR,ACTIVE,2025-12-31 23:00:00,2026-06-07 23:00:00
W004917,U004917,58559.57,IDR,ACTIVE,2024-03-06 16:00:00,2025-05-28 16:00:00
W004918,U004918,58950.47,IDR,ACTIVE,2024-02-15 00:00:00,2025-01-18 00:00:00
W004919,U004919,291832.84,IDR,ACTIVE,2025-03-05 06:00:00,2026-03-24 06:00:00
W004920,U004920,10339.94,IDR,ACTIVE,2025-08-31 13:00:00,2026-08-23 00:00:00
W004921,U004921,24694.79,IDR,ACTIVE,2024-05-07 06:00:00,2025-02-20 06:00:00
W004922,U004922,77002.1,IDR,CLOSED,2024-01-22 20:00:00,2024-02-04 20:00:00
W004923,U004923,171291.45,IDR,ACTIVE,2025-09-23 22:00:00,2026-08-23 00:00:00
W004924,U004924,26130.04,IDR,ACTIVE,2025-12-16 08:00:00,2026-02-25 08:00:00
W004925,U004925,20516.41,IDR,ACTIVE,2025-09-06 09:00:00,2025-11-20 09:00:00
W004926,U004926,51933.24,IDR,ACTIVE,2026-06-06 19:00:00,2026-08-23 00:00:00
W004927,U004927,24855.81,IDR,ACTIVE,2024-04-03 02:00:00,2024-05-18 02:00:00
W004928,U004928,52310.66,IDR,ACTIVE,2025-11-18 05:00:00,2026-04-03 05:00:00
W004929,U004929,25300.7,IDR,ACTIVE,2024-11-02 08:00:00,2026-03-06 08:00:00
W004930,U004930,114940.27,IDR,ACTIVE,2024-10-19 20:00:00,2025-11-12 20:00:00
W004931,U004931,25953.46,IDR,ACTIVE,2025-10-11 10:00:00,2025-11-05 10:00:00
W004932,U004932,11966.07,IDR,ACTIVE,2026-07-29 19:00:00,2026-08-23 00:00:00
W004933,U004933,115377.03,IDR,FROZEN,2024-10-22 17:00:00,2026-01-25 17:00:00
W004934,U004934,59780.11,IDR,ACTIVE,2025-11-04 01:00:00,2026-08-23 00:00:00
W004935,U004935,39469.93,IDR,ACTIVE,2024-08-18 23:00:00,2024-12-02 23:00:00
W004936,U004936,40547.84,IDR,ACTIVE,2024-08-03 15:00:00,2024-10-10 15:00:00
W004937,U004937,66755.03,IDR,ACTIVE,2025-05-12 03:00:00,2025-07-21 03:00:00
W004938,U004938,20569.46,IDR,ACTIVE,2026-03-08 06:00:00,2026-08-23 00:00:00
W004939,U004939,15505.12,IDR,ACTIVE,2026-02-04 23:00:00,2026-08-23 00:00:00
W004940,U004940,25888.44,IDR,FROZEN,2025-04-30 16:00:00,2025-08-06 16:00:00
W004941,U004941,43968.92,IDR,ACTIVE,2026-06-07 19:00:00,2026-08-23 00:00:00
W004942,U004942,24066.41,IDR,ACTIVE,2024-12-08 03:00:00,2025-06-14 03:00:00
W004943,U004943,289772.04,IDR,ACTIVE,2024-10-16 21:00:00,2026-02-14 21:00:00
W004944,U004944,25900.58,IDR,ACTIVE,2025-07-22 11:00:00,2026-06-05 11:00:00
W004945,U004945,62086.22,IDR,ACTIVE,2025-01-17 09:00:00,2025-09-24 09:00:00
W004946,U004946,94618.64,IDR,ACTIVE,2024-05-01 02:00:00,2024-12-09 02:00:00
W004947,U004947,196954.62,IDR,ACTIVE,2026-04-03 01:00:00,2026-08-23 00:00:00
W004948,U004948,348537.77,IDR,ACTIVE,2025-08-05 12:00:00,2026-04-24 12:00:00
W004949,U004949,546523.74,IDR,ACTIVE,2025-08-29 07:00:00,2025-09-17 07:00:00
W004950,U004950,186264.74,IDR,ACTIVE,2025-12-06 23:00:00,2026-08-23 00:00:00
W004951,U004951,155834.44,IDR,ACTIVE,2024-11-05 00:00:00,2026-01-21 00:00:00
W004952,U004952,21784.69,IDR,ACTIVE,2026-05-27 21:00:00,2026-08-23 00:00:00
W004953,U004953,100480.68,IDR,ACTIVE,2025-08-24 13:00:00,2026-05-17 13:00:00
W004954,U004954,46317.09,IDR,ACTIVE,2025-10-31 02:00:00,2026-08-23 00:00:00
W004955,U004955,46782.42,IDR,FROZEN,2024-10-04 06:00:00,2024-12-03 06:00:00
W004956,U004956,39698.35,IDR,ACTIVE,2024-02-05 06:00:00,2025-05-19 06:00:00
W004957,U004957,21357.86,IDR,ACTIVE,2025-05-30 13:00:00,2025-05-30 13:00:00
W004958,U004958,34034.45,IDR,ACTIVE,2026-07-15 15:00:00,2026-08-23 00:00:00
W004959,U004959,24687.13,IDR,ACTIVE,2026-06-13 05:00:00,2026-08-04 05:00:00
W004960,U004960,10344.73,IDR,ACTIVE,2025-11-26 03:00:00,2026-01-26 03:00:00
W004961,U004961,233640.34,IDR,ACTIVE,2024-01-23 08:00:00,2024-11-12 08:00:00
W004962,U004962,60852.4,IDR,ACTIVE,2025-01-08 19:00:00,2025-11-27 19:00:00
W004963,U004963,63334.4,IDR,ACTIVE,2024-10-11 20:00:00,2025-09-07 20:00:00
W004964,U004964,55559.99,IDR,ACTIVE,2024-03-24 04:00:00,2025-01-13 04:00:00
W004965,U004965,170165.44,IDR,CLOSED,2026-06-25 21:00:00,2026-08-23 00:00:00
W004966,U004966,69285.85,IDR,ACTIVE,2025-10-09 23:00:00,2026-08-23 00:00:00
W004967,U004967,242582.58,IDR,ACTIVE,2025-05-07 19:00:00,2025-11-17 19:00:00
W004968,U004968,111394.13,IDR,ACTIVE,2024-03-29 21:00:00,2024-04-22 21:00:00
W004969,U004969,28927.13,IDR,ACTIVE,2024-12-19 02:00:00,2025-04-18 02:00:00
W004970,U004970,202308.29,IDR,ACTIVE,2026-04-10 09:00:00,2026-05-13 09:00:00
W004971,U004971,82436.04,IDR,ACTIVE,2026-04-05 20:00:00,2026-08-23 00:00:00
W004972,U004972,54330.06,IDR,ACTIVE,2024-08-09 22:00:00,2025-05-27 22:00:00
W004973,U004973,149204.15,IDR,ACTIVE,2025-07-26 00:00:00,2026-08-23 00:00:00
W004974,U004974,61513.41,IDR,ACTIVE,2025-03-13 18:00:00,2025-08-14 18:00:00
W004975,U004975,121910.95,IDR,ACTIVE,2025-07-19 20:00:00,2025-10-31 20:00:00
W004976,U004976,18563.62,IDR,ACTIVE,2025-11-04 00:00:00,2026-08-23 00:00:00
W004977,U004977,62871.51,IDR,ACTIVE,2026-02-14 00:00:00,2026-08-23 00:00:00
W004978,U004978,30741.07,IDR,ACTIVE,2024-10-28 13:00:00,2025-12-24 13:00:00
W004979,U004979,521723.27,IDR,ACTIVE,2025-10-02 00:00:00,2025-11-25 00:00:00
W004980,U004980,223541.26,IDR,ACTIVE,2024-12-11 10:00:00,2026-03-13 10:00:00
W004981,U004981,73527.39,IDR,ACTIVE,2025-12-06 06:00:00,2026-08-23 00:00:00
W004982,U004982,200603.66,IDR,ACTIVE,2025-09-24 00:00:00,2026-08-09 00:00:00
W004983,U004983,31254.11,IDR,ACTIVE,2024-01-07 09:00:00,2024-04-23 09:00:00
W004984,U004984,38103.59,IDR,ACTIVE,2024-03-15 09:00:00,2024-09-17 09:00:00
W004985,U004985,8769.08,IDR,ACTIVE,2025-07-26 06:00:00,2026-06-26 06:00:00
W004986,U004986,115372.25,IDR,ACTIVE,2024-02-10 19:00:00,2024-10-19 19:00:00
W004987,U004987,8024.6,IDR,ACTIVE,2024-10-03 04:00:00,2024-11-02 04:00:00
W004988,U004988,34577.05,IDR,ACTIVE,2025-04-25 18:00:00,2025-11-22 18:00:00
W004989,U004989,18063.32,IDR,ACTIVE,2024-10-29 03:00:00,2025-05-07 03:00:00
W004990,U004990,165569.72,IDR,ACTIVE,2026-07-27 10:00:00,2026-08-23 00:00:00
W004991,U004991,458057.11,IDR,ACTIVE,2024-07-12 00:00:00,2025-01-11 00:00:00
W004992,U004992,136157.03,IDR,ACTIVE,2024-09-12 05:00:00,2025-10-23 05:00:00
W004993,U004993,112128.24,IDR,ACTIVE,2024-07-08 13:00:00,2025-07-24 13:00:00
W004994,U004994,74368.76,IDR,ACTIVE,2025-06-21 09:00:00,2026-06-02 09:00:00
W004995,U004995,68056.86,IDR,ACTIVE,2024-02-13 17:00:00,2025-02-26 17:00:00
W004996,U004996,26453.36,IDR,ACTIVE,2025-06-20 20:00:00,2026-08-23 00:00:00
W004997,U004997,13327.85,IDR,ACTIVE,2025-01-01 17:00:00,2025-01-09 17:00:00
W004998,U004998,66648.41,IDR,ACTIVE,2025-11-19 19:00:00,2026-07-30 19:00:00
W004999,U004999,83533.42,IDR,ACTIVE,2026-07-26 08:00:00,2026-08-23 00:00:00
W005000,U005000,82997.27,IDR,ACTIVE,2025-03-23 17:00:00,2026-06-18 17:00:00
W005001,U005001,95890.97,IDR,ACTIVE,2024-12-18 10:00:00,2025-06-01 10:00:00
W005002,U005002,124862.05,IDR,ACTIVE,2025-10-26 03:00:00,2026-08-23 00:00:00
W005003,U005003,63834.49,IDR,ACTIVE,2024-02-24 18:00:00,2025-03-04 18:00:00
W005004,U005004,24179.76,IDR,FROZEN,2024-03-17 05:00:00,2025-03-19 05:00:00
W005005,U005005,92590.92,IDR,ACTIVE,2024-10-19 01:00:00,2025-12-24 01:00:00
W005006,U005006,116702.48,IDR,ACTIVE,2024-09-04 20:00:00,2025-12-05 20:00:00
W005007,U005007,44689.05,IDR,ACTIVE,2024-06-03 21:00:00,2025-10-04 21:00:00
W005008,U005008,117124.49,IDR,ACTIVE,2024-08-31 03:00:00,2024-10-11 03:00:00
W005009,U005009,67362.54,IDR,ACTIVE,2026-05-12 18:00:00,2026-08-23 00:00:00
W005010,U005010,21163.47,IDR,ACTIVE,2025-02-12 06:00:00,2025-11-29 06:00:00
W005011,U005011,693018.73,IDR,ACTIVE,2025-05-18 20:00:00,2025-05-18 20:00:00
W005012,U005012,42585.93,IDR,ACTIVE,2024-11-21 16:00:00,2025-10-16 16:00:00
W005013,U005013,22607.41,IDR,ACTIVE,2024-08-10 02:00:00,2025-07-31 02:00:00
W005014,U005014,30445.22,IDR,ACTIVE,2024-01-28 12:00:00,2024-10-08 12:00:00
W005015,U005015,6437.33,IDR,ACTIVE,2025-03-30 21:00:00,2025-04-12 21:00:00
W005016,U005016,45989.66,IDR,ACTIVE,2026-05-31 21:00:00,2026-08-23 00:00:00
W005017,U005017,237167.68,IDR,ACTIVE,2025-09-21 02:00:00,2026-06-07 02:00:00
W005018,U005018,73208.51,IDR,ACTIVE,2025-06-09 21:00:00,2026-02-22 21:00:00
W005019,U005019,27848.07,IDR,ACTIVE,2025-08-29 16:00:00,2026-08-23 00:00:00
W005020,U005020,57322.83,IDR,ACTIVE,2024-06-29 01:00:00,2024-11-09 01:00:00
W005021,U005021,8810.5,IDR,ACTIVE,2025-09-10 06:00:00,2026-07-17 06:00:00
W005022,U005022,57825.65,IDR,ACTIVE,2025-01-03 04:00:00,2025-11-01 04:00:00
W005023,U005023,43670.68,IDR,ACTIVE,2024-12-21 01:00:00,2026-01-30 01:00:00
W005024,U005024,154283.72,IDR,ACTIVE,2026-05-24 21:00:00,2026-08-23 00:00:00
W005025,U005025,84548.97,IDR,ACTIVE,2024-04-23 18:00:00,2024-07-05 18:00:00
W005026,U005026,23576.57,IDR,ACTIVE,2024-03-31 17:00:00,2025-05-29 17:00:00
W005027,U005027,149571.5,IDR,ACTIVE,2026-01-07 10:00:00,2026-08-23 00:00:00
W005028,U005028,211938.24,IDR,ACTIVE,2024-04-10 06:00:00,2025-02-15 06:00:00
W005029,U005029,87346.62,IDR,ACTIVE,2025-05-11 17:00:00,2025-06-03 17:00:00
W005030,U005030,48095.38,IDR,ACTIVE,2025-10-27 15:00:00,2025-11-08 15:00:00
W005031,U005031,35618.08,IDR,ACTIVE,2026-05-29 14:00:00,2026-08-23 00:00:00
W005032,U005032,306167.88,IDR,ACTIVE,2025-10-27 02:00:00,2026-01-13 02:00:00
W005033,U005033,80522.78,IDR,ACTIVE,2024-05-21 11:00:00,2025-09-28 11:00:00
W005034,U005034,65823.91,IDR,ACTIVE,2025-05-15 17:00:00,2025-12-10 17:00:00
W005035,U005035,19308.02,IDR,ACTIVE,2024-04-05 20:00:00,2025-03-23 20:00:00
W005036,U005036,25718.39,IDR,ACTIVE,2024-09-20 16:00:00,2025-03-20 16:00:00
W005037,U005037,15054.45,IDR,ACTIVE,2026-02-09 22:00:00,2026-03-12 22:00:00
W005038,U005038,47448.53,IDR,ACTIVE,2024-08-21 08:00:00,2025-05-14 08:00:00
W005039,U005039,34901.09,IDR,ACTIVE,2026-06-07 17:00:00,2026-07-16 17:00:00
W005040,U005040,69037.48,IDR,ACTIVE,2025-09-18 08:00:00,2026-08-23 00:00:00
W005041,U005041,182450.53,IDR,ACTIVE,2026-05-29 23:00:00,2026-08-23 00:00:00
W005042,U005042,117833.8,IDR,FROZEN,2024-09-14 22:00:00,2025-08-14 22:00:00
W005043,U005043,144496.9,IDR,ACTIVE,2024-12-25 08:00:00,2025-01-01 08:00:00
W005044,U005044,177356.73,IDR,ACTIVE,2025-11-12 01:00:00,2026-08-23 00:00:00
W005045,U005045,27660.12,IDR,ACTIVE,2025-12-16 17:00:00,2026-02-05 17:00:00
W005046,U005046,40490.47,IDR,ACTIVE,2026-04-03 22:00:00,2026-08-23 00:00:00
W005047,U005047,35465.46,IDR,ACTIVE,2025-01-05 12:00:00,2025-02-12 12:00:00
W005048,U005048,124451.62,IDR,ACTIVE,2025-04-25 01:00:00,2025-04-26 01:00:00
W005049,U005049,18763.39,IDR,ACTIVE,2024-05-22 08:00:00,2025-02-09 08:00:00
W005050,U005050,250634.12,IDR,ACTIVE,2024-10-20 09:00:00,2025-10-27 09:00:00
W005051,U005051,39066.46,IDR,ACTIVE,2024-07-14 03:00:00,2025-07-19 03:00:00
W005052,U005052,19930.04,IDR,ACTIVE,2024-07-09 04:00:00,2025-06-23 04:00:00
W005053,U005053,40630.86,IDR,ACTIVE,2024-02-06 21:00:00,2024-06-13 21:00:00
W005054,U005054,43256.53,IDR,ACTIVE,2025-08-12 03:00:00,2025-08-16 03:00:00
W005055,U005055,49409.37,IDR,ACTIVE,2026-01-17 18:00:00,2026-06-11 18:00:00
W005056,U005056,51605.3,IDR,ACTIVE,2024-01-04 10:00:00,2024-03-28 10:00:00
W005057,U005057,175535.21,IDR,ACTIVE,2025-12-23 10:00:00,2026-08-23 00:00:00
W005058,U005058,81984.81,IDR,ACTIVE,2026-04-26 22:00:00,2026-08-23 00:00:00
W005059,U005059,19709.08,IDR,ACTIVE,2025-04-08 04:00:00,2025-09-20 04:00:00
W005060,U005060,42431.83,IDR,ACTIVE,2025-12-01 13:00:00,2026-01-10 13:00:00
W005061,U005061,34491.65,IDR,ACTIVE,2025-10-15 08:00:00,2025-12-05 08:00:00
W005062,U005062,63129.25,IDR,ACTIVE,2025-06-23 21:00:00,2026-08-23 00:00:00
W005063,U005063,54821.91,IDR,ACTIVE,2025-05-30 22:00:00,2026-07-03 22:00:00
W005064,U005064,354209.85,IDR,ACTIVE,2025-01-16 18:00:00,2025-10-20 18:00:00
W005065,U005065,143803.92,IDR,ACTIVE,2026-01-01 01:00:00,2026-02-02 01:00:00
W005066,U005066,106306.45,IDR,ACTIVE,2025-08-22 19:00:00,2025-11-27 19:00:00
W005067,U005067,8212.99,IDR,ACTIVE,2025-10-26 04:00:00,2025-12-27 04:00:00
W005068,U005068,137677.02,IDR,ACTIVE,2025-11-17 04:00:00,2026-08-23 00:00:00
W005069,U005069,10788.72,IDR,ACTIVE,2025-07-11 03:00:00,2026-03-22 03:00:00
W005070,U005070,37539.33,IDR,ACTIVE,2025-05-14 03:00:00,2025-07-09 03:00:00
W005071,U005071,42241.06,IDR,ACTIVE,2026-07-11 09:00:00,2026-08-23 00:00:00
W005072,U005072,168141.59,IDR,ACTIVE,2025-06-27 05:00:00,2025-11-02 05:00:00
W005073,U005073,22796.23,IDR,ACTIVE,2024-09-09 01:00:00,2025-07-12 01:00:00
W005074,U005074,49538.25,IDR,ACTIVE,2025-10-25 23:00:00,2026-04-18 23:00:00
W005075,U005075,16127.47,IDR,ACTIVE,2025-05-02 21:00:00,2025-11-28 21:00:00
W005076,U005076,97917.26,IDR,ACTIVE,2026-05-19 04:00:00,2026-07-21 04:00:00
W005077,U005077,37899.27,IDR,FROZEN,2025-09-04 13:00:00,2026-08-23 00:00:00
W005078,U005078,69959.75,IDR,ACTIVE,2025-01-22 09:00:00,2025-10-13 09:00:00
W005079,U005079,4777.89,IDR,ACTIVE,2025-04-22 22:00:00,2026-06-28 22:00:00
W005080,U005080,20555.74,IDR,ACTIVE,2025-04-21 01:00:00,2025-04-21 01:00:00
W005081,U005081,72104.94,IDR,ACTIVE,2026-06-03 02:00:00,2026-08-23 00:00:00
W005082,U005082,113117.29,IDR,ACTIVE,2025-01-13 06:00:00,2025-05-05 06:00:00
W005083,U005083,254486.89,IDR,ACTIVE,2025-12-03 00:00:00,2026-02-03 00:00:00
W005084,U005084,213612.37,IDR,ACTIVE,2025-02-23 14:00:00,2025-12-16 14:00:00
W005085,U005085,33010.32,IDR,ACTIVE,2024-01-28 10:00:00,2024-08-03 10:00:00
W005086,U005086,68793.46,IDR,ACTIVE,2024-12-16 12:00:00,2025-11-14 12:00:00
W005087,U005087,126915.62,IDR,ACTIVE,2026-02-17 07:00:00,2026-05-23 07:00:00
W005088,U005088,80413.29,IDR,CLOSED,2026-01-11 17:00:00,2026-08-23 00:00:00
W005089,U005089,42624.26,IDR,ACTIVE,2025-01-24 06:00:00,2025-08-10 06:00:00
W005090,U005090,71835.56,IDR,ACTIVE,2026-06-08 09:00:00,2026-07-28 09:00:00
W005091,U005091,233228.02,IDR,ACTIVE,2024-09-27 07:00:00,2025-03-03 07:00:00
W005092,U005092,57256.2,IDR,ACTIVE,2025-04-14 12:00:00,2026-07-14 12:00:00
W005093,U005093,100012.24,IDR,ACTIVE,2025-03-21 05:00:00,2026-05-05 05:00:00
W005094,U005094,76671.71,IDR,ACTIVE,2025-06-09 00:00:00,2026-06-27 00:00:00
W005095,U005095,31385.2,IDR,ACTIVE,2024-02-28 08:00:00,2025-02-01 08:00:00
W005096,U005096,167044.27,IDR,ACTIVE,2025-04-15 20:00:00,2025-05-13 20:00:00
W005097,U005097,58884.66,IDR,ACTIVE,2024-08-19 06:00:00,2025-05-08 06:00:00
W005098,U005098,42152.42,IDR,ACTIVE,2024-06-16 23:00:00,2025-04-04 23:00:00
W005099,U005099,75800.87,IDR,ACTIVE,2025-06-03 00:00:00,2025-11-25 00:00:00
W005100,U005100,189380.81,IDR,ACTIVE,2026-04-03 19:00:00,2026-08-23 00:00:00
W005101,U005101,71122.47,IDR,ACTIVE,2026-06-23 19:00:00,2026-08-23 00:00:00
W005102,U005102,69826.15,IDR,ACTIVE,2024-05-04 08:00:00,2024-07-25 08:00:00
W005103,U005103,96783.25,IDR,ACTIVE,2025-02-11 20:00:00,2025-03-18 20:00:00
W005104,U005104,122499.79,IDR,ACTIVE,2025-04-09 17:00:00,2025-08-05 17:00:00
W005105,U005105,46593.32,IDR,ACTIVE,2025-09-09 04:00:00,2026-02-25 04:00:00
W005106,U005106,52434.4,IDR,ACTIVE,2024-04-23 15:00:00,2024-07-23 15:00:00
W005107,U005107,43388.02,IDR,FROZEN,2025-04-05 00:00:00,2026-03-29 00:00:00
W005108,U005108,95901.84,IDR,ACTIVE,2025-09-26 15:00:00,2025-12-29 15:00:00
W005109,U005109,58834.44,IDR,ACTIVE,2024-10-30 09:00:00,2026-03-02 09:00:00
W005110,U005110,12038.67,IDR,CLOSED,2024-10-11 01:00:00,2025-12-11 01:00:00
W005111,U005111,61782.07,IDR,ACTIVE,2024-06-17 18:00:00,2024-07-27 18:00:00
W005112,U005112,63801.88,IDR,ACTIVE,2025-12-02 23:00:00,2026-07-25 23:00:00
W005113,U005113,18115.63,IDR,ACTIVE,2024-02-15 16:00:00,2025-03-03 16:00:00
W005114,U005114,111815.63,IDR,ACTIVE,2024-08-08 02:00:00,2025-02-15 02:00:00
W005115,U005115,45185.88,IDR,FROZEN,2024-03-19 10:00:00,2024-05-04 10:00:00
W005116,U005116,59512.29,IDR,ACTIVE,2025-11-13 09:00:00,2026-08-23 00:00:00
W005117,U005117,38204.73,IDR,ACTIVE,2025-12-25 22:00:00,2026-08-23 00:00:00
W005118,U005118,22740.81,IDR,ACTIVE,2025-04-15 05:00:00,2026-02-27 05:00:00
W005119,U005119,70541.15,IDR,ACTIVE,2024-12-21 08:00:00,2025-04-26 08:00:00
W005120,U005120,90260.95,IDR,ACTIVE,2026-05-20 10:00:00,2026-07-30 10:00:00
W005121,U005121,677446.33,IDR,ACTIVE,2025-06-09 03:00:00,2026-02-11 03:00:00
W005122,U005122,35320.83,IDR,ACTIVE,2024-09-04 04:00:00,2025-06-13 04:00:00
W005123,U005123,131914.3,IDR,ACTIVE,2026-03-20 04:00:00,2026-08-02 04:00:00
W005124,U005124,44336.22,IDR,ACTIVE,2024-12-31 15:00:00,2026-04-19 15:00:00
W005125,U005125,144595.64,IDR,ACTIVE,2024-07-29 21:00:00,2024-10-24 21:00:00
W005126,U005126,105479.37,IDR,ACTIVE,2024-06-18 17:00:00,2024-07-18 17:00:00
W005127,U005127,35795.38,IDR,ACTIVE,2024-12-24 05:00:00,2025-01-04 05:00:00
W005128,U005128,21116.82,IDR,FROZEN,2025-01-29 19:00:00,2025-03-08 19:00:00
W005129,U005129,15974.78,IDR,ACTIVE,2024-04-17 14:00:00,2024-07-14 14:00:00
W005130,U005130,160574.61,IDR,ACTIVE,2025-07-22 10:00:00,2026-08-22 10:00:00
W005131,U005131,26292.83,IDR,ACTIVE,2024-08-08 20:00:00,2025-07-05 20:00:00
W005132,U005132,13856.32,IDR,FROZEN,2026-08-05 23:00:00,2026-08-23 00:00:00
W005133,U005133,156782.31,IDR,ACTIVE,2024-03-29 01:00:00,2024-09-04 01:00:00
W005134,U005134,62444.85,IDR,ACTIVE,2024-11-25 10:00:00,2026-01-29 10:00:00
W005135,U005135,47248.78,IDR,ACTIVE,2024-12-25 16:00:00,2026-01-14 16:00:00
W005136,U005136,122185.81,IDR,ACTIVE,2024-02-15 07:00:00,2024-04-09 07:00:00
W005137,U005137,44569.22,IDR,ACTIVE,2024-03-14 11:00:00,2025-07-17 11:00:00
W005138,U005138,110696.47,IDR,ACTIVE,2026-06-23 04:00:00,2026-08-23 00:00:00
W005139,U005139,35828.95,IDR,ACTIVE,2024-09-11 07:00:00,2024-10-12 07:00:00
W005140,U005140,229291.09,IDR,ACTIVE,2025-03-30 01:00:00,2026-06-25 01:00:00
W005141,U005141,31118.39,IDR,ACTIVE,2025-10-04 08:00:00,2026-08-23 00:00:00
W005142,U005142,112361.48,IDR,ACTIVE,2025-05-13 07:00:00,2025-05-21 07:00:00
W005143,U005143,185089.37,IDR,ACTIVE,2024-06-13 03:00:00,2024-08-09 03:00:00
W005144,U005144,3797.68,IDR,ACTIVE,2025-07-12 02:00:00,2025-12-03 02:00:00
W005145,U005145,101424.63,IDR,ACTIVE,2024-08-19 09:00:00,2025-10-19 09:00:00
W005146,U005146,31647.68,IDR,ACTIVE,2025-05-07 05:00:00,2025-06-18 05:00:00
W005147,U005147,121415.7,IDR,ACTIVE,2025-06-18 07:00:00,2026-02-11 07:00:00
W005148,U005148,76858.82,IDR,ACTIVE,2025-03-15 15:00:00,2025-11-27 15:00:00
W005149,U005149,98052.09,IDR,ACTIVE,2024-08-19 21:00:00,2024-09-02 21:00:00
W005150,U005150,58168.46,IDR,ACTIVE,2025-01-22 10:00:00,2025-12-27 10:00:00
W005151,U005151,198948.41,IDR,ACTIVE,2026-06-11 04:00:00,2026-08-23 00:00:00
W005152,U005152,16565.13,IDR,ACTIVE,2024-05-11 15:00:00,2025-09-17 15:00:00
W005153,U005153,176107.44,IDR,ACTIVE,2025-12-13 00:00:00,2026-08-23 00:00:00
W005154,U005154,6910.04,IDR,CLOSED,2026-05-10 04:00:00,2026-08-23 00:00:00
W005155,U005155,36351.54,IDR,ACTIVE,2025-12-06 23:00:00,2026-05-11 23:00:00
W005156,U005156,10294.48,IDR,ACTIVE,2025-03-30 14:00:00,2025-10-20 14:00:00
W005157,U005157,64841.04,IDR,ACTIVE,2026-07-20 20:00:00,2026-08-23 00:00:00
W005158,U005158,32699.84,IDR,ACTIVE,2026-07-04 18:00:00,2026-08-23 00:00:00
W005159,U005159,94341.15,IDR,ACTIVE,2024-10-05 14:00:00,2025-09-26 14:00:00
W005160,U005160,103922.25,IDR,ACTIVE,2026-02-06 11:00:00,2026-08-23 00:00:00
W005161,U005161,53164.57,IDR,ACTIVE,2024-08-10 18:00:00,2025-03-21 18:00:00
W005162,U005162,98830.55,IDR,ACTIVE,2025-02-01 09:00:00,2025-03-12 09:00:00
W005163,U005163,81563.59,IDR,CLOSED,2025-12-06 06:00:00,2026-06-02 06:00:00
W005164,U005164,63713.45,IDR,ACTIVE,2025-07-14 14:00:00,2026-07-02 14:00:00
W005165,U005165,51569.55,IDR,ACTIVE,2024-08-13 09:00:00,2025-06-25 09:00:00
W005166,U005166,4600.32,IDR,CLOSED,2025-08-10 12:00:00,2026-03-29 12:00:00
W005167,U005167,38566.79,IDR,ACTIVE,2026-07-07 22:00:00,2026-08-23 00:00:00
W005168,U005168,358412.1,IDR,ACTIVE,2024-01-05 12:00:00,2024-04-11 12:00:00
W005169,U005169,60894.99,IDR,ACTIVE,2025-03-26 18:00:00,2025-10-22 18:00:00
W005170,U005170,85371.95,IDR,ACTIVE,2024-01-31 00:00:00,2025-05-29 00:00:00
W005171,U005171,115707.44,IDR,CLOSED,2025-02-24 14:00:00,2025-04-22 14:00:00
W005172,U005172,47625.32,IDR,FROZEN,2024-01-17 19:00:00,2025-04-03 19:00:00
W005173,U005173,91575.55,IDR,ACTIVE,2025-08-10 15:00:00,2026-01-17 15:00:00
W005174,U005174,320183.9,IDR,ACTIVE,2026-08-08 21:00:00,2026-08-23 00:00:00
W005175,U005175,31046.14,IDR,ACTIVE,2026-02-11 20:00:00,2026-05-16 20:00:00
W005176,U005176,320036.24,IDR,ACTIVE,2024-11-20 01:00:00,2025-01-07 01:00:00
W005177,U005177,124551.74,IDR,ACTIVE,2024-12-28 04:00:00,2026-03-25 04:00:00
W005178,U005178,35926.22,IDR,ACTIVE,2026-02-13 00:00:00,2026-08-23 00:00:00
W005179,U005179,29428.8,IDR,ACTIVE,2024-09-06 04:00:00,2024-11-10 04:00:00
W005180,U005180,317865.45,IDR,ACTIVE,2024-08-28 11:00:00,2025-12-18 11:00:00
W005181,U005181,162970.77,IDR,ACTIVE,2025-09-14 23:00:00,2026-01-06 23:00:00
W005182,U005182,54735.86,IDR,ACTIVE,2024-07-26 20:00:00,2025-07-28 20:00:00
W005183,U005183,40027.89,IDR,ACTIVE,2026-06-08 06:00:00,2026-08-23 00:00:00
W005184,U005184,36061.16,IDR,ACTIVE,2025-03-22 02:00:00,2026-05-09 02:00:00
W005185,U005185,52271.38,IDR,ACTIVE,2025-09-30 07:00:00,2026-01-16 07:00:00
W005186,U005186,57039.78,IDR,ACTIVE,2026-07-07 13:00:00,2026-08-23 00:00:00
W005187,U005187,73085.11,IDR,CLOSED,2025-09-16 13:00:00,2026-04-11 13:00:00
W005188,U005188,25703.22,IDR,FROZEN,2025-12-22 19:00:00,2026-08-23 00:00:00
W005189,U005189,34692.33,IDR,ACTIVE,2024-09-26 15:00:00,2025-03-02 15:00:00
W005190,U005190,49856.75,IDR,ACTIVE,2024-03-09 09:00:00,2025-06-18 09:00:00
W005191,U005191,487539.8,IDR,ACTIVE,2025-06-05 18:00:00,2026-02-09 18:00:00
W005192,U005192,81033.14,IDR,ACTIVE,2026-03-10 15:00:00,2026-05-07 15:00:00
W005193,U005193,18428.5,IDR,ACTIVE,2025-06-11 19:00:00,2026-03-07 19:00:00
W005194,U005194,20010.01,IDR,CLOSED,2024-06-17 18:00:00,2024-12-03 18:00:00
W005195,U005195,26821.46,IDR,ACTIVE,2025-02-27 03:00:00,2025-04-28 03:00:00
W005196,U005196,313173.7,IDR,ACTIVE,2024-05-11 15:00:00,2025-02-14 15:00:00
W005197,U005197,200800.25,IDR,ACTIVE,2024-04-29 04:00:00,2024-08-29 04:00:00
W005198,U005198,44073.71,IDR,ACTIVE,2026-04-18 01:00:00,2026-08-23 00:00:00
W005199,U005199,100811.12,IDR,ACTIVE,2024-06-10 15:00:00,2024-08-09 15:00:00
W005200,U005200,89684.14,IDR,ACTIVE,2026-04-15 20:00:00,2026-08-23 00:00:00
W005201,U005201,62737.84,IDR,ACTIVE,2025-04-21 12:00:00,2025-04-26 12:00:00
W005202,U005202,29745.43,IDR,ACTIVE,2024-03-07 12:00:00,2024-08-08 12:00:00
W005203,U005203,12807.77,IDR,ACTIVE,2026-06-04 06:00:00,2026-08-23 00:00:00
W005204,U005204,145150.64,IDR,ACTIVE,2026-01-16 23:00:00,2026-08-23 00:00:00
W005205,U005205,91747.01,IDR,ACTIVE,2025-04-28 10:00:00,2026-06-10 10:00:00
W005206,U005206,30167.7,IDR,ACTIVE,2024-10-09 17:00:00,2025-10-13 17:00:00
W005207,U005207,191226.03,IDR,ACTIVE,2024-10-06 22:00:00,2025-04-16 22:00:00
W005208,U005208,298963.61,IDR,ACTIVE,2024-01-29 18:00:00,2025-04-08 18:00:00
W005209,U005209,78416.05,IDR,ACTIVE,2024-09-10 14:00:00,2024-10-15 14:00:00
W005210,U005210,60572.35,IDR,ACTIVE,2024-12-04 14:00:00,2025-10-31 14:00:00
W005211,U005211,15759.1,IDR,ACTIVE,2026-03-06 15:00:00,2026-08-23 00:00:00
W005212,U005212,52887.53,IDR,ACTIVE,2026-01-01 16:00:00,2026-08-23 00:00:00
W005213,U005213,23786.67,IDR,ACTIVE,2026-07-02 11:00:00,2026-08-23 00:00:00
W005214,U005214,55690.84,IDR,ACTIVE,2026-05-05 14:00:00,2026-08-23 00:00:00
W005215,U005215,169584.71,IDR,FROZEN,2025-11-02 02:00:00,2026-08-23 00:00:00
W005216,U005216,115036.87,IDR,ACTIVE,2024-09-19 16:00:00,2025-01-29 16:00:00
W005217,U005217,717942.01,IDR,ACTIVE,2024-01-11 09:00:00,2024-06-01 09:00:00
W005218,U005218,197299.35,IDR,ACTIVE,2025-09-07 01:00:00,2025-11-25 01:00:00
W005219,U005219,48901.18,IDR,ACTIVE,2024-03-15 15:00:00,2025-05-11 15:00:00
W005220,U005220,19389.67,IDR,ACTIVE,2026-04-03 16:00:00,2026-08-23 00:00:00
W005221,U005221,47049.04,IDR,FROZEN,2024-01-04 05:00:00,2024-05-24 05:00:00
W005222,U005222,78742.3,IDR,ACTIVE,2024-09-09 07:00:00,2025-04-23 07:00:00
W005223,U005223,207096.3,IDR,ACTIVE,2024-09-24 06:00:00,2025-04-19 06:00:00
W005224,U005224,139574.17,IDR,ACTIVE,2025-12-02 13:00:00,2026-08-23 00:00:00
W005225,U005225,13861.89,IDR,ACTIVE,2025-12-11 09:00:00,2026-05-18 09:00:00
W005226,U005226,76390.99,IDR,ACTIVE,2024-12-20 12:00:00,2026-01-26 12:00:00
W005227,U005227,167886.38,IDR,ACTIVE,2026-08-06 14:00:00,2026-08-23 00:00:00
W005228,U005228,223822.33,IDR,ACTIVE,2024-11-29 17:00:00,2025-08-24 17:00:00
W005229,U005229,182422.82,IDR,ACTIVE,2024-05-09 13:00:00,2024-06-12 13:00:00
W005230,U005230,33135.29,IDR,ACTIVE,2026-04-24 05:00:00,2026-08-23 00:00:00
W005231,U005231,34640.6,IDR,ACTIVE,2025-09-10 22:00:00,2026-04-23 22:00:00
W005232,U005232,358538.3,IDR,ACTIVE,2025-11-07 07:00:00,2026-04-07 07:00:00
W005233,U005233,41388.41,IDR,ACTIVE,2024-01-03 14:00:00,2024-05-29 14:00:00
W005234,U005234,293853.12,IDR,ACTIVE,2024-08-30 13:00:00,2025-04-11 13:00:00
W005235,U005235,27062.82,IDR,ACTIVE,2024-12-18 23:00:00,2025-05-16 23:00:00
W005236,U005236,55632.73,IDR,ACTIVE,2026-03-01 22:00:00,2026-05-04 22:00:00
W005237,U005237,9814.91,IDR,ACTIVE,2025-12-18 07:00:00,2026-08-23 00:00:00
W005238,U005238,52077.38,IDR,ACTIVE,2025-05-20 20:00:00,2026-04-09 20:00:00
W005239,U005239,29223.17,IDR,ACTIVE,2026-02-06 03:00:00,2026-08-23 00:00:00
W005240,U005240,115874.0,IDR,ACTIVE,2025-10-20 16:00:00,2025-12-12 16:00:00
W005241,U005241,114902.77,IDR,ACTIVE,2024-09-17 13:00:00,2025-05-28 13:00:00
W005242,U005242,95121.74,IDR,ACTIVE,2026-03-23 09:00:00,2026-05-23 09:00:00
W005243,U005243,30484.11,IDR,ACTIVE,2024-07-16 10:00:00,2024-12-04 10:00:00
W005244,U005244,198291.71,IDR,ACTIVE,2026-02-22 20:00:00,2026-08-21 20:00:00
W005245,U005245,65296.56,IDR,ACTIVE,2026-07-11 21:00:00,2026-08-23 00:00:00
W005246,U005246,125868.8,IDR,ACTIVE,2025-04-11 14:00:00,2026-03-03 14:00:00
W005247,U005247,183529.26,IDR,ACTIVE,2024-08-22 23:00:00,2025-04-14 23:00:00
W005248,U005248,72597.08,IDR,ACTIVE,2025-07-28 23:00:00,2025-08-28 23:00:00
W005249,U005249,17866.37,IDR,ACTIVE,2025-08-21 14:00:00,2026-07-15 14:00:00
W005250,U005250,81043.7,IDR,ACTIVE,2025-07-03 09:00:00,2026-05-22 09:00:00
W005251,U005251,52680.63,IDR,ACTIVE,2025-11-29 11:00:00,2026-05-20 11:00:00
W005252,U005252,27960.4,IDR,ACTIVE,2026-02-26 00:00:00,2026-03-08 00:00:00
W005253,U005253,257511.37,IDR,ACTIVE,2024-12-13 15:00:00,2025-03-23 15:00:00
W005254,U005254,47504.61,IDR,ACTIVE,2024-01-15 08:00:00,2024-03-08 08:00:00
W005255,U005255,108086.6,IDR,FROZEN,2024-07-31 15:00:00,2024-10-27 15:00:00
W005256,U005256,14632.72,IDR,CLOSED,2025-02-21 18:00:00,2025-05-21 18:00:00
W005257,U005257,136500.91,IDR,ACTIVE,2025-10-02 20:00:00,2026-01-03 20:00:00
W005258,U005258,81076.94,IDR,ACTIVE,2026-06-12 20:00:00,2026-08-23 00:00:00
W005259,U005259,42870.83,IDR,ACTIVE,2024-02-04 12:00:00,2024-09-20 12:00:00
W005260,U005260,16338.15,IDR,ACTIVE,2026-07-15 04:00:00,2026-08-23 00:00:00
W005261,U005261,94061.13,IDR,ACTIVE,2025-01-30 11:00:00,2025-08-05 11:00:00
W005262,U005262,47887.11,IDR,ACTIVE,2026-06-06 20:00:00,2026-08-23 00:00:00
W005263,U005263,347259.25,IDR,ACTIVE,2024-04-28 05:00:00,2024-10-12 05:00:00
W005264,U005264,33846.92,IDR,ACTIVE,2025-12-18 15:00:00,2026-08-15 15:00:00
W005265,U005265,10025.24,IDR,ACTIVE,2026-03-18 20:00:00,2026-08-23 00:00:00
W005266,U005266,21839.36,IDR,ACTIVE,2026-06-23 13:00:00,2026-08-23 00:00:00
W005267,U005267,182070.47,IDR,ACTIVE,2025-03-31 20:00:00,2025-10-23 20:00:00
W005268,U005268,141055.01,IDR,ACTIVE,2025-03-27 04:00:00,2026-04-19 04:00:00
W005269,U005269,255069.78,IDR,ACTIVE,2024-09-17 08:00:00,2025-01-05 08:00:00
W005270,U005270,53467.5,IDR,ACTIVE,2024-07-03 09:00:00,2024-09-20 09:00:00
W005271,U005271,123150.42,IDR,ACTIVE,2025-09-13 23:00:00,2025-11-21 23:00:00
W005272,U005272,77367.7,IDR,ACTIVE,2025-09-13 00:00:00,2025-12-16 00:00:00
W005273,U005273,36111.96,IDR,ACTIVE,2024-10-05 01:00:00,2025-02-22 01:00:00
W005274,U005274,64871.25,IDR,ACTIVE,2026-03-18 00:00:00,2026-08-23 00:00:00
W005275,U005275,44889.95,IDR,FROZEN,2026-04-19 18:00:00,2026-08-23 00:00:00
W005276,U005276,238722.58,IDR,ACTIVE,2025-04-18 14:00:00,2025-07-09 14:00:00
W005277,U005277,35887.04,IDR,ACTIVE,2026-05-10 10:00:00,2026-07-29 10:00:00
W005278,U005278,280999.61,IDR,ACTIVE,2024-01-25 01:00:00,2025-05-27 01:00:00
W005279,U005279,33909.85,IDR,ACTIVE,2024-01-22 03:00:00,2025-01-26 03:00:00
W005280,U005280,44920.12,IDR,ACTIVE,2024-03-13 16:00:00,2024-11-04 16:00:00
W005281,U005281,67872.82,IDR,ACTIVE,2025-09-19 01:00:00,2026-08-03 01:00:00
W005282,U005282,32592.79,IDR,CLOSED,2025-08-25 14:00:00,2026-08-23 00:00:00
W005283,U005283,67308.45,IDR,ACTIVE,2025-02-09 14:00:00,2025-05-07 14:00:00
W005284,U005284,76406.8,IDR,ACTIVE,2025-11-29 01:00:00,2025-12-27 01:00:00
W005285,U005285,224673.68,IDR,ACTIVE,2026-01-17 07:00:00,2026-04-09 07:00:00
W005286,U005286,9903.5,IDR,ACTIVE,2026-04-04 23:00:00,2026-08-23 00:00:00
W005287,U005287,34181.6,IDR,ACTIVE,2024-02-25 12:00:00,2025-02-27 12:00:00
W005288,U005288,325844.57,IDR,ACTIVE,2025-10-28 06:00:00,2026-08-23 00:00:00
W005289,U005289,44056.46,IDR,ACTIVE,2024-12-24 01:00:00,2025-07-03 01:00:00
W005290,U005290,44046.61,IDR,ACTIVE,2024-07-25 00:00:00,2025-02-26 00:00:00
W005291,U005291,32296.07,IDR,ACTIVE,2026-01-23 11:00:00,2026-02-13 11:00:00
W005292,U005292,120400.08,IDR,ACTIVE,2025-04-13 18:00:00,2025-10-28 18:00:00
W005293,U005293,15367.83,IDR,ACTIVE,2024-08-10 03:00:00,2025-07-20 03:00:00
W005294,U005294,89605.34,IDR,ACTIVE,2025-06-20 10:00:00,2026-08-23 00:00:00
W005295,U005295,387407.07,IDR,ACTIVE,2025-10-24 16:00:00,2026-03-02 16:00:00
W005296,U005296,12532.38,IDR,ACTIVE,2024-10-08 21:00:00,2025-04-05 21:00:00
W005297,U005297,121835.19,IDR,ACTIVE,2024-11-30 06:00:00,2025-06-21 06:00:00
W005298,U005298,20830.12,IDR,ACTIVE,2025-02-06 18:00:00,2026-05-16 18:00:00
W005299,U005299,95087.04,IDR,ACTIVE,2025-08-27 02:00:00,2025-10-18 02:00:00
W005300,U005300,87296.09,IDR,ACTIVE,2026-07-18 00:00:00,2026-08-23 00:00:00
W005301,U005301,130800.55,IDR,ACTIVE,2024-05-29 21:00:00,2024-08-24 21:00:00
W005302,U005302,39136.35,IDR,ACTIVE,2024-12-15 17:00:00,2025-10-02 17:00:00
W005303,U005303,40987.23,IDR,ACTIVE,2024-05-08 15:00:00,2024-11-30 15:00:00
W005304,U005304,134561.86,IDR,ACTIVE,2025-06-03 01:00:00,2025-11-02 01:00:00
W005305,U005305,38820.97,IDR,ACTIVE,2024-06-06 13:00:00,2024-08-18 13:00:00
W005306,U005306,151884.14,IDR,ACTIVE,2025-09-04 05:00:00,2025-10-23 05:00:00
W005307,U005307,7972.12,IDR,ACTIVE,2025-01-03 03:00:00,2025-12-25 03:00:00
W005308,U005308,82083.87,IDR,ACTIVE,2026-02-08 10:00:00,2026-04-12 10:00:00
W005309,U005309,141783.65,IDR,ACTIVE,2026-04-14 12:00:00,2026-08-23 00:00:00
W005310,U005310,53555.89,IDR,ACTIVE,2025-06-24 05:00:00,2026-08-23 00:00:00
W005311,U005311,235417.16,IDR,ACTIVE,2026-05-12 13:00:00,2026-05-26 13:00:00
W005312,U005312,40369.99,IDR,ACTIVE,2026-06-27 16:00:00,2026-08-23 00:00:00
W005313,U005313,79021.82,IDR,ACTIVE,2025-06-22 07:00:00,2025-08-02 07:00:00
W005314,U005314,168968.35,IDR,ACTIVE,2025-09-23 21:00:00,2026-08-23 00:00:00
W005315,U005315,22802.33,IDR,ACTIVE,2025-07-26 08:00:00,2026-08-23 00:00:00
W005316,U005316,185380.3,IDR,ACTIVE,2024-04-13 05:00:00,2024-04-29 05:00:00
W005317,U005317,88546.66,IDR,ACTIVE,2026-04-02 01:00:00,2026-08-23 00:00:00
W005318,U005318,31113.5,IDR,ACTIVE,2026-07-20 06:00:00,2026-08-23 00:00:00
W005319,U005319,62136.72,IDR,ACTIVE,2025-12-08 01:00:00,2026-08-23 00:00:00
W005320,U005320,28863.76,IDR,ACTIVE,2024-12-24 14:00:00,2025-03-20 14:00:00
W005321,U005321,112277.7,IDR,ACTIVE,2025-07-07 04:00:00,2026-04-20 04:00:00
W005322,U005322,49632.59,IDR,ACTIVE,2025-11-12 08:00:00,2026-08-23 00:00:00
W005323,U005323,44232.96,IDR,FROZEN,2024-07-05 10:00:00,2025-10-15 10:00:00
W005324,U005324,115900.69,IDR,ACTIVE,2025-02-09 18:00:00,2025-05-18 18:00:00
W005325,U005325,52447.84,IDR,ACTIVE,2024-12-27 12:00:00,2025-09-02 12:00:00
W005326,U005326,65172.82,IDR,FROZEN,2024-10-31 05:00:00,2025-08-03 05:00:00
W005327,U005327,4815.34,IDR,ACTIVE,2024-04-18 12:00:00,2024-05-04 12:00:00
W005328,U005328,60882.89,IDR,ACTIVE,2026-03-20 15:00:00,2026-08-23 00:00:00
W005329,U005329,9631.59,IDR,ACTIVE,2024-02-29 22:00:00,2025-01-22 22:00:00
W005330,U005330,17659.86,IDR,ACTIVE,2026-04-12 21:00:00,2026-08-23 00:00:00
W005331,U005331,34583.99,IDR,ACTIVE,2024-04-18 14:00:00,2025-08-20 14:00:00
W005332,U005332,36809.36,IDR,ACTIVE,2026-01-08 16:00:00,2026-08-23 00:00:00
W005333,U005333,8945.68,IDR,ACTIVE,2026-05-13 01:00:00,2026-07-12 01:00:00
W005334,U005334,65074.93,IDR,ACTIVE,2024-04-07 02:00:00,2025-05-24 02:00:00
W005335,U005335,56337.41,IDR,ACTIVE,2025-11-22 01:00:00,2026-08-23 00:00:00
W005336,U005336,72425.24,IDR,ACTIVE,2025-05-23 05:00:00,2026-05-09 05:00:00
W005337,U005337,46895.78,IDR,ACTIVE,2024-03-20 04:00:00,2025-07-16 04:00:00
W005338,U005338,270583.52,IDR,ACTIVE,2026-01-13 16:00:00,2026-05-06 16:00:00
W005339,U005339,102418.71,IDR,ACTIVE,2025-08-16 05:00:00,2025-10-30 05:00:00
W005340,U005340,313211.75,IDR,ACTIVE,2025-11-18 14:00:00,2026-07-28 14:00:00
W005341,U005341,22710.16,IDR,ACTIVE,2026-07-10 01:00:00,2026-08-23 00:00:00
W005342,U005342,45693.33,IDR,ACTIVE,2024-04-12 16:00:00,2025-05-27 16:00:00
W005343,U005343,37401.3,IDR,ACTIVE,2024-11-22 12:00:00,2025-10-22 12:00:00
W005344,U005344,14578.58,IDR,ACTIVE,2026-07-01 20:00:00,2026-08-23 00:00:00
W005345,U005345,53704.33,IDR,ACTIVE,2025-06-15 08:00:00,2026-03-23 08:00:00
W005346,U005346,8517.73,IDR,ACTIVE,2026-06-14 19:00:00,2026-08-23 00:00:00
W005347,U005347,111037.21,IDR,ACTIVE,2024-06-25 08:00:00,2025-01-20 08:00:00
W005348,U005348,203281.15,IDR,ACTIVE,2026-05-10 08:00:00,2026-08-23 00:00:00
W005349,U005349,50847.83,IDR,ACTIVE,2026-06-16 22:00:00,2026-08-23 00:00:00
W005350,U005350,71747.67,IDR,ACTIVE,2025-06-13 03:00:00,2026-01-01 03:00:00
W005351,U005351,205466.67,IDR,ACTIVE,2026-04-21 23:00:00,2026-08-23 00:00:00
W005352,U005352,26527.28,IDR,ACTIVE,2025-03-28 20:00:00,2025-09-03 20:00:00
W005353,U005353,14448.28,IDR,ACTIVE,2025-04-02 14:00:00,2026-01-26 14:00:00
W005354,U005354,8343.84,IDR,ACTIVE,2026-03-13 06:00:00,2026-08-23 00:00:00
W005355,U005355,29076.91,IDR,ACTIVE,2025-07-31 18:00:00,2026-03-28 18:00:00
W005356,U005356,33568.69,IDR,ACTIVE,2025-07-30 04:00:00,2025-09-29 04:00:00
W005357,U005357,119790.04,IDR,ACTIVE,2026-06-07 21:00:00,2026-08-23 00:00:00
W005358,U005358,18388.88,IDR,ACTIVE,2024-06-21 23:00:00,2025-01-04 23:00:00
W005359,U005359,13970.61,IDR,ACTIVE,2024-04-23 23:00:00,2025-05-16 23:00:00
W005360,U005360,142939.7,IDR,ACTIVE,2026-08-04 09:00:00,2026-08-23 00:00:00
W005361,U005361,35602.63,IDR,ACTIVE,2026-04-21 12:00:00,2026-05-28 12:00:00
W005362,U005362,72289.93,IDR,ACTIVE,2025-12-18 04:00:00,2026-08-23 00:00:00
W005363,U005363,127527.57,IDR,ACTIVE,2024-06-04 13:00:00,2025-05-08 13:00:00
W005364,U005364,795933.93,IDR,ACTIVE,2025-10-24 20:00:00,2026-04-29 20:00:00
W005365,U005365,90425.41,IDR,ACTIVE,2025-08-31 09:00:00,2025-10-12 09:00:00
W005366,U005366,32334.82,IDR,FROZEN,2024-12-06 23:00:00,2024-12-28 23:00:00
W005367,U005367,140017.4,IDR,ACTIVE,2026-04-01 06:00:00,2026-08-23 00:00:00
W005368,U005368,25166.46,IDR,ACTIVE,2026-04-14 01:00:00,2026-07-08 01:00:00
W005369,U005369,202689.61,IDR,ACTIVE,2026-08-07 21:00:00,2026-08-23 00:00:00
W005370,U005370,30443.73,IDR,ACTIVE,2025-06-07 01:00:00,2025-11-23 01:00:00
W005371,U005371,21417.45,IDR,ACTIVE,2026-06-08 06:00:00,2026-08-23 00:00:00
W005372,U005372,64135.29,IDR,ACTIVE,2026-06-16 05:00:00,2026-08-23 00:00:00
W005373,U005373,87739.83,IDR,ACTIVE,2024-08-18 05:00:00,2025-09-07 05:00:00
W005374,U005374,22232.32,IDR,ACTIVE,2024-05-19 12:00:00,2025-04-25 12:00:00
W005375,U005375,34732.36,IDR,ACTIVE,2026-04-17 10:00:00,2026-08-23 00:00:00
W005376,U005376,98035.64,IDR,ACTIVE,2024-01-20 00:00:00,2024-06-18 00:00:00
W005377,U005377,74284.89,IDR,ACTIVE,2024-07-17 11:00:00,2025-10-06 11:00:00
W005378,U005378,92566.55,IDR,ACTIVE,2024-07-07 02:00:00,2025-05-02 02:00:00
W005379,U005379,207101.77,IDR,ACTIVE,2025-01-23 01:00:00,2026-05-04 01:00:00
W005380,U005380,82439.75,IDR,ACTIVE,2026-01-07 10:00:00,2026-08-23 00:00:00
W005381,U005381,278966.59,IDR,ACTIVE,2025-06-28 23:00:00,2025-10-26 23:00:00
W005382,U005382,148934.56,IDR,ACTIVE,2024-03-06 05:00:00,2025-02-13 05:00:00
W005383,U005383,35473.73,IDR,ACTIVE,2025-05-25 15:00:00,2026-03-30 15:00:00
W005384,U005384,218195.79,IDR,ACTIVE,2024-07-10 03:00:00,2024-08-18 03:00:00
W005385,U005385,79093.48,IDR,ACTIVE,2024-04-05 16:00:00,2024-09-24 16:00:00
W005386,U005386,182102.83,IDR,ACTIVE,2024-11-25 05:00:00,2025-05-21 05:00:00
W005387,U005387,94376.28,IDR,ACTIVE,2025-09-16 22:00:00,2025-12-12 22:00:00
W005388,U005388,370420.02,IDR,ACTIVE,2025-09-18 14:00:00,2025-12-18 14:00:00
W005389,U005389,21459.7,IDR,ACTIVE,2025-06-27 02:00:00,2026-01-20 02:00:00
W005390,U005390,50024.47,IDR,ACTIVE,2025-01-18 09:00:00,2026-05-16 09:00:00
W005391,U005391,113247.73,IDR,ACTIVE,2024-04-03 04:00:00,2024-06-08 04:00:00
W005392,U005392,70936.5,IDR,ACTIVE,2026-04-27 04:00:00,2026-08-23 00:00:00
W005393,U005393,25372.31,IDR,ACTIVE,2025-07-24 07:00:00,2026-04-29 07:00:00
W005394,U005394,326281.51,IDR,ACTIVE,2024-05-14 02:00:00,2025-02-20 02:00:00
W005395,U005395,57228.91,IDR,ACTIVE,2025-08-07 10:00:00,2026-08-23 00:00:00
W005396,U005396,163175.21,IDR,ACTIVE,2024-06-29 12:00:00,2024-08-12 12:00:00
W005397,U005397,104219.49,IDR,ACTIVE,2025-01-18 12:00:00,2025-07-28 12:00:00
W005398,U005398,134464.34,IDR,ACTIVE,2026-03-02 15:00:00,2026-05-23 15:00:00
W005399,U005399,20242.29,IDR,ACTIVE,2026-01-25 21:00:00,2026-06-06 21:00:00
W005400,U005400,59555.83,IDR,ACTIVE,2024-09-04 16:00:00,2025-12-07 16:00:00
W005401,U005401,138132.68,IDR,ACTIVE,2025-06-19 07:00:00,2026-01-28 07:00:00
W005402,U005402,161945.9,IDR,ACTIVE,2024-10-03 00:00:00,2025-06-15 00:00:00
W005403,U005403,146782.59,IDR,ACTIVE,2025-02-01 17:00:00,2025-05-22 17:00:00
W005404,U005404,30657.54,IDR,ACTIVE,2024-04-28 21:00:00,2024-09-19 21:00:00
W005405,U005405,12840.69,IDR,ACTIVE,2025-06-04 16:00:00,2025-09-14 16:00:00
W005406,U005406,18129.88,IDR,ACTIVE,2025-02-18 06:00:00,2025-10-17 06:00:00
W005407,U005407,62545.13,IDR,ACTIVE,2026-05-22 06:00:00,2026-08-23 00:00:00
W005408,U005408,68859.62,IDR,ACTIVE,2026-02-02 03:00:00,2026-08-01 03:00:00
W005409,U005409,62284.15,IDR,CLOSED,2025-02-16 18:00:00,2025-05-20 18:00:00
W005410,U005410,20755.75,IDR,ACTIVE,2024-11-20 13:00:00,2025-08-14 13:00:00
W005411,U005411,36583.23,IDR,ACTIVE,2024-06-09 12:00:00,2025-05-04 12:00:00
W005412,U005412,322536.64,IDR,ACTIVE,2026-04-03 00:00:00,2026-08-23 00:00:00
W005413,U005413,88690.44,IDR,ACTIVE,2026-06-12 15:00:00,2026-08-23 00:00:00
W005414,U005414,58444.25,IDR,ACTIVE,2026-02-09 13:00:00,2026-07-30 13:00:00
W005415,U005415,313740.82,IDR,ACTIVE,2024-01-06 01:00:00,2024-01-18 01:00:00
W005416,U005416,410382.73,IDR,ACTIVE,2026-02-24 05:00:00,2026-08-23 00:00:00
W005417,U005417,40173.87,IDR,ACTIVE,2026-03-01 15:00:00,2026-08-23 00:00:00
W005418,U005418,89360.32,IDR,ACTIVE,2025-01-03 19:00:00,2025-04-16 19:00:00
W005419,U005419,15039.73,IDR,ACTIVE,2025-12-07 13:00:00,2026-08-23 00:00:00
W005420,U005420,11947.57,IDR,ACTIVE,2025-02-17 08:00:00,2025-10-15 08:00:00
W005421,U005421,49725.01,IDR,ACTIVE,2025-10-21 19:00:00,2026-01-08 19:00:00
W005422,U005422,19677.59,IDR,ACTIVE,2025-08-21 01:00:00,2025-12-19 01:00:00
W005423,U005423,36634.18,IDR,ACTIVE,2024-11-11 14:00:00,2025-12-26 14:00:00
W005424,U005424,80782.89,IDR,ACTIVE,2024-11-15 08:00:00,2025-01-26 08:00:00
W005425,U005425,243338.7,IDR,ACTIVE,2025-07-13 03:00:00,2025-10-31 03:00:00
W005426,U005426,91881.45,IDR,ACTIVE,2025-03-18 09:00:00,2025-11-03 09:00:00
W005427,U005427,40573.28,IDR,ACTIVE,2024-01-22 15:00:00,2025-03-20 15:00:00
W005428,U005428,440714.4,IDR,ACTIVE,2024-12-29 07:00:00,2025-10-21 07:00:00
W005429,U005429,67172.93,IDR,ACTIVE,2024-01-20 20:00:00,2024-04-02 20:00:00
W005430,U005430,164187.2,IDR,ACTIVE,2026-03-09 13:00:00,2026-08-23 00:00:00
W005431,U005431,180443.67,IDR,ACTIVE,2024-10-18 16:00:00,2025-09-01 16:00:00
W005432,U005432,57987.41,IDR,ACTIVE,2024-07-26 18:00:00,2025-01-09 18:00:00
W005433,U005433,6172.49,IDR,ACTIVE,2024-03-03 05:00:00,2024-11-13 05:00:00
W005434,U005434,12222.21,IDR,FROZEN,2024-09-22 23:00:00,2025-12-14 23:00:00
W005435,U005435,32693.66,IDR,ACTIVE,2025-07-07 19:00:00,2025-11-10 19:00:00
W005436,U005436,34146.02,IDR,ACTIVE,2024-01-14 23:00:00,2025-02-06 23:00:00
W005437,U005437,60001.11,IDR,ACTIVE,2024-03-28 12:00:00,2025-04-06 12:00:00
W005438,U005438,48305.73,IDR,ACTIVE,2026-05-29 16:00:00,2026-08-23 00:00:00
W005439,U005439,4329.97,IDR,ACTIVE,2025-07-30 09:00:00,2025-08-14 09:00:00
W005440,U005440,50870.77,IDR,ACTIVE,2026-01-21 15:00:00,2026-04-20 15:00:00
W005441,U005441,63779.28,IDR,ACTIVE,2024-08-14 02:00:00,2025-09-18 02:00:00
W005442,U005442,76260.85,IDR,ACTIVE,2025-12-26 11:00:00,2026-08-23 00:00:00
W005443,U005443,12530.22,IDR,ACTIVE,2026-01-09 03:00:00,2026-08-23 00:00:00
W005444,U005444,74968.01,IDR,ACTIVE,2024-10-04 13:00:00,2026-01-18 13:00:00
W005445,U005445,122753.23,IDR,ACTIVE,2025-04-08 21:00:00,2025-12-20 21:00:00
W005446,U005446,448701.76,IDR,ACTIVE,2025-03-25 18:00:00,2026-05-08 18:00:00
W005447,U005447,72306.58,IDR,FROZEN,2024-09-26 00:00:00,2025-07-30 00:00:00
W005448,U005448,153127.95,IDR,ACTIVE,2026-04-10 17:00:00,2026-08-23 00:00:00
W005449,U005449,111412.81,IDR,ACTIVE,2025-04-19 08:00:00,2025-04-28 08:00:00
W005450,U005450,930160.91,IDR,ACTIVE,2024-12-02 06:00:00,2025-03-30 06:00:00
W005451,U005451,29280.07,IDR,ACTIVE,2024-08-20 23:00:00,2024-11-18 23:00:00
W005452,U005452,77051.67,IDR,ACTIVE,2024-09-21 04:00:00,2025-02-05 04:00:00
W005453,U005453,281790.16,IDR,ACTIVE,2024-02-20 10:00:00,2025-04-19 10:00:00
W005454,U005454,264648.88,IDR,ACTIVE,2025-08-30 05:00:00,2026-05-04 05:00:00
W005455,U005455,264215.61,IDR,ACTIVE,2025-07-14 19:00:00,2025-11-23 19:00:00
W005456,U005456,1078026.91,IDR,ACTIVE,2026-06-25 12:00:00,2026-08-23 00:00:00
W005457,U005457,121030.26,IDR,ACTIVE,2025-12-23 04:00:00,2026-08-23 00:00:00
W005458,U005458,41445.59,IDR,ACTIVE,2024-05-30 22:00:00,2025-05-26 22:00:00
W005459,U005459,124087.42,IDR,ACTIVE,2025-06-03 05:00:00,2025-09-05 05:00:00
W005460,U005460,25640.62,IDR,ACTIVE,2024-12-01 03:00:00,2026-01-14 03:00:00
W005461,U005461,103136.3,IDR,FROZEN,2024-10-22 11:00:00,2025-02-20 11:00:00
W005462,U005462,24352.29,IDR,ACTIVE,2024-09-23 10:00:00,2024-10-18 10:00:00
W005463,U005463,32396.63,IDR,ACTIVE,2024-11-13 12:00:00,2025-09-25 12:00:00
W005464,U005464,11465.13,IDR,ACTIVE,2026-01-06 06:00:00,2026-08-23 00:00:00
W005465,U005465,95446.55,IDR,ACTIVE,2026-02-08 18:00:00,2026-08-23 00:00:00
W005466,U005466,248266.62,IDR,ACTIVE,2024-02-09 08:00:00,2024-08-12 08:00:00
W005467,U005467,72687.27,IDR,ACTIVE,2025-09-25 02:00:00,2026-08-23 00:00:00
W005468,U005468,63779.91,IDR,ACTIVE,2024-06-23 12:00:00,2024-12-13 12:00:00
W005469,U005469,34738.33,IDR,FROZEN,2024-04-18 02:00:00,2024-11-20 02:00:00
W005470,U005470,170731.78,IDR,ACTIVE,2025-04-20 17:00:00,2025-11-10 17:00:00
W005471,U005471,204942.42,IDR,ACTIVE,2024-08-12 09:00:00,2025-10-12 09:00:00
W005472,U005472,15703.98,IDR,ACTIVE,2025-04-02 10:00:00,2026-06-25 10:00:00
W005473,U005473,79480.74,IDR,ACTIVE,2024-08-12 07:00:00,2024-11-22 07:00:00
W005474,U005474,163836.56,IDR,ACTIVE,2024-01-26 13:00:00,2024-08-31 13:00:00
W005475,U005475,41077.86,IDR,ACTIVE,2024-12-01 00:00:00,2026-04-01 00:00:00
W005476,U005476,13698.61,IDR,ACTIVE,2026-06-27 10:00:00,2026-08-23 00:00:00
W005477,U005477,23260.96,IDR,ACTIVE,2026-01-08 10:00:00,2026-08-23 00:00:00
W005478,U005478,299561.83,IDR,ACTIVE,2024-02-05 20:00:00,2024-11-25 20:00:00
W005479,U005479,196670.19,IDR,FROZEN,2025-05-06 12:00:00,2026-05-21 12:00:00
W005480,U005480,227166.65,IDR,ACTIVE,2026-01-01 15:00:00,2026-02-03 15:00:00
W005481,U005481,18147.5,IDR,ACTIVE,2026-07-27 02:00:00,2026-08-23 00:00:00
W005482,U005482,162069.98,IDR,ACTIVE,2024-02-07 06:00:00,2025-05-19 06:00:00
W005483,U005483,323939.42,IDR,ACTIVE,2025-06-19 21:00:00,2025-06-20 21:00:00
W005484,U005484,32664.27,IDR,FROZEN,2025-08-17 04:00:00,2025-11-23 04:00:00
W005485,U005485,52778.46,IDR,ACTIVE,2024-06-16 18:00:00,2024-08-15 18:00:00
W005486,U005486,83006.23,IDR,ACTIVE,2026-06-24 22:00:00,2026-08-07 22:00:00
W005487,U005487,98022.25,IDR,ACTIVE,2026-04-21 08:00:00,2026-08-23 00:00:00
W005488,U005488,43242.48,IDR,ACTIVE,2026-08-01 10:00:00,2026-08-23 00:00:00
W005489,U005489,184014.76,IDR,ACTIVE,2026-01-15 01:00:00,2026-08-23 00:00:00
W005490,U005490,115981.44,IDR,ACTIVE,2025-10-17 06:00:00,2026-05-26 06:00:00
W005491,U005491,7477.98,IDR,CLOSED,2025-08-14 22:00:00,2026-07-20 22:00:00
W005492,U005492,27033.31,IDR,ACTIVE,2026-02-18 10:00:00,2026-08-23 00:00:00
W005493,U005493,170617.02,IDR,ACTIVE,2025-12-09 12:00:00,2026-07-31 12:00:00
W005494,U005494,56608.49,IDR,ACTIVE,2024-12-26 13:00:00,2025-11-23 13:00:00
W005495,U005495,121431.57,IDR,ACTIVE,2024-06-20 11:00:00,2025-05-03 11:00:00
W005496,U005496,29216.87,IDR,ACTIVE,2025-03-30 18:00:00,2025-05-07 18:00:00
W005497,U005497,30792.72,IDR,ACTIVE,2025-11-12 12:00:00,2026-08-23 00:00:00
W005498,U005498,12799.71,IDR,ACTIVE,2025-09-20 18:00:00,2026-05-04 18:00:00
W005499,U005499,212853.33,IDR,ACTIVE,2026-08-03 01:00:00,2026-08-23 00:00:00
W005500,U005500,152787.86,IDR,ACTIVE,2025-05-21 04:00:00,2025-08-30 04:00:00
W005501,U005501,83500.91,IDR,FROZEN,2026-04-20 08:00:00,2026-08-23 00:00:00
W005502,U005502,17519.24,IDR,ACTIVE,2024-03-03 22:00:00,2024-12-21 22:00:00
W005503,U005503,257155.94,IDR,ACTIVE,2024-12-14 21:00:00,2025-02-05 21:00:00
W005504,U005504,118929.78,IDR,ACTIVE,2025-03-03 07:00:00,2025-10-19 07:00:00
W005505,U005505,43199.42,IDR,ACTIVE,2024-01-18 00:00:00,2025-01-29 00:00:00
W005506,U005506,91982.23,IDR,ACTIVE,2024-11-06 06:00:00,2026-02-03 06:00:00
W005507,U005507,55135.77,IDR,ACTIVE,2024-01-05 08:00:00,2025-05-17 08:00:00
W005508,U005508,119031.13,IDR,ACTIVE,2024-01-04 09:00:00,2024-11-09 09:00:00
W005509,U005509,24856.24,IDR,ACTIVE,2026-05-02 13:00:00,2026-07-20 13:00:00
W005510,U005510,8790.36,IDR,ACTIVE,2025-03-30 06:00:00,2025-05-30 06:00:00
W005511,U005511,107629.83,IDR,ACTIVE,2025-01-07 14:00:00,2025-09-04 14:00:00
W005512,U005512,126891.86,IDR,ACTIVE,2024-01-09 22:00:00,2025-04-14 22:00:00
W005513,U005513,12773.02,IDR,ACTIVE,2026-06-08 04:00:00,2026-08-23 00:00:00
W005514,U005514,6251.73,IDR,ACTIVE,2024-07-04 03:00:00,2025-09-16 03:00:00
W005515,U005515,84468.48,IDR,ACTIVE,2024-05-23 21:00:00,2024-10-24 21:00:00
W005516,U005516,111703.08,IDR,ACTIVE,2024-08-03 20:00:00,2024-09-27 20:00:00
W005517,U005517,52962.79,IDR,ACTIVE,2025-12-12 18:00:00,2026-08-23 00:00:00
W005518,U005518,26409.4,IDR,CLOSED,2024-03-11 06:00:00,2025-07-22 06:00:00
W005519,U005519,452350.48,IDR,ACTIVE,2025-06-09 02:00:00,2026-05-17 02:00:00
W005520,U005520,101371.55,IDR,ACTIVE,2025-10-24 21:00:00,2026-08-15 21:00:00
W005521,U005521,209622.53,IDR,ACTIVE,2024-03-04 07:00:00,2024-07-13 07:00:00
W005522,U005522,21217.01,IDR,ACTIVE,2026-07-05 06:00:00,2026-08-23 00:00:00
W005523,U005523,248350.22,IDR,ACTIVE,2025-01-22 10:00:00,2025-03-14 10:00:00
W005524,U005524,97430.52,IDR,ACTIVE,2025-01-14 21:00:00,2025-04-14 21:00:00
W005525,U005525,396618.38,IDR,ACTIVE,2024-05-31 11:00:00,2025-03-03 11:00:00
W005526,U005526,121425.82,IDR,ACTIVE,2026-07-27 23:00:00,2026-08-23 00:00:00
W005527,U005527,71488.88,IDR,ACTIVE,2024-08-08 00:00:00,2025-04-24 00:00:00
W005528,U005528,59810.04,IDR,ACTIVE,2024-10-22 06:00:00,2025-02-19 06:00:00
W005529,U005529,33727.38,IDR,ACTIVE,2024-04-16 15:00:00,2024-06-06 15:00:00
W005530,U005530,60432.97,IDR,ACTIVE,2025-01-06 09:00:00,2025-06-15 09:00:00
W005531,U005531,123738.24,IDR,ACTIVE,2024-02-16 23:00:00,2025-06-19 23:00:00
W005532,U005532,266361.57,IDR,CLOSED,2026-06-12 02:00:00,2026-08-23 00:00:00
W005533,U005533,148581.52,IDR,ACTIVE,2025-02-28 10:00:00,2026-01-26 10:00:00
W005534,U005534,29101.91,IDR,FROZEN,2025-11-18 23:00:00,2026-03-01 23:00:00
W005535,U005535,15801.67,IDR,ACTIVE,2026-05-07 22:00:00,2026-08-23 00:00:00
W005536,U005536,89164.01,IDR,ACTIVE,2024-08-04 02:00:00,2025-07-26 02:00:00
W005537,U005537,12158.91,IDR,ACTIVE,2024-08-25 02:00:00,2025-06-30 02:00:00
W005538,U005538,61714.16,IDR,ACTIVE,2026-03-10 20:00:00,2026-08-23 00:00:00
W005539,U005539,17788.15,IDR,ACTIVE,2024-08-06 12:00:00,2024-12-01 12:00:00
W005540,U005540,142003.29,IDR,FROZEN,2026-02-16 11:00:00,2026-06-29 11:00:00
W005541,U005541,42994.85,IDR,ACTIVE,2025-02-12 20:00:00,2025-03-27 20:00:00
W005542,U005542,48424.72,IDR,ACTIVE,2025-12-29 11:00:00,2026-08-23 00:00:00
W005543,U005543,14946.72,IDR,ACTIVE,2025-10-02 06:00:00,2026-02-03 06:00:00
W005544,U005544,186969.16,IDR,ACTIVE,2025-06-21 20:00:00,2026-03-07 20:00:00
W005545,U005545,79640.81,IDR,CLOSED,2024-01-14 10:00:00,2024-06-16 10:00:00
W005546,U005546,82621.11,IDR,ACTIVE,2024-05-27 15:00:00,2025-07-11 15:00:00
W005547,U005547,18512.14,IDR,ACTIVE,2026-05-03 17:00:00,2026-08-23 00:00:00
W005548,U005548,11205.5,IDR,ACTIVE,2025-05-23 22:00:00,2026-05-03 22:00:00
W005549,U005549,28913.1,IDR,ACTIVE,2024-06-26 01:00:00,2025-01-15 01:00:00
W005550,U005550,41985.46,IDR,ACTIVE,2025-12-24 04:00:00,2026-08-23 00:00:00
W005551,U005551,28140.53,IDR,ACTIVE,2024-03-29 18:00:00,2025-07-03 18:00:00
W005552,U005552,398955.06,IDR,ACTIVE,2024-02-08 08:00:00,2024-07-31 08:00:00
W005553,U005553,192676.7,IDR,ACTIVE,2026-05-24 22:00:00,2026-06-14 22:00:00
W005554,U005554,63274.04,IDR,ACTIVE,2024-02-16 16:00:00,2025-06-06 16:00:00
W005555,U005555,31004.61,IDR,ACTIVE,2024-11-08 11:00:00,2025-07-01 11:00:00
W005556,U005556,21644.55,IDR,ACTIVE,2024-05-19 21:00:00,2025-02-28 21:00:00
W005557,U005557,60517.83,IDR,ACTIVE,2026-04-07 18:00:00,2026-08-23 00:00:00
W005558,U005558,85340.68,IDR,ACTIVE,2026-02-14 03:00:00,2026-08-23 00:00:00
W005559,U005559,39905.26,IDR,ACTIVE,2025-05-22 21:00:00,2026-04-16 21:00:00
W005560,U005560,98658.0,IDR,ACTIVE,2025-08-18 02:00:00,2026-03-24 02:00:00
W005561,U005561,37069.16,IDR,FROZEN,2024-10-05 05:00:00,2025-04-12 05:00:00
W005562,U005562,21416.83,IDR,ACTIVE,2025-10-13 19:00:00,2026-08-18 19:00:00
W005563,U005563,98913.59,IDR,ACTIVE,2025-08-17 03:00:00,2026-08-23 00:00:00
W005564,U005564,10863.21,IDR,ACTIVE,2024-05-17 10:00:00,2024-09-21 10:00:00
W005565,U005565,15734.29,IDR,ACTIVE,2025-07-24 13:00:00,2026-01-13 13:00:00
W005566,U005566,24906.05,IDR,ACTIVE,2024-08-19 06:00:00,2024-12-08 06:00:00
W005567,U005567,34408.72,IDR,ACTIVE,2026-05-19 13:00:00,2026-07-14 13:00:00
W005568,U005568,124165.4,IDR,ACTIVE,2026-02-02 13:00:00,2026-08-23 00:00:00
W005569,U005569,14997.25,IDR,ACTIVE,2024-09-21 09:00:00,2025-11-29 09:00:00
W005570,U005570,48634.46,IDR,ACTIVE,2024-10-12 02:00:00,2025-05-20 02:00:00
W005571,U005571,86426.26,IDR,ACTIVE,2026-03-02 13:00:00,2026-08-23 00:00:00
W005572,U005572,79206.36,IDR,ACTIVE,2025-09-13 10:00:00,2026-01-30 10:00:00
W005573,U005573,124224.17,IDR,ACTIVE,2025-03-04 07:00:00,2025-10-21 07:00:00
W005574,U005574,50044.7,IDR,ACTIVE,2025-11-19 00:00:00,2026-07-24 00:00:00
W005575,U005575,33372.94,IDR,ACTIVE,2025-02-24 22:00:00,2026-04-25 22:00:00
W005576,U005576,228262.06,IDR,ACTIVE,2024-05-05 12:00:00,2024-12-31 12:00:00
W005577,U005577,32191.55,IDR,ACTIVE,2024-04-03 04:00:00,2024-12-14 04:00:00
W005578,U005578,28281.46,IDR,ACTIVE,2024-01-26 08:00:00,2024-09-29 08:00:00
W005579,U005579,26475.55,IDR,ACTIVE,2026-03-03 13:00:00,2026-08-23 00:00:00
W005580,U005580,25613.13,IDR,ACTIVE,2024-08-15 07:00:00,2025-09-30 07:00:00
W005581,U005581,296890.51,IDR,ACTIVE,2025-02-26 05:00:00,2025-04-22 05:00:00
W005582,U005582,361138.39,IDR,ACTIVE,2024-03-25 16:00:00,2025-05-16 16:00:00
W005583,U005583,141303.23,IDR,ACTIVE,2025-06-08 09:00:00,2026-08-20 09:00:00
W005584,U005584,103051.61,IDR,ACTIVE,2025-02-02 21:00:00,2026-01-19 21:00:00
W005585,U005585,28331.38,IDR,ACTIVE,2025-03-06 19:00:00,2026-04-04 19:00:00
W005586,U005586,39329.73,IDR,ACTIVE,2024-07-12 04:00:00,2025-05-12 04:00:00
W005587,U005587,13322.35,IDR,ACTIVE,2024-08-16 14:00:00,2024-10-27 14:00:00
W005588,U005588,49014.21,IDR,ACTIVE,2025-10-28 08:00:00,2025-12-12 08:00:00
W005589,U005589,17178.58,IDR,ACTIVE,2025-06-10 13:00:00,2025-09-04 13:00:00
W005590,U005590,73630.63,IDR,ACTIVE,2026-02-21 06:00:00,2026-03-26 06:00:00
W005591,U005591,30350.87,IDR,ACTIVE,2026-04-02 03:00:00,2026-08-23 00:00:00
W005592,U005592,80063.9,IDR,ACTIVE,2025-10-15 14:00:00,2026-07-24 14:00:00
W005593,U005593,4779.04,IDR,ACTIVE,2025-09-23 14:00:00,2026-03-02 14:00:00
W005594,U005594,25998.81,IDR,ACTIVE,2024-06-03 22:00:00,2025-09-25 22:00:00
W005595,U005595,11494.75,IDR,ACTIVE,2024-10-11 12:00:00,2025-09-29 12:00:00
W005596,U005596,22424.46,IDR,ACTIVE,2025-04-29 15:00:00,2026-08-23 00:00:00
W005597,U005597,87344.77,IDR,CLOSED,2024-10-17 00:00:00,2026-01-14 00:00:00
W005598,U005598,93309.36,IDR,ACTIVE,2024-03-20 19:00:00,2025-05-14 19:00:00
W005599,U005599,84001.88,IDR,ACTIVE,2025-01-07 20:00:00,2025-07-12 20:00:00
W005600,U005600,72667.92,IDR,ACTIVE,2026-02-24 07:00:00,2026-08-23 00:00:00
W005601,U005601,63306.28,IDR,ACTIVE,2024-11-10 14:00:00,2026-03-23 14:00:00
W005602,U005602,116397.12,IDR,ACTIVE,2024-06-13 10:00:00,2025-07-27 10:00:00
W005603,U005603,6378.43,IDR,ACTIVE,2026-07-08 08:00:00,2026-08-23 00:00:00
W005604,U005604,280501.26,IDR,ACTIVE,2025-03-04 13:00:00,2025-04-30 13:00:00
W005605,U005605,47726.36,IDR,ACTIVE,2026-01-08 22:00:00,2026-05-07 22:00:00
W005606,U005606,117314.41,IDR,ACTIVE,2024-06-17 23:00:00,2025-09-22 23:00:00
W005607,U005607,2995.1,IDR,ACTIVE,2025-10-07 01:00:00,2026-01-31 01:00:00
W005608,U005608,58213.68,IDR,ACTIVE,2024-08-31 14:00:00,2024-11-03 14:00:00
W005609,U005609,29812.12,IDR,ACTIVE,2024-03-21 15:00:00,2024-09-09 15:00:00
W005610,U005610,44318.82,IDR,ACTIVE,2025-03-19 11:00:00,2025-10-30 11:00:00
W005611,U005611,21336.48,IDR,ACTIVE,2025-05-26 18:00:00,2026-04-14 18:00:00
W005612,U005612,24606.06,IDR,FROZEN,2024-07-06 18:00:00,2024-12-03 18:00:00
W005613,U005613,97888.71,IDR,ACTIVE,2025-06-13 08:00:00,2025-08-18 08:00:00
W005614,U005614,74162.54,IDR,ACTIVE,2024-09-15 21:00:00,2025-10-05 21:00:00
W005615,U005615,10491.11,IDR,ACTIVE,2026-01-04 19:00:00,2026-07-03 19:00:00
W005616,U005616,25481.05,IDR,ACTIVE,2026-04-01 06:00:00,2026-08-23 00:00:00
W005617,U005617,47506.61,IDR,ACTIVE,2024-01-08 23:00:00,2024-02-05 23:00:00
W005618,U005618,58531.62,IDR,ACTIVE,2026-07-19 16:00:00,2026-08-23 00:00:00
W005619,U005619,433630.63,IDR,ACTIVE,2025-12-29 10:00:00,2026-03-21 10:00:00
W005620,U005620,72125.43,IDR,ACTIVE,2024-02-14 16:00:00,2024-05-19 16:00:00
W005621,U005621,9266.49,IDR,ACTIVE,2025-12-31 03:00:00,2026-08-23 00:00:00
W005622,U005622,61603.19,IDR,ACTIVE,2026-07-14 04:00:00,2026-08-23 00:00:00
W005623,U005623,17561.06,IDR,ACTIVE,2026-01-19 13:00:00,2026-08-23 00:00:00
W005624,U005624,49721.58,IDR,ACTIVE,2024-12-20 06:00:00,2026-03-22 06:00:00
W005625,U005625,487069.1,IDR,ACTIVE,2026-05-20 06:00:00,2026-08-23 00:00:00
W005626,U005626,37097.45,IDR,ACTIVE,2024-10-10 17:00:00,2025-10-03 17:00:00
W005627,U005627,148428.8,IDR,ACTIVE,2024-01-26 21:00:00,2024-07-30 21:00:00
W005628,U005628,60925.94,IDR,ACTIVE,2024-02-20 18:00:00,2024-04-15 18:00:00
W005629,U005629,265053.89,IDR,ACTIVE,2025-04-02 14:00:00,2026-06-27 14:00:00
W005630,U005630,104999.52,IDR,FROZEN,2025-09-07 13:00:00,2026-01-11 13:00:00
W005631,U005631,170706.6,IDR,ACTIVE,2024-07-09 11:00:00,2025-03-28 11:00:00
W005632,U005632,86263.4,IDR,ACTIVE,2025-08-18 22:00:00,2026-08-23 00:00:00
W005633,U005633,36628.78,IDR,ACTIVE,2025-02-09 18:00:00,2025-04-25 18:00:00
W005634,U005634,230148.63,IDR,ACTIVE,2025-11-18 10:00:00,2026-08-23 00:00:00
W005635,U005635,76859.63,IDR,ACTIVE,2024-07-04 22:00:00,2024-11-19 22:00:00
W005636,U005636,38911.93,IDR,ACTIVE,2024-03-26 15:00:00,2025-03-15 15:00:00
W005637,U005637,29821.01,IDR,FROZEN,2025-04-09 06:00:00,2025-11-10 06:00:00
W005638,U005638,79605.6,IDR,ACTIVE,2024-04-23 05:00:00,2025-01-05 05:00:00
W005639,U005639,187392.93,IDR,ACTIVE,2024-12-05 03:00:00,2025-01-13 03:00:00
W005640,U005640,94057.58,IDR,ACTIVE,2026-03-23 03:00:00,2026-08-23 00:00:00
W005641,U005641,41773.77,IDR,ACTIVE,2025-03-15 11:00:00,2026-05-29 11:00:00
W005642,U005642,90410.37,IDR,ACTIVE,2026-04-16 20:00:00,2026-08-23 00:00:00
W005643,U005643,132886.72,IDR,ACTIVE,2024-08-02 10:00:00,2025-01-26 10:00:00
W005644,U005644,12848.02,IDR,ACTIVE,2024-04-12 19:00:00,2024-08-27 19:00:00
W005645,U005645,17717.86,IDR,ACTIVE,2025-04-14 01:00:00,2025-11-17 01:00:00
W005646,U005646,120002.66,IDR,ACTIVE,2026-07-24 18:00:00,2026-08-23 00:00:00
W005647,U005647,17102.85,IDR,ACTIVE,2024-03-15 10:00:00,2024-11-27 10:00:00
W005648,U005648,49638.33,IDR,ACTIVE,2024-04-22 04:00:00,2025-02-26 04:00:00
W005649,U005649,67212.92,IDR,ACTIVE,2026-05-05 17:00:00,2026-08-23 00:00:00
W005650,U005650,22791.17,IDR,ACTIVE,2025-09-20 01:00:00,2026-07-27 01:00:00
W005651,U005651,51608.65,IDR,ACTIVE,2025-05-29 23:00:00,2026-01-20 23:00:00
W005652,U005652,68196.67,IDR,ACTIVE,2024-05-22 04:00:00,2025-02-12 04:00:00
W005653,U005653,197054.42,IDR,ACTIVE,2024-01-28 10:00:00,2025-01-17 10:00:00
W005654,U005654,174705.61,IDR,ACTIVE,2026-02-15 08:00:00,2026-04-18 08:00:00
W005655,U005655,79266.82,IDR,ACTIVE,2026-02-02 18:00:00,2026-05-17 18:00:00
W005656,U005656,33425.37,IDR,CLOSED,2025-05-14 19:00:00,2025-10-14 19:00:00
W005657,U005657,178898.39,IDR,ACTIVE,2025-06-07 02:00:00,2025-11-13 02:00:00
W005658,U005658,185877.33,IDR,ACTIVE,2026-04-30 22:00:00,2026-06-29 22:00:00
W005659,U005659,29254.99,IDR,ACTIVE,2026-02-05 05:00:00,2026-08-23 00:00:00
W005660,U005660,72501.48,IDR,ACTIVE,2026-07-09 11:00:00,2026-08-23 00:00:00
W005661,U005661,38961.29,IDR,ACTIVE,2024-06-02 23:00:00,2025-08-23 23:00:00
W005662,U005662,82073.7,IDR,ACTIVE,2024-08-28 18:00:00,2025-03-21 18:00:00
W005663,U005663,27356.0,IDR,ACTIVE,2024-12-19 12:00:00,2025-03-04 12:00:00
W005664,U005664,131302.01,IDR,ACTIVE,2024-08-27 04:00:00,2025-06-04 04:00:00
W005665,U005665,82605.8,IDR,ACTIVE,2025-03-12 15:00:00,2025-07-23 15:00:00
W005666,U005666,27409.43,IDR,FROZEN,2024-02-26 09:00:00,2024-03-08 09:00:00
W005667,U005667,119534.03,IDR,ACTIVE,2024-06-08 05:00:00,2025-06-24 05:00:00
W005668,U005668,33177.87,IDR,ACTIVE,2024-04-06 22:00:00,2024-12-10 22:00:00
W005669,U005669,10710.21,IDR,ACTIVE,2025-08-21 22:00:00,2026-04-16 22:00:00
W005670,U005670,22417.2,IDR,ACTIVE,2026-04-05 06:00:00,2026-08-23 00:00:00
W005671,U005671,147435.14,IDR,FROZEN,2024-04-06 14:00:00,2024-11-12 14:00:00
W005672,U005672,303719.97,IDR,ACTIVE,2025-05-10 07:00:00,2025-06-04 07:00:00
W005673,U005673,312898.84,IDR,ACTIVE,2025-04-14 21:00:00,2026-07-09 21:00:00
W005674,U005674,35075.19,IDR,ACTIVE,2024-09-09 18:00:00,2025-10-29 18:00:00
W005675,U005675,49588.45,IDR,ACTIVE,2025-02-09 15:00:00,2025-07-23 15:00:00
W005676,U005676,39684.66,IDR,ACTIVE,2025-12-01 21:00:00,2026-08-23 00:00:00
W005677,U005677,58997.61,IDR,ACTIVE,2025-10-27 18:00:00,2025-11-10 18:00:00
W005678,U005678,16554.85,IDR,ACTIVE,2025-11-23 22:00:00,2026-08-23 00:00:00
W005679,U005679,35977.71,IDR,ACTIVE,2024-04-16 03:00:00,2025-02-28 03:00:00
W005680,U005680,72749.26,IDR,ACTIVE,2024-11-20 00:00:00,2025-07-27 00:00:00
W005681,U005681,148248.97,IDR,ACTIVE,2024-08-02 07:00:00,2024-12-23 07:00:00
W005682,U005682,79244.34,IDR,ACTIVE,2025-11-01 03:00:00,2026-05-05 03:00:00
W005683,U005683,47482.76,IDR,ACTIVE,2024-03-23 01:00:00,2024-08-09 01:00:00
W005684,U005684,22925.14,IDR,ACTIVE,2024-03-30 22:00:00,2025-04-13 22:00:00
W005685,U005685,158116.65,IDR,ACTIVE,2024-12-31 15:00:00,2025-01-25 15:00:00
W005686,U005686,14710.28,IDR,ACTIVE,2024-02-11 04:00:00,2024-11-25 04:00:00
W005687,U005687,17468.09,IDR,ACTIVE,2026-06-16 04:00:00,2026-07-12 04:00:00
W005688,U005688,106862.54,IDR,ACTIVE,2025-12-01 04:00:00,2026-08-23 00:00:00
W005689,U005689,123082.55,IDR,ACTIVE,2025-05-15 02:00:00,2026-06-06 02:00:00
W005690,U005690,6093.12,IDR,ACTIVE,2026-01-07 06:00:00,2026-08-23 00:00:00
W005691,U005691,47874.14,IDR,ACTIVE,2025-06-10 00:00:00,2025-09-09 00:00:00
W005692,U005692,9300.16,IDR,ACTIVE,2025-11-10 22:00:00,2026-05-11 22:00:00
W005693,U005693,50718.11,IDR,ACTIVE,2024-02-12 02:00:00,2025-03-18 02:00:00
W005694,U005694,41326.08,IDR,FROZEN,2026-01-12 02:00:00,2026-06-16 02:00:00
W005695,U005695,233220.41,IDR,ACTIVE,2024-11-17 08:00:00,2026-02-22 08:00:00
W005696,U005696,91541.58,IDR,ACTIVE,2024-10-01 14:00:00,2024-12-30 14:00:00
W005697,U005697,94624.49,IDR,ACTIVE,2024-06-16 18:00:00,2024-07-14 18:00:00
W005698,U005698,191982.04,IDR,ACTIVE,2025-08-01 11:00:00,2026-02-06 11:00:00
W005699,U005699,200179.62,IDR,ACTIVE,2024-07-07 04:00:00,2024-11-07 04:00:00
W005700,U005700,68585.87,IDR,ACTIVE,2025-10-20 16:00:00,2026-01-24 16:00:00
W005701,U005701,32310.41,IDR,ACTIVE,2024-09-03 19:00:00,2024-09-17 19:00:00
W005702,U005702,139625.95,IDR,ACTIVE,2025-03-25 19:00:00,2026-07-29 19:00:00
W005703,U005703,132317.76,IDR,ACTIVE,2026-05-10 11:00:00,2026-08-23 00:00:00
W005704,U005704,105770.78,IDR,ACTIVE,2024-10-01 09:00:00,2025-03-10 09:00:00
W005705,U005705,68290.28,IDR,ACTIVE,2026-06-18 17:00:00,2026-08-23 00:00:00
W005706,U005706,50242.69,IDR,ACTIVE,2024-10-06 04:00:00,2025-12-02 04:00:00
W005707,U005707,200852.05,IDR,ACTIVE,2025-10-04 07:00:00,2026-01-12 07:00:00
W005708,U005708,41203.53,IDR,ACTIVE,2024-10-13 07:00:00,2025-11-14 07:00:00
W005709,U005709,30967.73,IDR,ACTIVE,2026-02-10 17:00:00,2026-08-23 00:00:00
W005710,U005710,47280.13,IDR,ACTIVE,2025-10-19 23:00:00,2026-08-23 00:00:00
W005711,U005711,26797.44,IDR,ACTIVE,2025-12-01 10:00:00,2026-01-03 10:00:00
W005712,U005712,132966.41,IDR,ACTIVE,2024-10-30 01:00:00,2025-02-13 01:00:00
W005713,U005713,68357.6,IDR,ACTIVE,2024-01-19 09:00:00,2024-11-01 09:00:00
W005714,U005714,9790.82,IDR,ACTIVE,2026-06-25 01:00:00,2026-08-23 00:00:00
W005715,U005715,91924.97,IDR,ACTIVE,2025-10-03 09:00:00,2025-11-17 09:00:00
W005716,U005716,48810.11,IDR,ACTIVE,2025-01-29 01:00:00,2025-03-30 01:00:00
W005717,U005717,60697.2,IDR,ACTIVE,2026-06-17 01:00:00,2026-08-23 00:00:00
W005718,U005718,77007.17,IDR,ACTIVE,2026-05-26 08:00:00,2026-08-23 00:00:00
W005719,U005719,36797.24,IDR,ACTIVE,2026-05-14 08:00:00,2026-08-23 00:00:00
W005720,U005720,30671.94,IDR,ACTIVE,2026-05-26 01:00:00,2026-08-23 00:00:00
W005721,U005721,106162.4,IDR,ACTIVE,2025-05-21 20:00:00,2026-06-06 20:00:00
W005722,U005722,19320.27,IDR,ACTIVE,2025-06-29 07:00:00,2026-08-23 00:00:00
W005723,U005723,24185.1,IDR,ACTIVE,2024-12-07 03:00:00,2026-04-15 03:00:00
W005724,U005724,28988.66,IDR,ACTIVE,2024-09-03 21:00:00,2025-05-08 21:00:00
W005725,U005725,155541.34,IDR,ACTIVE,2024-05-17 20:00:00,2024-08-24 20:00:00
W005726,U005726,210096.7,IDR,ACTIVE,2024-12-11 09:00:00,2025-12-13 09:00:00
W005727,U005727,28754.17,IDR,ACTIVE,2025-10-30 20:00:00,2026-02-26 20:00:00
W005728,U005728,24588.58,IDR,ACTIVE,2025-10-16 20:00:00,2025-11-06 20:00:00
W005729,U005729,67577.74,IDR,ACTIVE,2024-09-25 14:00:00,2024-11-20 14:00:00
W005730,U005730,48744.52,IDR,ACTIVE,2024-11-17 23:00:00,2026-01-09 23:00:00
W005731,U005731,135602.76,IDR,ACTIVE,2026-06-29 03:00:00,2026-08-23 00:00:00
W005732,U005732,97659.26,IDR,ACTIVE,2024-01-03 05:00:00,2024-02-19 05:00:00
W005733,U005733,335248.61,IDR,ACTIVE,2024-01-06 21:00:00,2024-01-14 21:00:00
W005734,U005734,2949.76,IDR,ACTIVE,2024-03-11 21:00:00,2024-06-15 21:00:00
W005735,U005735,25596.35,IDR,ACTIVE,2026-05-29 05:00:00,2026-08-23 00:00:00
W005736,U005736,133402.82,IDR,ACTIVE,2024-03-13 02:00:00,2024-12-08 02:00:00
W005737,U005737,41307.86,IDR,ACTIVE,2025-07-31 14:00:00,2026-06-21 14:00:00
W005738,U005738,23307.49,IDR,ACTIVE,2024-02-22 16:00:00,2024-04-20 16:00:00
W005739,U005739,40657.84,IDR,ACTIVE,2026-06-10 02:00:00,2026-08-23 00:00:00
W005740,U005740,44784.48,IDR,ACTIVE,2024-12-15 17:00:00,2026-01-29 17:00:00
W005741,U005741,189118.42,IDR,ACTIVE,2025-01-19 04:00:00,2026-05-07 04:00:00
W005742,U005742,13900.97,IDR,ACTIVE,2024-09-17 17:00:00,2025-06-29 17:00:00
W005743,U005743,29519.65,IDR,ACTIVE,2024-03-04 12:00:00,2024-12-24 12:00:00
W005744,U005744,64516.85,IDR,ACTIVE,2024-06-27 15:00:00,2025-10-05 15:00:00
W005745,U005745,22001.42,IDR,ACTIVE,2025-03-16 21:00:00,2025-05-26 21:00:00
W005746,U005746,296676.41,IDR,ACTIVE,2025-09-22 11:00:00,2026-05-10 11:00:00
W005747,U005747,356439.07,IDR,ACTIVE,2024-10-29 10:00:00,2025-02-28 10:00:00
W005748,U005748,59620.09,IDR,ACTIVE,2025-04-03 13:00:00,2025-09-08 13:00:00
W005749,U005749,106531.15,IDR,ACTIVE,2024-09-11 21:00:00,2024-10-13 21:00:00
W005750,U005750,242778.17,IDR,ACTIVE,2024-01-12 19:00:00,2024-12-12 19:00:00
W005751,U005751,51992.76,IDR,ACTIVE,2026-04-18 06:00:00,2026-08-23 00:00:00
W005752,U005752,100120.8,IDR,ACTIVE,2025-02-23 14:00:00,2026-02-13 14:00:00
W005753,U005753,19745.73,IDR,ACTIVE,2024-09-08 16:00:00,2025-03-27 16:00:00
W005754,U005754,10088.17,IDR,ACTIVE,2026-07-18 18:00:00,2026-08-23 00:00:00
W005755,U005755,151116.24,IDR,ACTIVE,2026-07-24 12:00:00,2026-08-23 00:00:00
W005756,U005756,55165.21,IDR,ACTIVE,2024-07-03 00:00:00,2025-06-07 00:00:00
W005757,U005757,343516.25,IDR,ACTIVE,2025-09-15 07:00:00,2026-05-30 07:00:00
W005758,U005758,33892.15,IDR,ACTIVE,2025-12-17 08:00:00,2026-08-23 00:00:00
W005759,U005759,18376.15,IDR,ACTIVE,2024-04-13 04:00:00,2024-05-12 04:00:00
W005760,U005760,135486.16,IDR,ACTIVE,2024-10-10 02:00:00,2025-06-10 02:00:00
W005761,U005761,310606.89,IDR,ACTIVE,2026-05-31 11:00:00,2026-08-23 00:00:00
W005762,U005762,19928.44,IDR,ACTIVE,2024-05-31 08:00:00,2024-11-11 08:00:00
W005763,U005763,25317.78,IDR,ACTIVE,2025-09-06 19:00:00,2025-09-28 19:00:00
W005764,U005764,231934.65,IDR,ACTIVE,2024-06-06 20:00:00,2024-06-18 20:00:00
W005765,U005765,494653.71,IDR,ACTIVE,2025-09-16 06:00:00,2026-07-31 06:00:00
W005766,U005766,100988.99,IDR,ACTIVE,2025-05-11 11:00:00,2026-06-07 11:00:00
W005767,U005767,31242.23,IDR,ACTIVE,2024-06-09 04:00:00,2025-03-02 04:00:00
W005768,U005768,208943.9,IDR,ACTIVE,2025-11-28 19:00:00,2026-03-31 19:00:00
W005769,U005769,45615.37,IDR,ACTIVE,2026-06-08 10:00:00,2026-08-23 00:00:00
W005770,U005770,32142.52,IDR,ACTIVE,2025-02-23 20:00:00,2026-03-30 20:00:00
W005771,U005771,36635.59,IDR,ACTIVE,2024-10-23 00:00:00,2025-05-07 00:00:00
W005772,U005772,117536.6,IDR,ACTIVE,2024-12-25 15:00:00,2025-04-19 15:00:00
W005773,U005773,62861.17,IDR,ACTIVE,2024-01-16 06:00:00,2025-04-30 06:00:00
W005774,U005774,95173.84,IDR,ACTIVE,2024-11-24 05:00:00,2025-07-09 05:00:00
W005775,U005775,139680.26,IDR,ACTIVE,2024-06-13 10:00:00,2025-08-06 10:00:00
W005776,U005776,47935.22,IDR,ACTIVE,2026-03-14 09:00:00,2026-08-23 00:00:00
W005777,U005777,160039.91,IDR,ACTIVE,2026-07-09 01:00:00,2026-08-23 00:00:00
W005778,U005778,60620.6,IDR,ACTIVE,2026-07-29 22:00:00,2026-08-23 00:00:00
W005779,U005779,37145.35,IDR,FROZEN,2025-01-27 12:00:00,2025-08-15 12:00:00
W005780,U005780,15147.65,IDR,ACTIVE,2024-05-27 19:00:00,2025-03-17 19:00:00
W005781,U005781,46034.71,IDR,ACTIVE,2026-04-20 05:00:00,2026-08-18 05:00:00
W005782,U005782,261381.83,IDR,ACTIVE,2024-10-09 11:00:00,2025-07-16 11:00:00
W005783,U005783,132078.75,IDR,ACTIVE,2026-04-24 23:00:00,2026-08-23 00:00:00
W005784,U005784,94539.29,IDR,ACTIVE,2025-11-03 05:00:00,2025-11-16 05:00:00
W005785,U005785,21451.84,IDR,ACTIVE,2024-12-30 00:00:00,2025-12-13 00:00:00
W005786,U005786,36037.24,IDR,ACTIVE,2026-07-04 20:00:00,2026-08-23 00:00:00
W005787,U005787,113485.24,IDR,ACTIVE,2025-07-12 21:00:00,2026-01-14 21:00:00
W005788,U005788,146216.04,IDR,ACTIVE,2025-06-14 09:00:00,2025-11-16 09:00:00
W005789,U005789,135381.7,IDR,ACTIVE,2026-03-19 17:00:00,2026-08-23 00:00:00
W005790,U005790,77105.29,IDR,ACTIVE,2026-04-04 15:00:00,2026-08-23 00:00:00
W005791,U005791,28253.52,IDR,ACTIVE,2026-01-12 00:00:00,2026-08-23 00:00:00
W005792,U005792,146599.58,IDR,ACTIVE,2024-01-29 01:00:00,2024-08-03 01:00:00
W005793,U005793,35795.71,IDR,ACTIVE,2024-07-13 23:00:00,2025-09-07 23:00:00
W005794,U005794,148819.9,IDR,ACTIVE,2025-04-21 17:00:00,2026-07-03 17:00:00
W005795,U005795,46125.87,IDR,ACTIVE,2025-08-03 00:00:00,2026-08-23 00:00:00
W005796,U005796,322600.63,IDR,ACTIVE,2026-05-12 21:00:00,2026-07-19 21:00:00
W005797,U005797,41711.65,IDR,ACTIVE,2025-06-28 03:00:00,2026-07-02 03:00:00
W005798,U005798,40966.94,IDR,ACTIVE,2024-09-19 14:00:00,2025-05-10 14:00:00
W005799,U005799,55696.41,IDR,ACTIVE,2024-09-25 19:00:00,2025-08-04 19:00:00
W005800,U005800,28634.68,IDR,ACTIVE,2026-07-03 04:00:00,2026-08-23 00:00:00
W005801,U005801,24304.93,IDR,ACTIVE,2024-01-21 23:00:00,2025-04-24 23:00:00
W005802,U005802,27772.62,IDR,ACTIVE,2025-01-18 19:00:00,2026-05-13 19:00:00
W005803,U005803,222259.75,IDR,ACTIVE,2025-03-24 07:00:00,2026-01-11 07:00:00
W005804,U005804,25695.38,IDR,ACTIVE,2025-09-04 00:00:00,2026-08-23 00:00:00
W005805,U005805,41324.2,IDR,ACTIVE,2024-07-27 05:00:00,2024-07-30 05:00:00
W005806,U005806,555794.8,IDR,ACTIVE,2025-02-13 08:00:00,2025-04-08 08:00:00
W005807,U005807,153855.45,IDR,ACTIVE,2026-06-23 01:00:00,2026-08-23 00:00:00
W005808,U005808,150930.97,IDR,ACTIVE,2024-10-16 15:00:00,2024-12-22 15:00:00
W005809,U005809,453172.69,IDR,ACTIVE,2024-03-04 02:00:00,2024-04-01 02:00:00
W005810,U005810,54189.35,IDR,ACTIVE,2026-08-12 19:00:00,2026-08-23 00:00:00
W005811,U005811,10648.74,IDR,ACTIVE,2026-06-12 19:00:00,2026-08-23 00:00:00
W005812,U005812,136164.06,IDR,ACTIVE,2024-11-08 10:00:00,2025-05-09 10:00:00
W005813,U005813,48783.11,IDR,ACTIVE,2025-04-07 04:00:00,2025-11-13 04:00:00
W005814,U005814,562398.07,IDR,ACTIVE,2024-05-14 14:00:00,2024-06-11 14:00:00
W005815,U005815,9588.78,IDR,ACTIVE,2024-03-15 01:00:00,2024-11-22 01:00:00
W005816,U005816,24316.17,IDR,ACTIVE,2026-01-26 13:00:00,2026-08-23 00:00:00
W005817,U005817,34560.11,IDR,ACTIVE,2025-09-15 23:00:00,2026-01-01 23:00:00
W005818,U005818,55216.22,IDR,ACTIVE,2025-10-11 22:00:00,2025-10-22 22:00:00
W005819,U005819,16990.97,IDR,ACTIVE,2024-07-20 05:00:00,2025-01-14 05:00:00
W005820,U005820,85578.8,IDR,ACTIVE,2026-03-27 14:00:00,2026-08-23 00:00:00
W005821,U005821,32847.91,IDR,ACTIVE,2026-06-09 13:00:00,2026-08-23 00:00:00
W005822,U005822,165427.44,IDR,ACTIVE,2024-09-28 19:00:00,2025-08-06 19:00:00
W005823,U005823,240560.27,IDR,ACTIVE,2024-05-20 03:00:00,2025-08-26 03:00:00
W005824,U005824,43646.73,IDR,ACTIVE,2025-09-29 15:00:00,2026-02-22 15:00:00
W005825,U005825,100788.19,IDR,ACTIVE,2025-02-07 05:00:00,2025-03-29 05:00:00
W005826,U005826,60140.49,IDR,ACTIVE,2024-11-06 06:00:00,2025-04-10 06:00:00
W005827,U005827,55869.87,IDR,ACTIVE,2025-06-27 18:00:00,2026-08-23 00:00:00
W005828,U005828,15891.91,IDR,ACTIVE,2024-11-03 11:00:00,2025-08-17 11:00:00
W005829,U005829,52956.63,IDR,ACTIVE,2025-12-30 20:00:00,2026-08-23 00:00:00
W005830,U005830,147609.53,IDR,ACTIVE,2024-02-20 12:00:00,2025-06-13 12:00:00
W005831,U005831,87873.63,IDR,FROZEN,2026-07-28 12:00:00,2026-08-23 00:00:00
W005832,U005832,24881.1,IDR,ACTIVE,2024-03-10 18:00:00,2025-07-11 18:00:00
W005833,U005833,16007.75,IDR,ACTIVE,2024-04-17 19:00:00,2025-08-08 19:00:00
W005834,U005834,51165.54,IDR,ACTIVE,2024-06-06 10:00:00,2025-08-12 10:00:00
W005835,U005835,29198.2,IDR,ACTIVE,2026-02-09 01:00:00,2026-08-23 00:00:00
W005836,U005836,32357.71,IDR,ACTIVE,2025-04-12 18:00:00,2025-09-14 18:00:00
W005837,U005837,29651.65,IDR,ACTIVE,2024-09-20 02:00:00,2025-10-09 02:00:00
W005838,U005838,60939.8,IDR,ACTIVE,2025-02-19 15:00:00,2025-08-24 15:00:00
W005839,U005839,108331.45,IDR,ACTIVE,2026-02-09 14:00:00,2026-08-23 00:00:00
W005840,U005840,28219.41,IDR,ACTIVE,2025-06-20 14:00:00,2026-07-14 14:00:00
W005841,U005841,27133.72,IDR,FROZEN,2025-02-02 22:00:00,2026-03-30 22:00:00
W005842,U005842,18363.24,IDR,ACTIVE,2025-03-31 11:00:00,2026-08-05 11:00:00
W005843,U005843,71363.53,IDR,ACTIVE,2025-10-12 09:00:00,2026-08-23 00:00:00
W005844,U005844,143703.16,IDR,ACTIVE,2024-09-27 11:00:00,2025-07-02 11:00:00
W005845,U005845,53713.3,IDR,ACTIVE,2024-01-20 09:00:00,2024-09-30 09:00:00
W005846,U005846,108889.87,IDR,ACTIVE,2024-12-19 13:00:00,2025-10-13 13:00:00
W005847,U005847,191896.37,IDR,ACTIVE,2025-02-21 21:00:00,2025-08-05 21:00:00
W005848,U005848,76132.51,IDR,ACTIVE,2025-03-10 15:00:00,2025-11-13 15:00:00
W005849,U005849,25435.45,IDR,ACTIVE,2026-07-28 00:00:00,2026-08-23 00:00:00
W005850,U005850,23046.98,IDR,ACTIVE,2024-12-08 17:00:00,2025-07-04 17:00:00
W005851,U005851,26813.43,IDR,CLOSED,2024-03-19 01:00:00,2024-10-07 01:00:00
W005852,U005852,373423.51,IDR,ACTIVE,2024-05-26 19:00:00,2025-06-03 19:00:00
W005853,U005853,525441.01,IDR,ACTIVE,2026-02-25 13:00:00,2026-08-23 00:00:00
W005854,U005854,42036.56,IDR,ACTIVE,2024-11-26 10:00:00,2024-12-30 10:00:00
W005855,U005855,181225.84,IDR,ACTIVE,2025-08-05 11:00:00,2026-05-31 11:00:00
W005856,U005856,220939.8,IDR,ACTIVE,2025-07-01 00:00:00,2025-12-08 00:00:00
W005857,U005857,16206.68,IDR,ACTIVE,2025-10-07 04:00:00,2026-08-23 00:00:00
W005858,U005858,347413.9,IDR,ACTIVE,2025-08-26 13:00:00,2026-05-10 13:00:00
W005859,U005859,47036.47,IDR,ACTIVE,2026-05-10 00:00:00,2026-08-23 00:00:00
W005860,U005860,44847.48,IDR,ACTIVE,2025-04-06 13:00:00,2025-08-18 13:00:00
W005861,U005861,18992.37,IDR,ACTIVE,2026-03-15 19:00:00,2026-08-23 00:00:00
W005862,U005862,376530.56,IDR,ACTIVE,2024-08-21 11:00:00,2024-09-13 11:00:00
W005863,U005863,64395.68,IDR,FROZEN,2026-06-17 17:00:00,2026-07-11 17:00:00
W005864,U005864,331309.59,IDR,FROZEN,2026-03-15 22:00:00,2026-08-23 00:00:00
W005865,U005865,205441.91,IDR,ACTIVE,2025-12-07 00:00:00,2026-08-23 00:00:00
W005866,U005866,42755.66,IDR,ACTIVE,2025-01-03 12:00:00,2025-04-25 12:00:00
W005867,U005867,66513.48,IDR,ACTIVE,2024-02-23 22:00:00,2025-03-29 22:00:00
W005868,U005868,31804.14,IDR,ACTIVE,2025-11-21 16:00:00,2026-05-30 16:00:00
W005869,U005869,35435.28,IDR,ACTIVE,2024-02-12 22:00:00,2024-07-12 22:00:00
W005870,U005870,93118.21,IDR,ACTIVE,2024-11-23 13:00:00,2025-02-03 13:00:00
W005871,U005871,127802.93,IDR,ACTIVE,2026-05-02 10:00:00,2026-05-02 10:00:00
W005872,U005872,10354.01,IDR,ACTIVE,2024-10-13 20:00:00,2025-01-04 20:00:00
W005873,U005873,10600.7,IDR,ACTIVE,2026-06-11 20:00:00,2026-08-23 00:00:00
W005874,U005874,36352.61,IDR,ACTIVE,2026-08-12 05:00:00,2026-08-23 00:00:00
W005875,U005875,79766.89,IDR,ACTIVE,2026-02-26 03:00:00,2026-05-31 03:00:00
W005876,U005876,225317.01,IDR,ACTIVE,2026-02-19 17:00:00,2026-02-25 17:00:00
W005877,U005877,63425.59,IDR,ACTIVE,2024-03-13 18:00:00,2025-05-05 18:00:00
W005878,U005878,46791.01,IDR,CLOSED,2026-06-10 23:00:00,2026-08-23 00:00:00
W005879,U005879,106892.75,IDR,ACTIVE,2024-09-20 22:00:00,2025-11-13 22:00:00
W005880,U005880,25061.83,IDR,ACTIVE,2025-05-17 04:00:00,2026-08-19 04:00:00
W005881,U005881,65029.12,IDR,ACTIVE,2026-06-07 12:00:00,2026-08-23 00:00:00
W005882,U005882,52583.82,IDR,ACTIVE,2025-12-09 23:00:00,2026-01-27 23:00:00
W005883,U005883,70161.12,IDR,ACTIVE,2025-10-19 16:00:00,2026-06-13 16:00:00
W005884,U005884,193969.07,IDR,ACTIVE,2025-09-16 18:00:00,2026-08-23 00:00:00
W005885,U005885,12020.47,IDR,ACTIVE,2025-08-31 20:00:00,2025-10-16 20:00:00
W005886,U005886,55489.61,IDR,ACTIVE,2024-04-19 21:00:00,2024-06-07 21:00:00
W005887,U005887,127250.4,IDR,ACTIVE,2024-10-24 21:00:00,2025-08-25 21:00:00
W005888,U005888,99496.71,IDR,ACTIVE,2026-04-14 08:00:00,2026-08-23 00:00:00
W005889,U005889,12963.19,IDR,ACTIVE,2024-07-07 19:00:00,2024-11-07 19:00:00
W005890,U005890,10558.53,IDR,ACTIVE,2025-05-18 17:00:00,2025-10-25 17:00:00
W005891,U005891,117614.12,IDR,ACTIVE,2025-12-21 20:00:00,2026-08-23 00:00:00
W005892,U005892,3053.27,IDR,ACTIVE,2026-04-09 10:00:00,2026-08-23 00:00:00
W005893,U005893,12484.31,IDR,ACTIVE,2025-02-13 09:00:00,2025-12-02 09:00:00
W005894,U005894,66233.85,IDR,ACTIVE,2025-03-31 20:00:00,2026-06-02 20:00:00
W005895,U005895,179705.21,IDR,ACTIVE,2026-07-09 21:00:00,2026-08-23 00:00:00
W005896,U005896,15271.65,IDR,ACTIVE,2025-05-22 13:00:00,2026-03-20 13:00:00
W005897,U005897,333560.72,IDR,ACTIVE,2025-07-12 07:00:00,2026-08-23 00:00:00
W005898,U005898,113477.84,IDR,FROZEN,2025-08-14 20:00:00,2026-07-11 20:00:00
W005899,U005899,1032000.38,IDR,ACTIVE,2025-06-14 22:00:00,2025-12-04 22:00:00
W005900,U005900,37511.04,IDR,ACTIVE,2025-07-25 04:00:00,2026-05-02 04:00:00
W005901,U005901,237603.17,IDR,ACTIVE,2026-05-24 15:00:00,2026-08-23 00:00:00
W005902,U005902,41517.92,IDR,ACTIVE,2024-08-17 10:00:00,2024-09-26 10:00:00
W005903,U005903,62286.3,IDR,ACTIVE,2024-06-22 00:00:00,2025-04-10 00:00:00
W005904,U005904,31182.16,IDR,ACTIVE,2024-01-11 01:00:00,2024-02-13 01:00:00
W005905,U005905,59422.92,IDR,ACTIVE,2024-06-27 02:00:00,2025-03-08 02:00:00
W005906,U005906,153816.69,IDR,ACTIVE,2025-01-29 09:00:00,2026-02-19 09:00:00
W005907,U005907,348233.33,IDR,ACTIVE,2024-01-05 14:00:00,2024-05-11 14:00:00
W005908,U005908,25837.06,IDR,ACTIVE,2024-03-25 03:00:00,2024-05-04 03:00:00
W005909,U005909,72193.23,IDR,FROZEN,2025-04-09 19:00:00,2025-11-11 19:00:00
W005910,U005910,34949.19,IDR,ACTIVE,2024-11-12 06:00:00,2025-06-16 06:00:00
W005911,U005911,76099.49,IDR,ACTIVE,2024-02-18 18:00:00,2024-11-21 18:00:00
W005912,U005912,180525.43,IDR,ACTIVE,2025-09-18 22:00:00,2025-11-06 22:00:00
W005913,U005913,37790.5,IDR,ACTIVE,2024-09-27 10:00:00,2025-09-04 10:00:00
W005914,U005914,94885.13,IDR,FROZEN,2026-03-29 09:00:00,2026-08-23 00:00:00
W005915,U005915,24429.11,IDR,ACTIVE,2025-12-12 19:00:00,2026-08-23 00:00:00
W005916,U005916,198047.26,IDR,ACTIVE,2025-03-05 20:00:00,2026-05-13 20:00:00
W005917,U005917,132352.71,IDR,ACTIVE,2026-04-18 19:00:00,2026-08-23 00:00:00
W005918,U005918,28406.68,IDR,ACTIVE,2024-06-24 20:00:00,2025-10-29 20:00:00
W005919,U005919,27785.54,IDR,ACTIVE,2025-09-23 01:00:00,2025-10-07 01:00:00
W005920,U005920,254138.59,IDR,ACTIVE,2026-05-17 11:00:00,2026-08-23 00:00:00
W005921,U005921,488575.61,IDR,ACTIVE,2024-01-28 11:00:00,2025-02-28 11:00:00
W005922,U005922,29548.16,IDR,ACTIVE,2024-10-01 06:00:00,2025-02-12 06:00:00
W005923,U005923,155015.03,IDR,ACTIVE,2025-03-13 09:00:00,2025-09-12 09:00:00
W005924,U005924,43139.08,IDR,ACTIVE,2026-07-15 23:00:00,2026-08-23 00:00:00
W005925,U005925,254704.1,IDR,ACTIVE,2025-06-02 02:00:00,2025-06-10 02:00:00
W005926,U005926,45292.38,IDR,ACTIVE,2024-05-08 09:00:00,2024-07-30 09:00:00
W005927,U005927,121242.57,IDR,ACTIVE,2024-08-09 21:00:00,2025-04-26 21:00:00
W005928,U005928,69949.23,IDR,ACTIVE,2024-11-30 02:00:00,2026-02-21 02:00:00
W005929,U005929,8114.39,IDR,ACTIVE,2024-09-01 05:00:00,2025-06-07 05:00:00
W005930,U005930,26073.6,IDR,ACTIVE,2025-07-21 13:00:00,2026-01-01 13:00:00
W005931,U005931,118842.98,IDR,ACTIVE,2026-05-07 18:00:00,2026-05-25 18:00:00
W005932,U005932,104258.87,IDR,ACTIVE,2025-12-03 17:00:00,2026-07-17 17:00:00
W005933,U005933,79720.2,IDR,ACTIVE,2026-08-05 10:00:00,2026-08-23 00:00:00
W005934,U005934,363832.53,IDR,ACTIVE,2024-07-23 22:00:00,2025-01-30 22:00:00
W005935,U005935,143503.41,IDR,ACTIVE,2025-05-10 03:00:00,2025-10-28 03:00:00
W005936,U005936,124921.81,IDR,ACTIVE,2025-06-30 19:00:00,2025-07-24 19:00:00
W005937,U005937,8010.5,IDR,ACTIVE,2025-02-03 06:00:00,2025-09-25 06:00:00
W005938,U005938,151628.63,IDR,ACTIVE,2025-11-14 14:00:00,2026-08-23 00:00:00
W005939,U005939,13589.97,IDR,ACTIVE,2024-01-27 00:00:00,2025-03-30 00:00:00
W005940,U005940,59540.55,IDR,ACTIVE,2025-02-27 18:00:00,2025-09-09 18:00:00
W005941,U005941,13721.51,IDR,ACTIVE,2025-07-03 00:00:00,2026-08-23 00:00:00
W005942,U005942,97403.7,IDR,ACTIVE,2025-01-23 12:00:00,2025-03-11 12:00:00
W005943,U005943,189251.98,IDR,ACTIVE,2025-09-15 13:00:00,2026-07-12 13:00:00
W005944,U005944,54919.02,IDR,ACTIVE,2024-07-17 03:00:00,2024-11-02 03:00:00
W005945,U005945,56706.76,IDR,ACTIVE,2025-08-16 03:00:00,2025-11-11 03:00:00
W005946,U005946,23932.01,IDR,ACTIVE,2024-04-26 08:00:00,2025-06-03 08:00:00
W005947,U005947,185590.71,IDR,ACTIVE,2025-04-29 06:00:00,2025-11-09 06:00:00
W005948,U005948,14875.75,IDR,FROZEN,2024-03-21 10:00:00,2025-08-03 10:00:00
W005949,U005949,69965.11,IDR,ACTIVE,2026-07-29 18:00:00,2026-08-23 00:00:00
W005950,U005950,54173.85,IDR,ACTIVE,2024-09-15 17:00:00,2026-01-24 17:00:00
W005951,U005951,87664.22,IDR,ACTIVE,2024-07-19 15:00:00,2025-03-13 15:00:00
W005952,U005952,135696.43,IDR,FROZEN,2025-09-12 01:00:00,2026-08-23 00:00:00
W005953,U005953,51163.07,IDR,ACTIVE,2024-10-21 18:00:00,2025-09-03 18:00:00
W005954,U005954,152789.18,IDR,FROZEN,2026-08-06 04:00:00,2026-08-23 00:00:00
W005955,U005955,57762.71,IDR,ACTIVE,2025-05-15 21:00:00,2025-07-10 21:00:00
W005956,U005956,84564.56,IDR,ACTIVE,2026-05-14 12:00:00,2026-08-23 00:00:00
W005957,U005957,20417.37,IDR,ACTIVE,2025-12-03 21:00:00,2026-08-23 00:00:00
W005958,U005958,39677.66,IDR,ACTIVE,2025-11-05 19:00:00,2025-11-19 19:00:00
W005959,U005959,12419.11,IDR,ACTIVE,2025-01-19 00:00:00,2026-03-30 00:00:00
W005960,U005960,63772.52,IDR,ACTIVE,2025-01-27 20:00:00,2025-04-28 20:00:00
W005961,U005961,127592.15,IDR,ACTIVE,2025-05-24 13:00:00,2025-07-26 13:00:00
W005962,U005962,48786.78,IDR,ACTIVE,2025-09-17 00:00:00,2025-12-12 00:00:00
W005963,U005963,54505.0,IDR,ACTIVE,2024-04-15 07:00:00,2024-10-13 07:00:00
W005964,U005964,89284.62,IDR,ACTIVE,2025-12-25 21:00:00,2026-03-05 21:00:00
W005965,U005965,99775.59,IDR,FROZEN,2024-04-14 19:00:00,2025-05-09 19:00:00
W005966,U005966,11976.63,IDR,ACTIVE,2024-07-03 11:00:00,2025-04-29 11:00:00
W005967,U005967,33187.99,IDR,ACTIVE,2026-06-14 12:00:00,2026-08-23 00:00:00
W005968,U005968,13631.45,IDR,ACTIVE,2026-04-24 10:00:00,2026-08-23 00:00:00
W005969,U005969,40660.64,IDR,ACTIVE,2026-07-08 06:00:00,2026-08-23 00:00:00
W005970,U005970,287575.63,IDR,ACTIVE,2024-09-06 19:00:00,2025-01-17 19:00:00
W005971,U005971,129511.19,IDR,ACTIVE,2024-01-18 17:00:00,2024-07-13 17:00:00
W005972,U005972,59372.49,IDR,ACTIVE,2026-03-18 21:00:00,2026-08-23 00:00:00
W005973,U005973,396906.14,IDR,ACTIVE,2024-12-26 06:00:00,2025-08-27 06:00:00
W005974,U005974,80869.09,IDR,ACTIVE,2025-10-25 18:00:00,2026-08-23 00:00:00
W005975,U005975,743934.03,IDR,ACTIVE,2025-09-16 22:00:00,2026-08-23 00:00:00
W005976,U005976,68521.79,IDR,ACTIVE,2025-09-17 18:00:00,2026-08-23 00:00:00
W005977,U005977,33043.7,IDR,ACTIVE,2024-05-12 07:00:00,2025-05-21 07:00:00
W005978,U005978,19052.09,IDR,ACTIVE,2025-11-29 23:00:00,2026-07-29 23:00:00
W005979,U005979,115225.0,IDR,ACTIVE,2024-06-07 16:00:00,2025-02-16 16:00:00
W005980,U005980,40267.65,IDR,ACTIVE,2024-01-11 03:00:00,2024-10-24 03:00:00
W005981,U005981,68386.35,IDR,ACTIVE,2026-02-03 02:00:00,2026-08-23 00:00:00
W005982,U005982,96905.86,IDR,ACTIVE,2025-05-10 22:00:00,2026-07-21 22:00:00
W005983,U005983,25923.2,IDR,ACTIVE,2026-01-21 21:00:00,2026-03-06 21:00:00
W005984,U005984,79497.16,IDR,ACTIVE,2024-03-21 23:00:00,2024-07-17 23:00:00
W005985,U005985,49588.94,IDR,ACTIVE,2024-11-01 15:00:00,2025-09-09 15:00:00
W005986,U005986,14344.67,IDR,ACTIVE,2026-02-11 21:00:00,2026-08-23 00:00:00
W005987,U005987,102474.11,IDR,ACTIVE,2025-10-12 06:00:00,2026-01-23 06:00:00
W005988,U005988,117327.04,IDR,ACTIVE,2024-08-15 08:00:00,2024-12-13 08:00:00
W005989,U005989,227403.75,IDR,ACTIVE,2026-06-25 08:00:00,2026-08-05 08:00:00
W005990,U005990,19590.55,IDR,FROZEN,2026-03-14 14:00:00,2026-03-20 14:00:00
W005991,U005991,502785.08,IDR,ACTIVE,2025-12-16 14:00:00,2026-08-23 00:00:00
W005992,U005992,28427.92,IDR,ACTIVE,2024-10-12 04:00:00,2025-06-19 04:00:00
W005993,U005993,544894.93,IDR,FROZEN,2025-03-05 15:00:00,2026-04-04 15:00:00
W005994,U005994,8857.63,IDR,ACTIVE,2026-05-06 13:00:00,2026-08-23 00:00:00
W005995,U005995,61923.19,IDR,ACTIVE,2026-02-05 23:00:00,2026-08-23 00:00:00
W005996,U005996,87721.44,IDR,ACTIVE,2026-04-11 19:00:00,2026-08-23 00:00:00
W005997,U005997,51615.5,IDR,ACTIVE,2024-01-08 16:00:00,2025-01-13 16:00:00
W005998,U005998,19343.5,IDR,ACTIVE,2024-04-28 06:00:00,2025-04-08 06:00:00
W005999,U005999,37419.78,IDR,ACTIVE,2024-02-22 05:00:00,2025-03-05 05:00:00
W006000,U006000,82496.11,IDR,ACTIVE,2026-01-20 16:00:00,2026-08-23 00:00:00
W006001,U006001,607649.65,IDR,ACTIVE,2026-04-16 05:00:00,2026-08-23 00:00:00
W006002,U006002,20209.14,IDR,ACTIVE,2025-02-20 09:00:00,2025-07-14 09:00:00
W006003,U006003,32762.58,IDR,ACTIVE,2025-02-03 09:00:00,2026-01-06 09:00:00
W006004,U006004,15984.24,IDR,ACTIVE,2026-05-19 07:00:00,2026-08-23 00:00:00
W006005,U006005,40570.19,IDR,ACTIVE,2024-01-04 03:00:00,2024-11-08 03:00:00
W006006,U006006,55217.69,IDR,FROZEN,2024-05-03 16:00:00,2025-06-04 16:00:00
W006007,U006007,164451.48,IDR,ACTIVE,2025-12-04 03:00:00,2026-07-04 03:00:00
W006008,U006008,84193.31,IDR,ACTIVE,2025-09-02 18:00:00,2026-03-01 18:00:00
W006009,U006009,271640.54,IDR,ACTIVE,2026-07-25 03:00:00,2026-08-23 00:00:00
W006010,U006010,57702.68,IDR,CLOSED,2024-03-13 09:00:00,2025-07-23 09:00:00
W006011,U006011,3860.34,IDR,ACTIVE,2024-01-05 21:00:00,2025-03-25 21:00:00
W006012,U006012,88275.24,IDR,ACTIVE,2026-07-03 19:00:00,2026-08-23 00:00:00
W006013,U006013,11167.82,IDR,ACTIVE,2025-05-10 00:00:00,2026-05-05 00:00:00
W006014,U006014,158753.37,IDR,ACTIVE,2026-04-20 05:00:00,2026-08-23 00:00:00
W006015,U006015,57777.89,IDR,ACTIVE,2026-04-29 05:00:00,2026-07-06 05:00:00
W006016,U006016,31438.77,IDR,ACTIVE,2026-04-19 03:00:00,2026-08-23 00:00:00
W006017,U006017,18033.82,IDR,ACTIVE,2026-07-03 22:00:00,2026-08-23 00:00:00
W006018,U006018,35911.12,IDR,FROZEN,2024-03-04 20:00:00,2025-05-02 20:00:00
W006019,U006019,55163.54,IDR,ACTIVE,2024-02-02 20:00:00,2025-03-10 20:00:00
W006020,U006020,415560.81,IDR,ACTIVE,2026-04-19 07:00:00,2026-08-23 00:00:00
W006021,U006021,50717.77,IDR,ACTIVE,2025-05-15 21:00:00,2025-10-03 21:00:00
W006022,U006022,74618.61,IDR,ACTIVE,2025-08-16 08:00:00,2025-09-02 08:00:00
W006023,U006023,53615.85,IDR,ACTIVE,2025-01-02 01:00:00,2026-03-07 01:00:00
W006024,U006024,74785.38,IDR,FROZEN,2024-03-28 23:00:00,2025-03-04 23:00:00
W006025,U006025,70305.92,IDR,ACTIVE,2025-12-29 18:00:00,2026-03-26 18:00:00
W006026,U006026,58796.24,IDR,ACTIVE,2026-02-21 22:00:00,2026-08-23 00:00:00
W006027,U006027,30463.62,IDR,ACTIVE,2026-01-29 02:00:00,2026-08-23 00:00:00
W006028,U006028,119862.05,IDR,ACTIVE,2026-05-17 07:00:00,2026-08-23 00:00:00
W006029,U006029,20203.05,IDR,ACTIVE,2024-09-19 16:00:00,2024-11-16 16:00:00
W006030,U006030,97885.91,IDR,ACTIVE,2024-12-11 13:00:00,2025-08-24 13:00:00
W006031,U006031,122371.49,IDR,ACTIVE,2024-08-13 05:00:00,2024-09-06 05:00:00
W006032,U006032,9338.26,IDR,ACTIVE,2024-06-04 20:00:00,2025-08-27 20:00:00
W006033,U006033,18540.59,IDR,ACTIVE,2025-03-05 04:00:00,2026-01-12 04:00:00
W006034,U006034,10417.96,IDR,ACTIVE,2024-03-16 15:00:00,2025-01-25 15:00:00
W006035,U006035,215800.23,IDR,ACTIVE,2025-01-10 17:00:00,2025-07-17 17:00:00
W006036,U006036,34638.19,IDR,ACTIVE,2025-09-19 12:00:00,2025-12-17 12:00:00
W006037,U006037,202522.89,IDR,ACTIVE,2024-09-03 02:00:00,2025-03-19 02:00:00
W006038,U006038,42184.54,IDR,ACTIVE,2024-12-17 00:00:00,2025-11-06 00:00:00
W006039,U006039,21724.72,IDR,ACTIVE,2025-02-27 13:00:00,2025-05-22 13:00:00
W006040,U006040,29041.9,IDR,ACTIVE,2024-03-29 16:00:00,2024-06-07 16:00:00
W006041,U006041,68979.13,IDR,ACTIVE,2024-04-08 04:00:00,2024-08-23 04:00:00
W006042,U006042,120952.88,IDR,ACTIVE,2026-06-08 14:00:00,2026-08-23 00:00:00
W006043,U006043,60767.84,IDR,ACTIVE,2025-08-26 12:00:00,2026-04-04 12:00:00
W006044,U006044,152587.64,IDR,ACTIVE,2025-09-25 23:00:00,2026-08-16 23:00:00
W006045,U006045,49583.24,IDR,ACTIVE,2026-06-16 10:00:00,2026-08-23 00:00:00
W006046,U006046,55330.15,IDR,ACTIVE,2024-01-22 12:00:00,2024-04-09 12:00:00
W006047,U006047,27351.1,IDR,CLOSED,2025-04-14 04:00:00,2025-06-12 04:00:00
W006048,U006048,24770.35,IDR,ACTIVE,2026-01-27 07:00:00,2026-08-23 00:00:00
W006049,U006049,130061.85,IDR,ACTIVE,2024-12-03 10:00:00,2024-12-25 10:00:00
W006050,U006050,20267.99,IDR,ACTIVE,2025-09-17 03:00:00,2025-11-09 03:00:00
W006051,U006051,42078.79,IDR,ACTIVE,2025-09-03 08:00:00,2026-01-12 08:00:00
W006052,U006052,137137.65,IDR,ACTIVE,2025-09-08 12:00:00,2026-06-12 12:00:00
W006053,U006053,12151.09,IDR,ACTIVE,2025-08-01 18:00:00,2026-01-15 18:00:00
W006054,U006054,222509.28,IDR,ACTIVE,2024-05-16 18:00:00,2024-07-22 18:00:00
W006055,U006055,22027.63,IDR,ACTIVE,2026-04-28 02:00:00,2026-08-23 00:00:00
W006056,U006056,223548.56,IDR,ACTIVE,2024-12-04 09:00:00,2025-08-21 09:00:00
W006057,U006057,20236.51,IDR,ACTIVE,2024-07-04 18:00:00,2024-11-12 18:00:00
W006058,U006058,129719.78,IDR,ACTIVE,2025-01-04 08:00:00,2025-12-12 08:00:00
W006059,U006059,33733.42,IDR,ACTIVE,2025-07-22 18:00:00,2025-12-11 18:00:00
W006060,U006060,436932.57,IDR,ACTIVE,2025-02-13 19:00:00,2025-09-25 19:00:00
W006061,U006061,46483.44,IDR,ACTIVE,2025-12-15 11:00:00,2026-05-14 11:00:00
W006062,U006062,17969.54,IDR,ACTIVE,2025-12-28 04:00:00,2026-08-23 00:00:00
W006063,U006063,97976.55,IDR,ACTIVE,2026-06-11 09:00:00,2026-08-23 00:00:00
W006064,U006064,37396.29,IDR,ACTIVE,2026-04-09 09:00:00,2026-06-12 09:00:00
W006065,U006065,108898.83,IDR,ACTIVE,2025-12-22 03:00:00,2026-08-08 03:00:00
W006066,U006066,219516.19,IDR,ACTIVE,2026-07-07 13:00:00,2026-08-23 00:00:00
W006067,U006067,133694.96,IDR,ACTIVE,2025-05-12 08:00:00,2026-03-08 08:00:00
W006068,U006068,11542.12,IDR,ACTIVE,2025-05-26 08:00:00,2026-07-16 08:00:00
W006069,U006069,19864.85,IDR,ACTIVE,2024-01-27 10:00:00,2024-03-18 10:00:00
W006070,U006070,76761.8,IDR,ACTIVE,2026-04-03 09:00:00,2026-08-13 09:00:00
W006071,U006071,85304.45,IDR,ACTIVE,2025-05-28 13:00:00,2026-05-18 13:00:00
W006072,U006072,5275.81,IDR,ACTIVE,2026-07-17 15:00:00,2026-08-23 00:00:00
W006073,U006073,16432.79,IDR,ACTIVE,2026-02-07 02:00:00,2026-08-23 00:00:00
W006074,U006074,21649.87,IDR,ACTIVE,2025-05-05 23:00:00,2025-10-14 23:00:00
W006075,U006075,239613.06,IDR,ACTIVE,2024-01-19 10:00:00,2024-03-27 10:00:00
W006076,U006076,30250.17,IDR,ACTIVE,2025-10-16 16:00:00,2026-08-23 00:00:00
W006077,U006077,120002.46,IDR,ACTIVE,2026-04-23 17:00:00,2026-08-23 00:00:00
W006078,U006078,184846.52,IDR,FROZEN,2024-01-18 09:00:00,2024-07-30 09:00:00
W006079,U006079,29223.72,IDR,ACTIVE,2025-10-17 00:00:00,2026-08-23 00:00:00
W006080,U006080,53414.08,IDR,ACTIVE,2024-11-03 19:00:00,2025-02-28 19:00:00
W006081,U006081,120382.9,IDR,ACTIVE,2026-02-21 08:00:00,2026-06-22 08:00:00
W006082,U006082,11452.51,IDR,ACTIVE,2025-08-04 15:00:00,2026-08-23 00:00:00
W006083,U006083,44030.14,IDR,ACTIVE,2024-04-17 09:00:00,2024-07-05 09:00:00
W006084,U006084,207719.09,IDR,ACTIVE,2025-10-19 07:00:00,2026-08-23 00:00:00
W006085,U006085,83117.43,IDR,ACTIVE,2024-03-26 03:00:00,2024-07-18 03:00:00
W006086,U006086,84080.5,IDR,ACTIVE,2024-10-06 22:00:00,2025-08-13 22:00:00
W006087,U006087,153469.39,IDR,ACTIVE,2024-11-22 15:00:00,2025-05-15 15:00:00
W006088,U006088,33218.31,IDR,ACTIVE,2026-06-01 16:00:00,2026-08-23 00:00:00
W006089,U006089,20954.03,IDR,ACTIVE,2025-02-16 06:00:00,2025-10-23 06:00:00
W006090,U006090,78373.03,IDR,CLOSED,2025-05-12 15:00:00,2026-08-13 15:00:00
W006091,U006091,35652.14,IDR,ACTIVE,2024-07-10 23:00:00,2025-08-11 23:00:00
W006092,U006092,33528.29,IDR,ACTIVE,2026-06-14 23:00:00,2026-08-15 23:00:00
W006093,U006093,20366.28,IDR,ACTIVE,2025-04-12 08:00:00,2026-06-13 08:00:00
W006094,U006094,97019.28,IDR,ACTIVE,2025-08-26 05:00:00,2026-01-04 05:00:00
W006095,U006095,47831.75,IDR,ACTIVE,2024-12-31 05:00:00,2025-06-11 05:00:00
W006096,U006096,20775.91,IDR,ACTIVE,2026-05-19 22:00:00,2026-08-23 00:00:00
W006097,U006097,164243.18,IDR,ACTIVE,2024-01-13 21:00:00,2024-04-29 21:00:00
W006098,U006098,41398.5,IDR,ACTIVE,2025-01-13 03:00:00,2025-04-18 03:00:00
W006099,U006099,99535.27,IDR,ACTIVE,2024-05-18 15:00:00,2024-07-27 15:00:00
W006100,U006100,315749.99,IDR,ACTIVE,2024-01-10 07:00:00,2025-05-23 07:00:00
W006101,U006101,161127.44,IDR,ACTIVE,2026-07-27 04:00:00,2026-08-18 04:00:00
W006102,U006102,275213.73,IDR,ACTIVE,2025-01-11 09:00:00,2026-04-23 09:00:00
W006103,U006103,157553.91,IDR,ACTIVE,2026-07-26 19:00:00,2026-08-23 00:00:00
W006104,U006104,44237.98,IDR,ACTIVE,2024-07-27 06:00:00,2025-09-21 06:00:00
W006105,U006105,25916.05,IDR,ACTIVE,2024-03-04 01:00:00,2025-06-29 01:00:00
W006106,U006106,42099.14,IDR,ACTIVE,2024-09-13 01:00:00,2025-11-25 01:00:00
W006107,U006107,45103.14,IDR,ACTIVE,2025-08-08 07:00:00,2025-10-29 07:00:00
W006108,U006108,217799.62,IDR,ACTIVE,2025-11-13 19:00:00,2026-08-23 00:00:00
W006109,U006109,36501.89,IDR,ACTIVE,2025-06-11 17:00:00,2026-05-16 17:00:00
W006110,U006110,16574.66,IDR,ACTIVE,2024-08-02 17:00:00,2025-11-07 17:00:00
W006111,U006111,73997.93,IDR,ACTIVE,2024-05-26 14:00:00,2024-09-10 14:00:00
W006112,U006112,61941.02,IDR,ACTIVE,2025-10-19 11:00:00,2026-01-08 11:00:00
W006113,U006113,27111.79,IDR,ACTIVE,2024-09-29 00:00:00,2025-06-27 00:00:00
W006114,U006114,39654.02,IDR,ACTIVE,2024-08-03 16:00:00,2024-11-07 16:00:00
W006115,U006115,285691.69,IDR,FROZEN,2026-07-30 14:00:00,2026-08-23 00:00:00
W006116,U006116,96589.37,IDR,ACTIVE,2025-05-30 21:00:00,2026-08-23 00:00:00
W006117,U006117,42712.67,IDR,ACTIVE,2025-05-26 05:00:00,2026-08-23 00:00:00
W006118,U006118,26952.04,IDR,ACTIVE,2024-07-17 07:00:00,2024-10-06 07:00:00
W006119,U006119,514609.71,IDR,ACTIVE,2025-11-18 16:00:00,2026-08-23 00:00:00
W006120,U006120,364500.17,IDR,ACTIVE,2026-08-05 11:00:00,2026-08-23 00:00:00
W006121,U006121,146247.54,IDR,ACTIVE,2026-05-06 23:00:00,2026-06-06 23:00:00
W006122,U006122,47163.85,IDR,ACTIVE,2024-02-17 16:00:00,2024-08-12 16:00:00
W006123,U006123,25798.9,IDR,ACTIVE,2025-03-19 18:00:00,2026-03-15 18:00:00
W006124,U006124,26687.39,IDR,ACTIVE,2024-08-30 18:00:00,2025-05-21 18:00:00
W006125,U006125,46611.01,IDR,ACTIVE,2024-07-20 21:00:00,2024-09-05 21:00:00
W006126,U006126,36376.46,IDR,ACTIVE,2025-12-28 03:00:00,2026-08-23 00:00:00
W006127,U006127,57857.78,IDR,ACTIVE,2025-10-05 19:00:00,2026-08-18 19:00:00
W006128,U006128,55142.14,IDR,ACTIVE,2025-09-17 05:00:00,2026-07-01 05:00:00
W006129,U006129,22395.68,IDR,ACTIVE,2024-02-13 15:00:00,2025-04-06 15:00:00
W006130,U006130,23100.32,IDR,FROZEN,2026-05-19 17:00:00,2026-08-23 00:00:00
W006131,U006131,43107.26,IDR,ACTIVE,2025-08-11 04:00:00,2026-08-23 00:00:00
W006132,U006132,53726.69,IDR,ACTIVE,2026-08-14 00:00:00,2026-08-23 00:00:00
W006133,U006133,257552.75,IDR,ACTIVE,2026-02-22 06:00:00,2026-06-04 06:00:00
W006134,U006134,78387.79,IDR,ACTIVE,2025-03-24 18:00:00,2026-04-09 18:00:00
W006135,U006135,75467.82,IDR,ACTIVE,2026-01-06 10:00:00,2026-06-28 10:00:00
W006136,U006136,81611.83,IDR,ACTIVE,2025-02-23 09:00:00,2025-06-03 09:00:00
W006137,U006137,191426.87,IDR,ACTIVE,2026-01-05 09:00:00,2026-08-23 00:00:00
W006138,U006138,3085829.35,IDR,ACTIVE,2025-10-16 14:00:00,2026-08-23 00:00:00
W006139,U006139,33824.93,IDR,ACTIVE,2024-01-04 19:00:00,2024-08-18 19:00:00
W006140,U006140,464005.6,IDR,ACTIVE,2025-01-15 20:00:00,2025-01-21 20:00:00
W006141,U006141,14658.69,IDR,ACTIVE,2026-03-01 01:00:00,2026-08-23 00:00:00
W006142,U006142,43539.91,IDR,ACTIVE,2025-11-28 21:00:00,2026-08-23 00:00:00
W006143,U006143,20390.68,IDR,CLOSED,2026-01-24 05:00:00,2026-06-22 05:00:00
W006144,U006144,116236.6,IDR,ACTIVE,2024-12-04 08:00:00,2026-01-04 08:00:00
W006145,U006145,156112.58,IDR,ACTIVE,2026-07-19 20:00:00,2026-08-23 00:00:00
W006146,U006146,16604.74,IDR,ACTIVE,2026-07-04 00:00:00,2026-08-23 00:00:00
W006147,U006147,179131.14,IDR,ACTIVE,2024-01-25 02:00:00,2025-01-07 02:00:00
W006148,U006148,83663.46,IDR,ACTIVE,2024-11-20 14:00:00,2025-03-15 14:00:00
W006149,U006149,136392.9,IDR,ACTIVE,2024-12-02 12:00:00,2025-03-10 12:00:00
W006150,U006150,211282.56,IDR,ACTIVE,2026-07-06 04:00:00,2026-08-23 00:00:00
W006151,U006151,119875.75,IDR,ACTIVE,2024-06-07 07:00:00,2024-06-08 07:00:00
W006152,U006152,14065.34,IDR,ACTIVE,2025-05-28 16:00:00,2026-04-28 16:00:00
W006153,U006153,39519.5,IDR,ACTIVE,2025-06-13 15:00:00,2026-07-09 15:00:00
W006154,U006154,15735.4,IDR,FROZEN,2024-01-07 09:00:00,2024-05-16 09:00:00
W006155,U006155,8614.48,IDR,ACTIVE,2025-12-01 16:00:00,2026-04-02 16:00:00
W006156,U006156,19236.33,IDR,ACTIVE,2026-07-09 23:00:00,2026-07-23 23:00:00
W006157,U006157,42605.15,IDR,ACTIVE,2024-09-09 03:00:00,2025-12-11 03:00:00
W006158,U006158,419449.52,IDR,ACTIVE,2026-02-21 02:00:00,2026-08-23 00:00:00
W006159,U006159,57001.1,IDR,ACTIVE,2026-03-08 11:00:00,2026-08-23 00:00:00
W006160,U006160,84333.21,IDR,ACTIVE,2024-11-16 17:00:00,2026-03-13 17:00:00
W006161,U006161,34846.41,IDR,ACTIVE,2025-05-29 13:00:00,2026-08-23 00:00:00
W006162,U006162,47662.27,IDR,ACTIVE,2026-03-24 02:00:00,2026-04-18 02:00:00
W006163,U006163,62811.21,IDR,ACTIVE,2024-11-06 09:00:00,2026-01-15 09:00:00
W006164,U006164,45175.57,IDR,ACTIVE,2025-04-20 18:00:00,2026-01-02 18:00:00
W006165,U006165,104082.92,IDR,ACTIVE,2024-02-10 05:00:00,2024-10-08 05:00:00
W006166,U006166,31468.79,IDR,ACTIVE,2025-01-10 08:00:00,2025-06-07 08:00:00
W006167,U006167,14746.28,IDR,ACTIVE,2025-11-23 19:00:00,2026-05-26 19:00:00
W006168,U006168,12204.62,IDR,ACTIVE,2024-07-04 01:00:00,2025-02-14 01:00:00
W006169,U006169,143063.7,IDR,FROZEN,2024-08-07 18:00:00,2025-06-01 18:00:00
W006170,U006170,5530.36,IDR,ACTIVE,2025-09-16 02:00:00,2026-03-17 02:00:00
W006171,U006171,46860.71,IDR,ACTIVE,2025-10-12 17:00:00,2026-01-27 17:00:00
W006172,U006172,19888.72,IDR,ACTIVE,2025-11-29 02:00:00,2026-08-23 00:00:00
W006173,U006173,108218.96,IDR,ACTIVE,2026-03-25 14:00:00,2026-08-23 00:00:00
W006174,U006174,58738.28,IDR,ACTIVE,2025-05-26 18:00:00,2025-11-24 18:00:00
W006175,U006175,60221.52,IDR,ACTIVE,2024-09-24 13:00:00,2025-04-19 13:00:00
W006176,U006176,65519.98,IDR,ACTIVE,2025-03-03 01:00:00,2026-06-22 01:00:00
W006177,U006177,63338.29,IDR,ACTIVE,2025-08-23 17:00:00,2025-09-16 17:00:00
W006178,U006178,14710.73,IDR,ACTIVE,2026-03-20 11:00:00,2026-08-08 11:00:00
W006179,U006179,36737.52,IDR,ACTIVE,2025-07-10 00:00:00,2026-07-29 00:00:00
W006180,U006180,24874.53,IDR,ACTIVE,2025-07-02 14:00:00,2026-02-11 14:00:00
W006181,U006181,29139.13,IDR,ACTIVE,2024-08-28 01:00:00,2024-10-26 01:00:00
W006182,U006182,64260.28,IDR,ACTIVE,2026-03-08 04:00:00,2026-06-29 04:00:00
W006183,U006183,144091.76,IDR,ACTIVE,2024-11-09 12:00:00,2025-01-18 12:00:00
W006184,U006184,138586.21,IDR,ACTIVE,2024-12-29 15:00:00,2025-07-05 15:00:00
W006185,U006185,76005.24,IDR,ACTIVE,2024-03-06 00:00:00,2024-03-23 00:00:00
W006186,U006186,38815.25,IDR,ACTIVE,2024-01-31 06:00:00,2024-08-15 06:00:00
W006187,U006187,60145.94,IDR,FROZEN,2024-10-29 17:00:00,2025-04-25 17:00:00
W006188,U006188,120257.13,IDR,ACTIVE,2024-08-28 09:00:00,2024-12-28 09:00:00
W006189,U006189,28979.16,IDR,ACTIVE,2025-10-02 15:00:00,2026-08-23 00:00:00
W006190,U006190,57686.71,IDR,ACTIVE,2025-05-31 17:00:00,2025-10-16 17:00:00
W006191,U006191,34565.68,IDR,ACTIVE,2026-08-08 20:00:00,2026-08-23 00:00:00
W006192,U006192,28580.77,IDR,ACTIVE,2025-03-07 23:00:00,2026-02-24 23:00:00
W006193,U006193,54352.76,IDR,FROZEN,2025-02-24 08:00:00,2026-04-10 08:00:00
W006194,U006194,39010.19,IDR,ACTIVE,2024-04-13 16:00:00,2024-05-21 16:00:00
W006195,U006195,77761.72,IDR,ACTIVE,2025-06-07 07:00:00,2026-08-21 07:00:00
W006196,U006196,39556.44,IDR,ACTIVE,2025-02-21 05:00:00,2025-04-16 05:00:00
W006197,U006197,49663.65,IDR,ACTIVE,2025-08-27 18:00:00,2026-08-23 00:00:00
W006198,U006198,14694.59,IDR,ACTIVE,2024-01-21 17:00:00,2024-04-11 17:00:00
W006199,U006199,126287.52,IDR,ACTIVE,2025-12-21 13:00:00,2026-03-30 13:00:00
W006200,U006200,128862.83,IDR,ACTIVE,2026-02-04 04:00:00,2026-07-23 04:00:00
W006201,U006201,24837.99,IDR,ACTIVE,2025-05-15 02:00:00,2025-07-25 02:00:00
W006202,U006202,26894.02,IDR,ACTIVE,2024-01-04 21:00:00,2024-09-26 21:00:00
W006203,U006203,67680.62,IDR,ACTIVE,2024-08-16 23:00:00,2025-11-04 23:00:00
W006204,U006204,35752.16,IDR,ACTIVE,2026-07-21 23:00:00,2026-08-23 00:00:00
W006205,U006205,75270.92,IDR,ACTIVE,2025-03-11 04:00:00,2025-09-21 04:00:00
W006206,U006206,231412.54,IDR,ACTIVE,2024-10-24 07:00:00,2025-06-06 07:00:00
W006207,U006207,25943.11,IDR,ACTIVE,2024-03-04 11:00:00,2024-03-22 11:00:00
W006208,U006208,137203.92,IDR,FROZEN,2025-11-15 14:00:00,2026-08-23 00:00:00
W006209,U006209,22171.58,IDR,ACTIVE,2025-03-20 17:00:00,2026-03-25 17:00:00
W006210,U006210,29014.77,IDR,ACTIVE,2025-07-17 21:00:00,2026-01-12 21:00:00
W006211,U006211,68237.11,IDR,ACTIVE,2025-04-24 04:00:00,2026-02-12 04:00:00
W006212,U006212,102852.48,IDR,ACTIVE,2025-02-19 10:00:00,2025-07-13 10:00:00
W006213,U006213,223294.61,IDR,ACTIVE,2024-01-07 10:00:00,2025-05-09 10:00:00
W006214,U006214,326231.81,IDR,ACTIVE,2025-09-09 21:00:00,2026-01-29 21:00:00
W006215,U006215,43126.4,IDR,ACTIVE,2025-10-15 12:00:00,2026-02-05 12:00:00
W006216,U006216,57091.06,IDR,CLOSED,2024-09-18 13:00:00,2025-07-23 13:00:00
W006217,U006217,79313.62,IDR,ACTIVE,2026-05-02 09:00:00,2026-08-23 00:00:00
W006218,U006218,54680.0,IDR,ACTIVE,2025-10-15 19:00:00,2026-08-23 00:00:00
W006219,U006219,42693.98,IDR,ACTIVE,2026-03-13 06:00:00,2026-08-23 00:00:00
W006220,U006220,33656.95,IDR,ACTIVE,2024-10-26 07:00:00,2025-04-25 07:00:00
W006221,U006221,104327.91,IDR,ACTIVE,2025-09-19 09:00:00,2025-12-09 09:00:00
W006222,U006222,225327.23,IDR,ACTIVE,2025-07-31 14:00:00,2025-10-20 14:00:00
W006223,U006223,13285.5,IDR,ACTIVE,2026-02-17 13:00:00,2026-08-23 00:00:00
W006224,U006224,46066.26,IDR,ACTIVE,2025-08-16 12:00:00,2026-08-23 00:00:00
W006225,U006225,13545.88,IDR,ACTIVE,2026-05-24 05:00:00,2026-08-23 00:00:00
W006226,U006226,97999.67,IDR,ACTIVE,2026-05-04 15:00:00,2026-08-23 00:00:00
W006227,U006227,28399.35,IDR,ACTIVE,2025-12-15 15:00:00,2026-05-19 15:00:00
W006228,U006228,191228.11,IDR,ACTIVE,2026-01-07 14:00:00,2026-08-23 00:00:00
W006229,U006229,49524.45,IDR,CLOSED,2026-02-19 08:00:00,2026-08-23 00:00:00
W006230,U006230,99345.95,IDR,FROZEN,2026-06-10 10:00:00,2026-08-23 00:00:00
W006231,U006231,25435.28,IDR,ACTIVE,2025-05-06 04:00:00,2025-10-03 04:00:00
W006232,U006232,65518.22,IDR,ACTIVE,2025-11-28 05:00:00,2026-08-23 00:00:00
W006233,U006233,64800.84,IDR,ACTIVE,2025-03-11 11:00:00,2026-01-10 11:00:00
W006234,U006234,84508.66,IDR,ACTIVE,2026-06-22 08:00:00,2026-08-23 00:00:00
W006235,U006235,31595.94,IDR,ACTIVE,2025-10-15 11:00:00,2026-03-11 11:00:00
W006236,U006236,5894.39,IDR,ACTIVE,2024-11-12 14:00:00,2025-08-11 14:00:00
W006237,U006237,172999.13,IDR,ACTIVE,2024-11-22 12:00:00,2025-04-10 12:00:00
W006238,U006238,79609.28,IDR,ACTIVE,2024-04-10 15:00:00,2024-05-22 15:00:00
W006239,U006239,212943.17,IDR,ACTIVE,2024-04-02 20:00:00,2025-07-20 20:00:00
W006240,U006240,14964.56,IDR,ACTIVE,2026-08-04 01:00:00,2026-08-23 00:00:00
W006241,U006241,66067.86,IDR,ACTIVE,2025-09-23 06:00:00,2026-02-18 06:00:00
W006242,U006242,47763.49,IDR,ACTIVE,2024-11-17 19:00:00,2025-07-23 19:00:00
W006243,U006243,335276.12,IDR,ACTIVE,2024-01-27 02:00:00,2024-03-22 02:00:00
W006244,U006244,106821.34,IDR,ACTIVE,2024-05-04 01:00:00,2024-07-05 01:00:00
W006245,U006245,55528.28,IDR,ACTIVE,2025-09-13 12:00:00,2026-08-23 00:00:00
W006246,U006246,100171.62,IDR,ACTIVE,2024-06-27 07:00:00,2025-09-24 07:00:00
W006247,U006247,37740.42,IDR,CLOSED,2024-05-19 19:00:00,2024-11-24 19:00:00
W006248,U006248,87969.95,IDR,ACTIVE,2026-04-18 02:00:00,2026-06-06 02:00:00
W006249,U006249,630779.35,IDR,ACTIVE,2024-07-28 20:00:00,2025-08-06 20:00:00
W006250,U006250,33349.33,IDR,ACTIVE,2024-01-13 10:00:00,2024-06-04 10:00:00
W006251,U006251,64996.38,IDR,ACTIVE,2026-07-14 08:00:00,2026-07-16 08:00:00
W006252,U006252,27440.71,IDR,ACTIVE,2026-06-29 11:00:00,2026-07-10 11:00:00
W006253,U006253,23496.41,IDR,ACTIVE,2024-08-17 23:00:00,2024-12-28 23:00:00
W006254,U006254,138769.24,IDR,ACTIVE,2026-07-31 20:00:00,2026-08-23 00:00:00
W006255,U006255,19002.72,IDR,ACTIVE,2025-03-05 01:00:00,2026-02-28 01:00:00
W006256,U006256,86580.03,IDR,ACTIVE,2025-01-13 13:00:00,2026-03-17 13:00:00
W006257,U006257,129747.0,IDR,ACTIVE,2025-10-17 00:00:00,2026-07-15 00:00:00
W006258,U006258,39207.47,IDR,ACTIVE,2026-03-06 07:00:00,2026-08-23 00:00:00
W006259,U006259,204457.48,IDR,ACTIVE,2024-12-17 22:00:00,2026-01-04 22:00:00
W006260,U006260,184597.0,IDR,ACTIVE,2025-11-24 11:00:00,2026-08-08 11:00:00
W006261,U006261,39009.93,IDR,ACTIVE,2024-06-08 07:00:00,2025-01-12 07:00:00
W006262,U006262,16595.96,IDR,ACTIVE,2024-06-05 10:00:00,2024-10-17 10:00:00
W006263,U006263,93568.29,IDR,ACTIVE,2024-03-09 17:00:00,2024-10-24 17:00:00
W006264,U006264,53906.08,IDR,ACTIVE,2024-02-21 19:00:00,2024-10-07 19:00:00
W006265,U006265,68900.99,IDR,ACTIVE,2026-03-28 18:00:00,2026-08-23 00:00:00
W006266,U006266,92541.79,IDR,ACTIVE,2024-03-12 15:00:00,2024-07-23 15:00:00
W006267,U006267,14220.7,IDR,ACTIVE,2026-04-14 11:00:00,2026-08-23 00:00:00
W006268,U006268,37029.0,IDR,ACTIVE,2025-04-29 05:00:00,2026-03-18 05:00:00
W006269,U006269,294446.34,IDR,ACTIVE,2024-03-22 20:00:00,2024-04-20 20:00:00
W006270,U006270,71009.29,IDR,ACTIVE,2024-12-20 09:00:00,2025-04-08 09:00:00
W006271,U006271,99097.54,IDR,ACTIVE,2024-11-05 16:00:00,2025-01-29 16:00:00
W006272,U006272,65198.77,IDR,ACTIVE,2025-05-19 10:00:00,2025-12-11 10:00:00
W006273,U006273,96106.79,IDR,ACTIVE,2026-06-26 08:00:00,2026-08-23 00:00:00
W006274,U006274,180267.17,IDR,ACTIVE,2025-11-25 21:00:00,2026-08-22 21:00:00
W006275,U006275,9064.65,IDR,ACTIVE,2024-12-27 01:00:00,2026-02-13 01:00:00
W006276,U006276,120873.89,IDR,ACTIVE,2026-03-08 14:00:00,2026-08-23 00:00:00
W006277,U006277,54645.31,IDR,CLOSED,2026-01-06 13:00:00,2026-08-23 00:00:00
W006278,U006278,144420.04,IDR,ACTIVE,2025-10-20 05:00:00,2026-08-23 00:00:00
W006279,U006279,40497.7,IDR,ACTIVE,2024-12-05 07:00:00,2025-01-03 07:00:00
W006280,U006280,39020.71,IDR,ACTIVE,2025-05-13 03:00:00,2025-10-30 03:00:00
W006281,U006281,18371.55,IDR,ACTIVE,2026-02-27 00:00:00,2026-08-23 00:00:00
W006282,U006282,56048.8,IDR,ACTIVE,2025-07-06 14:00:00,2026-03-30 14:00:00
W006283,U006283,17374.26,IDR,ACTIVE,2024-09-07 19:00:00,2025-01-18 19:00:00
W006284,U006284,51461.23,IDR,ACTIVE,2026-03-02 03:00:00,2026-04-26 03:00:00
W006285,U006285,68814.41,IDR,ACTIVE,2024-08-02 07:00:00,2025-07-15 07:00:00
W006286,U006286,29428.47,IDR,ACTIVE,2025-07-26 09:00:00,2026-02-22 09:00:00
W006287,U006287,12923.79,IDR,ACTIVE,2024-12-19 02:00:00,2025-11-14 02:00:00
W006288,U006288,10492.65,IDR,ACTIVE,2024-05-22 20:00:00,2025-03-06 20:00:00
W006289,U006289,22546.21,IDR,ACTIVE,2025-06-24 18:00:00,2025-09-11 18:00:00
W006290,U006290,9898.72,IDR,ACTIVE,2024-11-19 10:00:00,2025-02-14 10:00:00
W006291,U006291,66992.63,IDR,ACTIVE,2026-01-01 14:00:00,2026-08-23 00:00:00
W006292,U006292,654661.37,IDR,ACTIVE,2024-10-01 00:00:00,2025-12-24 00:00:00
W006293,U006293,18086.93,IDR,ACTIVE,2026-06-08 23:00:00,2026-08-22 23:00:00
W006294,U006294,896889.5,IDR,ACTIVE,2026-08-07 19:00:00,2026-08-23 00:00:00
W006295,U006295,64527.83,IDR,ACTIVE,2025-11-18 19:00:00,2026-08-23 00:00:00
W006296,U006296,78709.69,IDR,ACTIVE,2024-09-08 06:00:00,2025-02-17 06:00:00
W006297,U006297,13601.38,IDR,ACTIVE,2026-03-08 17:00:00,2026-08-23 00:00:00
W006298,U006298,70055.23,IDR,ACTIVE,2026-05-27 11:00:00,2026-08-23 00:00:00
W006299,U006299,34943.0,IDR,ACTIVE,2024-06-02 11:00:00,2024-09-14 11:00:00
W006300,U006300,272440.74,IDR,ACTIVE,2026-01-14 01:00:00,2026-08-23 00:00:00
W006301,U006301,10502.0,IDR,ACTIVE,2025-02-02 07:00:00,2025-08-13 07:00:00
W006302,U006302,35520.66,IDR,ACTIVE,2024-07-18 07:00:00,2025-07-03 07:00:00
W006303,U006303,26154.96,IDR,ACTIVE,2024-11-10 00:00:00,2024-12-13 00:00:00
W006304,U006304,82068.51,IDR,ACTIVE,2024-02-16 09:00:00,2025-04-04 09:00:00
W006305,U006305,6452.35,IDR,ACTIVE,2026-05-17 08:00:00,2026-08-23 00:00:00
W006306,U006306,262417.72,IDR,ACTIVE,2025-08-08 19:00:00,2026-08-23 00:00:00
W006307,U006307,78820.69,IDR,ACTIVE,2026-07-21 05:00:00,2026-08-23 00:00:00
W006308,U006308,73456.24,IDR,ACTIVE,2025-10-06 21:00:00,2026-03-02 21:00:00
W006309,U006309,18863.24,IDR,ACTIVE,2025-05-01 21:00:00,2025-05-30 21:00:00
W006310,U006310,128016.3,IDR,ACTIVE,2025-03-07 13:00:00,2025-11-14 13:00:00
W006311,U006311,114554.02,IDR,ACTIVE,2024-07-27 16:00:00,2025-11-26 16:00:00
W006312,U006312,199577.71,IDR,ACTIVE,2026-08-11 12:00:00,2026-08-23 00:00:00
W006313,U006313,43300.86,IDR,ACTIVE,2025-11-12 07:00:00,2026-01-29 07:00:00
W006314,U006314,12822.63,IDR,ACTIVE,2024-12-10 23:00:00,2026-01-09 23:00:00
W006315,U006315,30577.63,IDR,ACTIVE,2025-07-12 16:00:00,2026-08-23 00:00:00
W006316,U006316,150420.36,IDR,ACTIVE,2025-12-05 08:00:00,2025-12-25 08:00:00
W006317,U006317,35779.68,IDR,FROZEN,2024-08-20 02:00:00,2025-04-10 02:00:00
W006318,U006318,433068.54,IDR,ACTIVE,2025-09-18 06:00:00,2026-08-23 00:00:00
W006319,U006319,131415.66,IDR,ACTIVE,2024-02-11 07:00:00,2025-06-11 07:00:00
W006320,U006320,361329.24,IDR,ACTIVE,2025-01-18 15:00:00,2025-02-01 15:00:00
W006321,U006321,37654.31,IDR,ACTIVE,2025-04-19 14:00:00,2025-06-09 14:00:00
W006322,U006322,89772.11,IDR,FROZEN,2025-11-07 08:00:00,2026-06-05 08:00:00
W006323,U006323,22713.64,IDR,ACTIVE,2025-08-09 18:00:00,2025-09-07 18:00:00
W006324,U006324,139244.86,IDR,ACTIVE,2026-05-05 14:00:00,2026-08-23 00:00:00
W006325,U006325,96958.64,IDR,ACTIVE,2024-07-20 07:00:00,2025-03-20 07:00:00
W006326,U006326,123512.07,IDR,ACTIVE,2026-05-31 20:00:00,2026-07-24 20:00:00
W006327,U006327,40950.07,IDR,ACTIVE,2026-08-10 18:00:00,2026-08-23 00:00:00
W006328,U006328,67229.05,IDR,ACTIVE,2026-06-24 14:00:00,2026-08-23 00:00:00
W006329,U006329,63764.07,IDR,ACTIVE,2026-01-26 05:00:00,2026-08-23 00:00:00
W006330,U006330,41138.71,IDR,ACTIVE,2025-02-13 13:00:00,2026-06-02 13:00:00
W006331,U006331,71354.35,IDR,ACTIVE,2026-08-02 02:00:00,2026-08-23 00:00:00
W006332,U006332,84716.55,IDR,ACTIVE,2026-04-30 12:00:00,2026-08-23 00:00:00
W006333,U006333,101765.2,IDR,ACTIVE,2025-06-05 20:00:00,2026-07-27 20:00:00
W006334,U006334,40201.57,IDR,ACTIVE,2025-02-26 15:00:00,2025-07-25 15:00:00
W006335,U006335,131185.44,IDR,ACTIVE,2026-05-03 00:00:00,2026-08-23 00:00:00
W006336,U006336,122125.54,IDR,ACTIVE,2024-10-09 14:00:00,2024-11-06 14:00:00
W006337,U006337,103847.56,IDR,ACTIVE,2024-01-02 16:00:00,2024-04-21 16:00:00
W006338,U006338,142653.73,IDR,ACTIVE,2024-12-28 11:00:00,2025-11-15 11:00:00
W006339,U006339,49845.48,IDR,ACTIVE,2025-03-06 22:00:00,2026-04-10 22:00:00
W006340,U006340,20054.96,IDR,ACTIVE,2025-03-31 12:00:00,2026-04-15 12:00:00
W006341,U006341,122659.8,IDR,ACTIVE,2024-05-24 17:00:00,2024-05-28 17:00:00
W006342,U006342,34051.85,IDR,FROZEN,2025-12-13 03:00:00,2025-12-14 03:00:00
W006343,U006343,13388.37,IDR,ACTIVE,2024-04-10 10:00:00,2025-05-17 10:00:00
W006344,U006344,34922.6,IDR,ACTIVE,2024-01-22 14:00:00,2024-02-11 14:00:00
W006345,U006345,69786.31,IDR,ACTIVE,2025-01-13 15:00:00,2025-02-13 15:00:00
W006346,U006346,238561.58,IDR,ACTIVE,2025-10-22 03:00:00,2025-10-25 03:00:00
W006347,U006347,1024405.41,IDR,FROZEN,2024-03-21 04:00:00,2024-05-27 04:00:00
W006348,U006348,85479.55,IDR,ACTIVE,2024-03-23 03:00:00,2024-06-17 03:00:00
W006349,U006349,141725.71,IDR,ACTIVE,2026-01-18 12:00:00,2026-08-23 00:00:00
W006350,U006350,119792.66,IDR,ACTIVE,2025-04-29 19:00:00,2025-05-20 19:00:00
W006351,U006351,81345.14,IDR,ACTIVE,2024-04-11 03:00:00,2025-06-17 03:00:00
W006352,U006352,46177.72,IDR,ACTIVE,2026-01-19 01:00:00,2026-03-22 01:00:00
W006353,U006353,22642.78,IDR,ACTIVE,2024-06-10 17:00:00,2025-09-18 17:00:00
W006354,U006354,505673.06,IDR,ACTIVE,2024-04-30 23:00:00,2024-11-09 23:00:00
W006355,U006355,35810.76,IDR,ACTIVE,2024-03-13 06:00:00,2025-04-21 06:00:00
W006356,U006356,45336.41,IDR,ACTIVE,2025-04-13 23:00:00,2026-02-08 23:00:00
W006357,U006357,53304.86,IDR,ACTIVE,2024-03-23 00:00:00,2025-04-27 00:00:00
W006358,U006358,34967.41,IDR,ACTIVE,2025-10-27 14:00:00,2026-06-07 14:00:00
W006359,U006359,98642.6,IDR,ACTIVE,2024-04-24 16:00:00,2025-07-29 16:00:00
W006360,U006360,35529.43,IDR,ACTIVE,2024-01-21 02:00:00,2024-02-10 02:00:00
W006361,U006361,44382.75,IDR,ACTIVE,2024-10-13 09:00:00,2025-08-23 09:00:00
W006362,U006362,33115.46,IDR,ACTIVE,2026-02-20 02:00:00,2026-04-02 02:00:00
W006363,U006363,43488.85,IDR,ACTIVE,2025-05-23 07:00:00,2026-07-25 07:00:00
W006364,U006364,19261.67,IDR,ACTIVE,2024-05-28 17:00:00,2024-08-12 17:00:00
W006365,U006365,15736.38,IDR,ACTIVE,2024-02-14 04:00:00,2024-08-17 04:00:00
W006366,U006366,304363.49,IDR,ACTIVE,2024-02-26 18:00:00,2024-09-08 18:00:00
W006367,U006367,142568.73,IDR,ACTIVE,2025-02-02 04:00:00,2026-05-14 04:00:00
W006368,U006368,250239.25,IDR,ACTIVE,2025-09-18 10:00:00,2026-06-04 10:00:00
W006369,U006369,277988.14,IDR,ACTIVE,2024-08-08 12:00:00,2024-10-09 12:00:00
W006370,U006370,25246.22,IDR,ACTIVE,2025-03-08 14:00:00,2025-05-21 14:00:00
W006371,U006371,237572.91,IDR,ACTIVE,2024-12-26 02:00:00,2026-03-30 02:00:00
W006372,U006372,171662.76,IDR,ACTIVE,2024-10-01 00:00:00,2025-12-19 00:00:00
W006373,U006373,43148.05,IDR,ACTIVE,2024-08-05 10:00:00,2024-12-12 10:00:00
W006374,U006374,84621.5,IDR,ACTIVE,2026-08-12 19:00:00,2026-08-23 00:00:00
W006375,U006375,137326.65,IDR,ACTIVE,2024-06-26 10:00:00,2024-07-14 10:00:00
W006376,U006376,108157.23,IDR,ACTIVE,2026-04-09 22:00:00,2026-08-23 00:00:00
W006377,U006377,53698.81,IDR,ACTIVE,2026-06-15 05:00:00,2026-08-23 00:00:00
W006378,U006378,70829.13,IDR,ACTIVE,2024-09-29 02:00:00,2025-12-05 02:00:00
W006379,U006379,95143.21,IDR,ACTIVE,2025-08-13 21:00:00,2026-08-23 00:00:00
W006380,U006380,41927.56,IDR,FROZEN,2026-07-17 10:00:00,2026-08-23 00:00:00
W006381,U006381,106371.5,IDR,ACTIVE,2025-03-17 20:00:00,2025-12-10 20:00:00
W006382,U006382,30610.11,IDR,FROZEN,2025-04-17 10:00:00,2026-04-08 10:00:00
W006383,U006383,246695.64,IDR,ACTIVE,2026-08-05 11:00:00,2026-08-23 00:00:00
W006384,U006384,162928.19,IDR,ACTIVE,2024-09-27 00:00:00,2025-12-21 00:00:00
W006385,U006385,140422.2,IDR,FROZEN,2024-10-27 09:00:00,2025-01-07 09:00:00
W006386,U006386,88658.56,IDR,ACTIVE,2026-06-26 20:00:00,2026-08-23 00:00:00
W006387,U006387,76007.26,IDR,ACTIVE,2025-11-10 13:00:00,2026-02-28 13:00:00
W006388,U006388,169883.03,IDR,ACTIVE,2025-01-11 11:00:00,2025-04-12 11:00:00
W006389,U006389,20944.18,IDR,ACTIVE,2026-01-03 03:00:00,2026-08-23 00:00:00
W006390,U006390,27439.51,IDR,ACTIVE,2025-09-21 20:00:00,2026-03-04 20:00:00
W006391,U006391,109110.51,IDR,ACTIVE,2025-08-19 16:00:00,2026-04-02 16:00:00
W006392,U006392,58605.38,IDR,FROZEN,2026-05-25 03:00:00,2026-08-23 00:00:00
W006393,U006393,35097.26,IDR,ACTIVE,2026-01-29 06:00:00,2026-04-17 06:00:00
W006394,U006394,184694.38,IDR,ACTIVE,2026-03-04 04:00:00,2026-03-12 04:00:00
W006395,U006395,68909.99,IDR,ACTIVE,2025-10-09 02:00:00,2026-08-23 00:00:00
W006396,U006396,84371.33,IDR,ACTIVE,2026-01-04 19:00:00,2026-08-23 00:00:00
W006397,U006397,189896.56,IDR,ACTIVE,2025-09-22 04:00:00,2025-09-29 04:00:00
W006398,U006398,52931.72,IDR,ACTIVE,2025-03-24 03:00:00,2026-04-26 03:00:00
W006399,U006399,441506.58,IDR,ACTIVE,2025-09-05 13:00:00,2026-04-23 13:00:00
W006400,U006400,22590.05,IDR,ACTIVE,2026-05-22 23:00:00,2026-08-23 00:00:00
W006401,U006401,183425.91,IDR,ACTIVE,2026-06-15 08:00:00,2026-08-23 00:00:00
W006402,U006402,37114.66,IDR,ACTIVE,2024-11-12 05:00:00,2025-02-11 05:00:00
W006403,U006403,152851.96,IDR,ACTIVE,2026-07-11 23:00:00,2026-08-23 00:00:00
W006404,U006404,31077.79,IDR,ACTIVE,2025-06-12 00:00:00,2026-02-22 00:00:00
W006405,U006405,15589.8,IDR,ACTIVE,2025-12-11 19:00:00,2026-01-11 19:00:00
W006406,U006406,155057.62,IDR,ACTIVE,2025-02-25 09:00:00,2026-01-04 09:00:00
W006407,U006407,43380.22,IDR,ACTIVE,2026-05-03 07:00:00,2026-05-19 07:00:00
W006408,U006408,16113.16,IDR,ACTIVE,2026-06-18 18:00:00,2026-08-23 00:00:00
W006409,U006409,163266.16,IDR,ACTIVE,2025-09-03 13:00:00,2026-03-22 13:00:00
W006410,U006410,75492.81,IDR,ACTIVE,2026-01-01 13:00:00,2026-03-31 13:00:00
W006411,U006411,43241.06,IDR,ACTIVE,2024-05-31 12:00:00,2024-06-16 12:00:00
W006412,U006412,88947.8,IDR,FROZEN,2026-03-13 05:00:00,2026-08-23 00:00:00
W006413,U006413,52553.41,IDR,ACTIVE,2024-05-19 19:00:00,2025-07-27 19:00:00
W006414,U006414,46778.39,IDR,ACTIVE,2026-02-12 20:00:00,2026-07-21 20:00:00
W006415,U006415,135654.49,IDR,ACTIVE,2024-07-24 19:00:00,2024-08-28 19:00:00
W006416,U006416,76360.56,IDR,ACTIVE,2024-09-16 01:00:00,2025-01-25 01:00:00
W006417,U006417,29355.12,IDR,ACTIVE,2025-03-03 15:00:00,2025-05-04 15:00:00
W006418,U006418,60267.48,IDR,ACTIVE,2024-08-06 09:00:00,2025-09-30 09:00:00
W006419,U006419,133490.45,IDR,ACTIVE,2024-07-11 10:00:00,2025-09-26 10:00:00
W006420,U006420,21887.96,IDR,ACTIVE,2024-11-02 10:00:00,2025-09-24 10:00:00
W006421,U006421,204105.02,IDR,ACTIVE,2024-10-14 08:00:00,2025-10-24 08:00:00
W006422,U006422,73690.37,IDR,ACTIVE,2025-06-20 13:00:00,2025-12-13 13:00:00
W006423,U006423,68180.84,IDR,ACTIVE,2024-10-25 14:00:00,2025-10-27 14:00:00
W006424,U006424,71639.23,IDR,ACTIVE,2024-08-03 07:00:00,2025-07-21 07:00:00
W006425,U006425,322689.66,IDR,ACTIVE,2025-09-08 14:00:00,2025-11-03 14:00:00
W006426,U006426,60655.4,IDR,ACTIVE,2025-10-05 06:00:00,2026-02-12 06:00:00
W006427,U006427,43775.89,IDR,ACTIVE,2025-09-28 14:00:00,2026-06-12 14:00:00
W006428,U006428,968239.88,IDR,ACTIVE,2026-05-07 18:00:00,2026-08-23 00:00:00
W006429,U006429,53534.59,IDR,ACTIVE,2024-12-10 05:00:00,2025-09-02 05:00:00
W006430,U006430,154980.85,IDR,ACTIVE,2024-06-12 06:00:00,2024-08-25 06:00:00
W006431,U006431,113890.55,IDR,ACTIVE,2024-09-20 14:00:00,2025-10-17 14:00:00
W006432,U006432,61572.25,IDR,ACTIVE,2025-01-19 13:00:00,2026-05-25 13:00:00
W006433,U006433,565908.69,IDR,ACTIVE,2024-10-30 08:00:00,2025-11-21 08:00:00
W006434,U006434,104484.7,IDR,ACTIVE,2025-02-28 17:00:00,2026-01-17 17:00:00
W006435,U006435,26101.23,IDR,ACTIVE,2026-01-19 04:00:00,2026-08-23 00:00:00
W006436,U006436,9343.43,IDR,ACTIVE,2024-06-05 19:00:00,2025-07-04 19:00:00
W006437,U006437,115481.55,IDR,ACTIVE,2026-04-28 13:00:00,2026-08-23 00:00:00
W006438,U006438,46741.54,IDR,ACTIVE,2024-04-21 10:00:00,2025-03-08 10:00:00
W006439,U006439,15151.07,IDR,ACTIVE,2026-07-22 20:00:00,2026-08-21 20:00:00
W006440,U006440,55372.04,IDR,ACTIVE,2025-01-24 23:00:00,2025-02-08 23:00:00
W006441,U006441,123939.32,IDR,ACTIVE,2024-01-19 00:00:00,2024-04-07 00:00:00
W006442,U006442,51587.17,IDR,ACTIVE,2026-07-08 03:00:00,2026-08-23 00:00:00
W006443,U006443,58719.29,IDR,ACTIVE,2024-09-08 07:00:00,2025-03-23 07:00:00
W006444,U006444,8695.12,IDR,ACTIVE,2026-05-23 10:00:00,2026-08-23 00:00:00
W006445,U006445,115731.25,IDR,ACTIVE,2024-02-23 09:00:00,2024-08-24 09:00:00
W006446,U006446,12568.61,IDR,ACTIVE,2024-08-12 17:00:00,2025-05-22 17:00:00
W006447,U006447,34787.88,IDR,ACTIVE,2025-05-26 06:00:00,2025-08-03 06:00:00
W006448,U006448,80374.69,IDR,ACTIVE,2024-11-02 09:00:00,2025-12-11 09:00:00
W006449,U006449,28793.1,IDR,ACTIVE,2026-01-13 23:00:00,2026-05-18 23:00:00
W006450,U006450,34312.52,IDR,ACTIVE,2026-07-08 11:00:00,2026-08-23 00:00:00
W006451,U006451,16910.04,IDR,CLOSED,2025-08-17 16:00:00,2026-08-23 00:00:00
W006452,U006452,76743.62,IDR,ACTIVE,2026-01-16 04:00:00,2026-08-23 00:00:00
W006453,U006453,83086.64,IDR,ACTIVE,2024-07-31 19:00:00,2025-12-06 19:00:00
W006454,U006454,63409.92,IDR,FROZEN,2024-07-31 13:00:00,2025-09-21 13:00:00
W006455,U006455,8044.12,IDR,ACTIVE,2026-03-20 15:00:00,2026-08-23 00:00:00
W006456,U006456,10426.6,IDR,ACTIVE,2024-05-23 09:00:00,2025-03-28 09:00:00
W006457,U006457,154854.56,IDR,ACTIVE,2025-12-16 04:00:00,2026-08-23 00:00:00
W006458,U006458,42374.25,IDR,ACTIVE,2026-01-22 07:00:00,2026-08-23 00:00:00
W006459,U006459,704981.85,IDR,ACTIVE,2025-07-28 19:00:00,2026-05-04 19:00:00
W006460,U006460,77129.6,IDR,ACTIVE,2025-10-27 03:00:00,2026-02-07 03:00:00
W006461,U006461,430944.01,IDR,ACTIVE,2024-05-03 20:00:00,2024-12-27 20:00:00
W006462,U006462,50854.38,IDR,ACTIVE,2026-08-14 12:00:00,2026-08-23 00:00:00
W006463,U006463,37690.73,IDR,ACTIVE,2024-07-10 02:00:00,2025-10-13 02:00:00
W006464,U006464,117295.63,IDR,ACTIVE,2025-01-23 21:00:00,2025-09-13 21:00:00
W006465,U006465,191849.16,IDR,ACTIVE,2025-06-26 00:00:00,2025-08-15 00:00:00
W006466,U006466,51113.84,IDR,ACTIVE,2024-05-09 02:00:00,2024-07-06 02:00:00
W006467,U006467,113315.58,IDR,ACTIVE,2025-05-29 11:00:00,2026-06-16 11:00:00
W006468,U006468,12625.36,IDR,ACTIVE,2025-11-06 03:00:00,2026-08-23 00:00:00
W006469,U006469,26069.5,IDR,ACTIVE,2025-09-24 04:00:00,2026-01-10 04:00:00
W006470,U006470,91950.61,IDR,ACTIVE,2025-06-07 11:00:00,2025-10-09 11:00:00
W006471,U006471,42650.54,IDR,ACTIVE,2025-05-01 08:00:00,2025-07-22 08:00:00
W006472,U006472,80174.91,IDR,CLOSED,2024-08-05 02:00:00,2024-10-01 02:00:00
W006473,U006473,93493.16,IDR,ACTIVE,2026-01-26 17:00:00,2026-08-23 00:00:00
W006474,U006474,111441.61,IDR,ACTIVE,2026-04-25 12:00:00,2026-08-23 00:00:00
W006475,U006475,151224.41,IDR,ACTIVE,2026-03-27 18:00:00,2026-08-23 00:00:00
W006476,U006476,155227.85,IDR,ACTIVE,2026-07-28 12:00:00,2026-08-23 00:00:00
W006477,U006477,21432.99,IDR,ACTIVE,2024-06-15 14:00:00,2025-09-08 14:00:00
W006478,U006478,52105.58,IDR,ACTIVE,2025-12-04 11:00:00,2025-12-15 11:00:00
W006479,U006479,50553.44,IDR,ACTIVE,2025-07-20 14:00:00,2026-08-23 00:00:00
W006480,U006480,57496.4,IDR,ACTIVE,2024-05-16 19:00:00,2025-06-05 19:00:00
W006481,U006481,46531.13,IDR,ACTIVE,2025-09-19 03:00:00,2026-08-23 00:00:00
W006482,U006482,61204.33,IDR,ACTIVE,2025-07-25 02:00:00,2025-08-13 02:00:00
W006483,U006483,4985.08,IDR,ACTIVE,2024-01-15 19:00:00,2024-10-26 19:00:00
W006484,U006484,33338.84,IDR,ACTIVE,2024-05-08 01:00:00,2024-05-23 01:00:00
W006485,U006485,140813.14,IDR,FROZEN,2024-12-13 18:00:00,2026-02-23 18:00:00
W006486,U006486,93645.02,IDR,ACTIVE,2025-10-16 09:00:00,2026-02-06 09:00:00
W006487,U006487,33030.27,IDR,ACTIVE,2024-03-03 01:00:00,2024-05-13 01:00:00
W006488,U006488,62367.41,IDR,ACTIVE,2024-01-09 15:00:00,2024-05-03 15:00:00
W006489,U006489,1121660.0,IDR,FROZEN,2026-04-21 00:00:00,2026-08-23 00:00:00
W006490,U006490,379193.28,IDR,ACTIVE,2024-06-05 10:00:00,2024-12-25 10:00:00
W006491,U006491,22481.2,IDR,ACTIVE,2024-08-08 09:00:00,2024-10-21 09:00:00
W006492,U006492,26855.1,IDR,ACTIVE,2024-09-19 20:00:00,2025-04-18 20:00:00
W006493,U006493,147878.99,IDR,ACTIVE,2025-07-01 06:00:00,2026-04-10 06:00:00
W006494,U006494,287703.49,IDR,ACTIVE,2024-12-22 20:00:00,2025-09-17 20:00:00
W006495,U006495,83501.58,IDR,ACTIVE,2026-05-13 12:00:00,2026-08-23 00:00:00
W006496,U006496,66286.21,IDR,ACTIVE,2026-04-12 05:00:00,2026-08-23 00:00:00
W006497,U006497,19078.72,IDR,ACTIVE,2024-08-30 14:00:00,2025-03-31 14:00:00
W006498,U006498,39418.51,IDR,ACTIVE,2026-08-01 07:00:00,2026-08-23 00:00:00
W006499,U006499,37552.4,IDR,ACTIVE,2025-03-01 03:00:00,2025-04-14 03:00:00
W006500,U006500,39778.6,IDR,ACTIVE,2025-02-21 07:00:00,2025-04-02 07:00:00
W006501,U006501,29752.88,IDR,ACTIVE,2025-08-04 01:00:00,2026-03-26 01:00:00
W006502,U006502,18072.49,IDR,ACTIVE,2025-05-04 07:00:00,2026-07-18 07:00:00
W006503,U006503,118546.74,IDR,ACTIVE,2024-08-16 16:00:00,2025-11-01 16:00:00
W006504,U006504,88833.9,IDR,ACTIVE,2025-11-10 02:00:00,2026-03-31 02:00:00
W006505,U006505,18122.86,IDR,ACTIVE,2026-01-30 08:00:00,2026-08-23 00:00:00
W006506,U006506,63165.55,IDR,ACTIVE,2026-03-25 13:00:00,2026-08-23 00:00:00
W006507,U006507,44824.8,IDR,ACTIVE,2026-04-20 04:00:00,2026-08-23 00:00:00
W006508,U006508,331298.74,IDR,ACTIVE,2024-06-07 00:00:00,2025-07-18 00:00:00
W006509,U006509,212982.45,IDR,ACTIVE,2025-01-12 21:00:00,2026-02-26 21:00:00
W006510,U006510,328821.7,IDR,ACTIVE,2025-06-02 23:00:00,2025-12-14 23:00:00
W006511,U006511,38879.97,IDR,ACTIVE,2025-12-30 09:00:00,2026-08-23 00:00:00
W006512,U006512,11345.92,IDR,ACTIVE,2025-03-23 16:00:00,2026-04-02 16:00:00
W006513,U006513,20845.6,IDR,ACTIVE,2024-02-26 23:00:00,2024-11-11 23:00:00
W006514,U006514,39554.55,IDR,ACTIVE,2026-05-14 02:00:00,2026-08-23 00:00:00
W006515,U006515,47973.14,IDR,ACTIVE,2024-12-11 09:00:00,2025-12-08 09:00:00
W006516,U006516,338004.74,IDR,ACTIVE,2026-05-20 04:00:00,2026-08-23 00:00:00
W006517,U006517,139921.5,IDR,ACTIVE,2025-12-24 23:00:00,2026-08-23 00:00:00
W006518,U006518,88989.31,IDR,ACTIVE,2024-06-01 09:00:00,2025-08-21 09:00:00
W006519,U006519,216652.53,IDR,ACTIVE,2025-01-07 11:00:00,2025-10-06 11:00:00
W006520,U006520,105554.24,IDR,ACTIVE,2025-05-31 21:00:00,2026-01-28 21:00:00
W006521,U006521,131133.76,IDR,ACTIVE,2026-02-05 07:00:00,2026-08-23 00:00:00
W006522,U006522,44846.41,IDR,ACTIVE,2026-06-09 09:00:00,2026-08-23 00:00:00
W006523,U006523,15098.86,IDR,ACTIVE,2025-03-09 04:00:00,2026-04-20 04:00:00
W006524,U006524,12703.38,IDR,ACTIVE,2024-03-18 18:00:00,2024-11-20 18:00:00
W006525,U006525,12873.57,IDR,ACTIVE,2024-08-26 20:00:00,2025-01-29 20:00:00
W006526,U006526,116896.56,IDR,ACTIVE,2024-04-14 19:00:00,2024-12-04 19:00:00
W006527,U006527,27843.27,IDR,ACTIVE,2025-06-01 17:00:00,2026-08-23 00:00:00
W006528,U006528,45154.29,IDR,ACTIVE,2024-12-30 17:00:00,2025-03-31 17:00:00
W006529,U006529,16761.48,IDR,ACTIVE,2024-03-08 09:00:00,2024-08-29 09:00:00
W006530,U006530,185796.18,IDR,ACTIVE,2024-08-12 22:00:00,2025-01-10 22:00:00
W006531,U006531,60100.53,IDR,ACTIVE,2024-12-11 23:00:00,2025-11-09 23:00:00
W006532,U006532,76438.44,IDR,ACTIVE,2026-07-03 04:00:00,2026-08-23 00:00:00
W006533,U006533,84376.86,IDR,ACTIVE,2024-12-07 00:00:00,2025-02-02 00:00:00
W006534,U006534,95429.89,IDR,ACTIVE,2025-03-12 20:00:00,2026-01-08 20:00:00
W006535,U006535,197150.03,IDR,ACTIVE,2026-08-16 12:00:00,2026-08-23 00:00:00
W006536,U006536,121284.49,IDR,ACTIVE,2025-09-09 15:00:00,2026-04-25 15:00:00
W006537,U006537,23478.72,IDR,ACTIVE,2025-12-17 10:00:00,2026-08-23 00:00:00
W006538,U006538,26644.97,IDR,ACTIVE,2024-01-16 11:00:00,2024-05-01 11:00:00
W006539,U006539,970835.11,IDR,ACTIVE,2025-01-10 23:00:00,2026-03-14 23:00:00
W006540,U006540,159822.95,IDR,ACTIVE,2024-09-29 01:00:00,2025-10-03 01:00:00
W006541,U006541,584503.07,IDR,ACTIVE,2024-01-09 14:00:00,2025-01-03 14:00:00
W006542,U006542,48320.49,IDR,ACTIVE,2024-05-06 17:00:00,2024-11-16 17:00:00
W006543,U006543,286388.17,IDR,ACTIVE,2025-05-30 04:00:00,2026-08-23 00:00:00
W006544,U006544,98748.67,IDR,ACTIVE,2026-07-23 13:00:00,2026-08-23 00:00:00
W006545,U006545,81405.97,IDR,ACTIVE,2025-06-09 06:00:00,2025-10-08 06:00:00
W006546,U006546,62580.32,IDR,CLOSED,2026-06-29 10:00:00,2026-08-23 00:00:00
W006547,U006547,137600.55,IDR,ACTIVE,2024-09-27 23:00:00,2025-11-28 23:00:00
W006548,U006548,103462.91,IDR,ACTIVE,2025-08-11 01:00:00,2026-08-23 00:00:00
W006549,U006549,51024.33,IDR,CLOSED,2024-09-14 20:00:00,2025-12-16 20:00:00
W006550,U006550,34520.86,IDR,ACTIVE,2025-01-06 20:00:00,2025-07-02 20:00:00
W006551,U006551,52564.93,IDR,ACTIVE,2025-06-10 11:00:00,2026-08-23 00:00:00
W006552,U006552,60866.66,IDR,ACTIVE,2024-12-11 19:00:00,2025-05-31 19:00:00
W006553,U006553,41339.44,IDR,ACTIVE,2026-04-17 05:00:00,2026-08-23 00:00:00
W006554,U006554,25799.64,IDR,ACTIVE,2025-03-12 11:00:00,2025-10-02 11:00:00
W006555,U006555,65058.24,IDR,ACTIVE,2025-11-08 06:00:00,2026-06-28 06:00:00
W006556,U006556,91319.36,IDR,ACTIVE,2026-07-22 21:00:00,2026-08-23 00:00:00
W006557,U006557,79657.08,IDR,ACTIVE,2024-06-03 03:00:00,2024-08-31 03:00:00
W006558,U006558,20549.62,IDR,ACTIVE,2026-07-22 05:00:00,2026-08-23 00:00:00
W006559,U006559,326718.45,IDR,ACTIVE,2024-05-16 16:00:00,2025-05-19 16:00:00
W006560,U006560,436874.34,IDR,ACTIVE,2024-10-02 01:00:00,2024-12-03 01:00:00
W006561,U006561,114727.06,IDR,ACTIVE,2025-01-08 03:00:00,2026-01-20 03:00:00
W006562,U006562,141274.32,IDR,ACTIVE,2025-08-17 02:00:00,2026-04-01 02:00:00
W006563,U006563,76952.47,IDR,CLOSED,2024-01-09 03:00:00,2024-09-16 03:00:00
W006564,U006564,86340.66,IDR,ACTIVE,2025-07-05 21:00:00,2025-10-18 21:00:00
W006565,U006565,12119.19,IDR,ACTIVE,2024-07-08 17:00:00,2024-10-16 17:00:00
W006566,U006566,55607.18,IDR,ACTIVE,2024-09-01 04:00:00,2025-12-01 04:00:00
W006567,U006567,56409.35,IDR,ACTIVE,2026-04-06 18:00:00,2026-08-23 00:00:00
W006568,U006568,419501.32,IDR,ACTIVE,2024-10-14 03:00:00,2025-04-04 03:00:00
W006569,U006569,45846.78,IDR,CLOSED,2024-05-27 10:00:00,2025-01-01 10:00:00
W006570,U006570,319982.46,IDR,ACTIVE,2025-01-08 09:00:00,2025-06-16 09:00:00
W006571,U006571,62458.0,IDR,ACTIVE,2025-08-03 17:00:00,2026-04-13 17:00:00
W006572,U006572,39968.47,IDR,ACTIVE,2026-07-29 15:00:00,2026-08-23 00:00:00
W006573,U006573,12737.35,IDR,ACTIVE,2024-04-06 02:00:00,2024-08-02 02:00:00
W006574,U006574,84934.07,IDR,ACTIVE,2024-10-13 21:00:00,2026-01-08 21:00:00
W006575,U006575,29133.13,IDR,ACTIVE,2024-06-05 06:00:00,2024-11-30 06:00:00
W006576,U006576,14145.42,IDR,ACTIVE,2025-06-14 21:00:00,2026-03-03 21:00:00
W006577,U006577,113918.14,IDR,ACTIVE,2025-07-28 18:00:00,2025-09-08 18:00:00
W006578,U006578,88421.03,IDR,ACTIVE,2025-11-29 11:00:00,2026-08-23 00:00:00
W006579,U006579,96596.75,IDR,ACTIVE,2024-01-02 17:00:00,2025-04-05 17:00:00
W006580,U006580,61920.2,IDR,FROZEN,2024-07-31 10:00:00,2025-03-09 10:00:00
W006581,U006581,31719.71,IDR,ACTIVE,2025-08-21 23:00:00,2026-08-23 00:00:00
W006582,U006582,22845.31,IDR,ACTIVE,2024-04-28 06:00:00,2025-03-06 06:00:00
W006583,U006583,273587.88,IDR,ACTIVE,2025-03-26 08:00:00,2025-07-05 08:00:00
W006584,U006584,124253.62,IDR,ACTIVE,2024-07-04 06:00:00,2025-09-15 06:00:00
W006585,U006585,162322.31,IDR,ACTIVE,2024-10-31 13:00:00,2024-12-12 13:00:00
W006586,U006586,53140.29,IDR,ACTIVE,2026-02-14 00:00:00,2026-08-23 00:00:00
W006587,U006587,28283.4,IDR,ACTIVE,2025-06-21 19:00:00,2025-09-01 19:00:00
W006588,U006588,25661.06,IDR,ACTIVE,2024-02-13 13:00:00,2025-01-16 13:00:00
W006589,U006589,66384.33,IDR,ACTIVE,2024-03-28 21:00:00,2025-04-01 21:00:00
W006590,U006590,29372.05,IDR,ACTIVE,2025-01-19 15:00:00,2025-10-31 15:00:00
W006591,U006591,11113.39,IDR,ACTIVE,2025-08-31 04:00:00,2026-08-07 04:00:00
W006592,U006592,107928.94,IDR,ACTIVE,2025-08-25 15:00:00,2026-04-28 15:00:00
W006593,U006593,162260.36,IDR,ACTIVE,2025-01-18 03:00:00,2025-06-28 03:00:00
W006594,U006594,36148.67,IDR,ACTIVE,2026-01-25 12:00:00,2026-08-23 00:00:00
W006595,U006595,13686.0,IDR,ACTIVE,2025-08-12 04:00:00,2025-09-05 04:00:00
W006596,U006596,72466.52,IDR,ACTIVE,2024-12-10 18:00:00,2025-07-23 18:00:00
W006597,U006597,52516.33,IDR,ACTIVE,2024-05-11 11:00:00,2024-05-29 11:00:00
W006598,U006598,42479.37,IDR,ACTIVE,2024-03-04 12:00:00,2025-01-13 12:00:00
W006599,U006599,94598.86,IDR,ACTIVE,2025-06-08 03:00:00,2026-05-24 03:00:00
W006600,U006600,68801.14,IDR,ACTIVE,2024-04-25 04:00:00,2025-05-05 04:00:00
W006601,U006601,90915.1,IDR,ACTIVE,2025-11-12 10:00:00,2026-08-23 00:00:00
W006602,U006602,65733.58,IDR,ACTIVE,2024-11-22 12:00:00,2025-08-14 12:00:00
W006603,U006603,29307.93,IDR,ACTIVE,2026-02-02 18:00:00,2026-08-23 00:00:00
W006604,U006604,27436.33,IDR,ACTIVE,2025-06-17 09:00:00,2025-07-27 09:00:00
W006605,U006605,62020.81,IDR,ACTIVE,2024-11-23 09:00:00,2026-01-17 09:00:00
W006606,U006606,149698.54,IDR,ACTIVE,2024-06-03 07:00:00,2024-09-16 07:00:00
W006607,U006607,67374.89,IDR,ACTIVE,2025-08-25 02:00:00,2025-10-08 02:00:00
W006608,U006608,32577.32,IDR,ACTIVE,2025-10-27 12:00:00,2026-08-23 00:00:00
W006609,U006609,72150.26,IDR,ACTIVE,2025-11-02 22:00:00,2026-08-06 22:00:00
W006610,U006610,75100.61,IDR,ACTIVE,2024-08-13 09:00:00,2025-12-19 09:00:00
W006611,U006611,29574.61,IDR,ACTIVE,2025-05-05 05:00:00,2025-11-19 05:00:00
W006612,U006612,428848.44,IDR,ACTIVE,2025-01-23 04:00:00,2025-03-14 04:00:00
W006613,U006613,141518.27,IDR,ACTIVE,2025-05-04 01:00:00,2025-11-21 01:00:00
W006614,U006614,53379.55,IDR,ACTIVE,2025-11-18 22:00:00,2026-08-23 00:00:00
W006615,U006615,389147.85,IDR,ACTIVE,2025-10-23 22:00:00,2026-02-25 22:00:00
W006616,U006616,85356.36,IDR,FROZEN,2026-06-17 07:00:00,2026-08-23 00:00:00
W006617,U006617,78436.89,IDR,ACTIVE,2025-09-23 21:00:00,2026-03-31 21:00:00
W006618,U006618,242467.9,IDR,ACTIVE,2024-01-12 03:00:00,2024-10-19 03:00:00
W006619,U006619,142636.49,IDR,FROZEN,2024-07-21 05:00:00,2024-10-03 05:00:00
W006620,U006620,98390.7,IDR,ACTIVE,2026-04-11 21:00:00,2026-05-26 21:00:00
W006621,U006621,41326.36,IDR,ACTIVE,2024-08-11 11:00:00,2025-03-03 11:00:00
W006622,U006622,61126.0,IDR,ACTIVE,2024-12-25 06:00:00,2025-12-15 06:00:00
W006623,U006623,52485.9,IDR,ACTIVE,2026-08-11 14:00:00,2026-08-23 00:00:00
W006624,U006624,33140.51,IDR,ACTIVE,2025-02-22 19:00:00,2025-11-12 19:00:00
W006625,U006625,634683.78,IDR,ACTIVE,2024-07-23 02:00:00,2025-06-19 02:00:00
W006626,U006626,143970.29,IDR,ACTIVE,2025-11-11 09:00:00,2026-07-30 09:00:00
W006627,U006627,50587.21,IDR,ACTIVE,2024-10-17 21:00:00,2025-03-30 21:00:00
W006628,U006628,88599.96,IDR,ACTIVE,2025-12-18 09:00:00,2026-08-23 00:00:00
W006629,U006629,53044.19,IDR,ACTIVE,2026-02-04 00:00:00,2026-02-06 00:00:00
W006630,U006630,28634.9,IDR,ACTIVE,2024-06-30 20:00:00,2024-11-26 20:00:00
W006631,U006631,10975.46,IDR,ACTIVE,2024-02-08 21:00:00,2025-03-04 21:00:00
W006632,U006632,96556.05,IDR,ACTIVE,2026-04-03 23:00:00,2026-08-23 00:00:00
W006633,U006633,63093.49,IDR,ACTIVE,2025-12-05 09:00:00,2026-02-05 09:00:00
W006634,U006634,191663.21,IDR,ACTIVE,2024-10-28 09:00:00,2026-01-31 09:00:00
W006635,U006635,36479.89,IDR,CLOSED,2024-04-10 23:00:00,2025-06-06 23:00:00
W006636,U006636,192014.39,IDR,ACTIVE,2025-11-23 03:00:00,2026-08-06 03:00:00
W006637,U006637,218009.46,IDR,FROZEN,2025-09-24 03:00:00,2026-04-17 03:00:00
W006638,U006638,14825.59,IDR,FROZEN,2026-03-19 06:00:00,2026-08-23 00:00:00
W006639,U006639,163773.68,IDR,ACTIVE,2024-06-24 11:00:00,2024-10-15 11:00:00
W006640,U006640,135795.9,IDR,ACTIVE,2026-03-15 22:00:00,2026-08-23 00:00:00
W006641,U006641,57281.89,IDR,ACTIVE,2025-08-25 01:00:00,2026-02-11 01:00:00
W006642,U006642,188191.75,IDR,ACTIVE,2024-11-13 23:00:00,2025-05-12 23:00:00
W006643,U006643,156171.16,IDR,ACTIVE,2025-12-03 22:00:00,2026-08-18 22:00:00
W006644,U006644,69811.08,IDR,ACTIVE,2024-09-16 12:00:00,2025-12-07 12:00:00
W006645,U006645,14243.34,IDR,ACTIVE,2024-05-13 14:00:00,2024-06-11 14:00:00
W006646,U006646,48287.98,IDR,ACTIVE,2024-01-14 10:00:00,2024-01-25 10:00:00
W006647,U006647,166329.37,IDR,ACTIVE,2026-08-01 23:00:00,2026-08-23 00:00:00
W006648,U006648,83916.18,IDR,ACTIVE,2026-07-21 13:00:00,2026-08-12 13:00:00
W006649,U006649,40010.92,IDR,ACTIVE,2025-07-30 18:00:00,2026-06-23 18:00:00
W006650,U006650,65357.35,IDR,FROZEN,2026-06-03 11:00:00,2026-06-12 11:00:00
W006651,U006651,69611.44,IDR,ACTIVE,2024-08-16 11:00:00,2025-08-15 11:00:00
W006652,U006652,27748.86,IDR,ACTIVE,2024-11-30 13:00:00,2025-01-10 13:00:00
W006653,U006653,38832.92,IDR,ACTIVE,2024-04-30 13:00:00,2025-01-17 13:00:00
W006654,U006654,572896.75,IDR,ACTIVE,2024-06-21 13:00:00,2024-12-28 13:00:00
W006655,U006655,5614.07,IDR,ACTIVE,2024-04-04 23:00:00,2024-07-20 23:00:00
W006656,U006656,64614.39,IDR,ACTIVE,2026-03-02 12:00:00,2026-08-23 00:00:00
W006657,U006657,166318.3,IDR,ACTIVE,2025-02-01 15:00:00,2025-06-19 15:00:00
W006658,U006658,63554.59,IDR,ACTIVE,2025-03-13 20:00:00,2026-03-11 20:00:00
W006659,U006659,35176.17,IDR,ACTIVE,2024-04-10 02:00:00,2024-07-11 02:00:00
W006660,U006660,44949.44,IDR,FROZEN,2026-03-03 08:00:00,2026-03-10 08:00:00
W006661,U006661,403840.9,IDR,ACTIVE,2025-05-29 08:00:00,2025-09-06 08:00:00
W006662,U006662,119829.53,IDR,ACTIVE,2024-12-05 13:00:00,2025-08-28 13:00:00
W006663,U006663,112287.05,IDR,ACTIVE,2025-05-12 16:00:00,2026-07-18 16:00:00
W006664,U006664,56982.26,IDR,ACTIVE,2024-01-19 10:00:00,2024-11-12 10:00:00
W006665,U006665,79409.85,IDR,ACTIVE,2025-03-14 01:00:00,2025-03-17 01:00:00
W006666,U006666,23949.6,IDR,ACTIVE,2025-12-01 02:00:00,2026-08-23 00:00:00
W006667,U006667,434744.19,IDR,ACTIVE,2024-05-23 21:00:00,2024-08-10 21:00:00
W006668,U006668,654939.66,IDR,FROZEN,2025-12-19 16:00:00,2026-08-23 00:00:00
W006669,U006669,128453.14,IDR,ACTIVE,2026-07-30 12:00:00,2026-08-23 00:00:00
W006670,U006670,64114.47,IDR,ACTIVE,2024-06-08 16:00:00,2025-09-05 16:00:00
W006671,U006671,73886.44,IDR,ACTIVE,2025-07-24 03:00:00,2026-05-23 03:00:00
W006672,U006672,102542.73,IDR,ACTIVE,2025-10-18 22:00:00,2026-08-23 00:00:00
W006673,U006673,23758.5,IDR,ACTIVE,2026-06-08 20:00:00,2026-08-23 00:00:00
W006674,U006674,47267.3,IDR,ACTIVE,2025-07-07 15:00:00,2025-08-17 15:00:00
W006675,U006675,24448.19,IDR,FROZEN,2024-04-14 03:00:00,2024-12-29 03:00:00
W006676,U006676,127586.89,IDR,ACTIVE,2024-02-15 18:00:00,2025-04-03 18:00:00
W006677,U006677,18011.89,IDR,ACTIVE,2025-02-01 17:00:00,2026-04-07 17:00:00
W006678,U006678,25906.74,IDR,ACTIVE,2025-06-24 19:00:00,2026-03-24 19:00:00
W006679,U006679,145780.81,IDR,CLOSED,2024-08-21 19:00:00,2024-10-25 19:00:00
W006680,U006680,79728.19,IDR,ACTIVE,2025-07-20 13:00:00,2026-01-06 13:00:00
W006681,U006681,349955.46,IDR,ACTIVE,2026-06-17 03:00:00,2026-08-23 00:00:00
W006682,U006682,46761.46,IDR,ACTIVE,2024-09-06 02:00:00,2025-05-02 02:00:00
W006683,U006683,54670.48,IDR,ACTIVE,2024-05-28 11:00:00,2025-01-16 11:00:00
W006684,U006684,266733.48,IDR,ACTIVE,2024-03-09 23:00:00,2024-03-13 23:00:00
W006685,U006685,194380.03,IDR,ACTIVE,2026-04-17 16:00:00,2026-05-03 16:00:00
W006686,U006686,149152.84,IDR,ACTIVE,2025-10-28 13:00:00,2026-08-23 00:00:00
W006687,U006687,30853.64,IDR,ACTIVE,2024-11-20 21:00:00,2026-01-25 21:00:00
W006688,U006688,33232.88,IDR,ACTIVE,2026-03-12 23:00:00,2026-05-15 23:00:00
W006689,U006689,59173.68,IDR,ACTIVE,2025-12-18 13:00:00,2026-02-23 13:00:00
W006690,U006690,57724.62,IDR,ACTIVE,2025-10-30 19:00:00,2026-08-23 00:00:00
W006691,U006691,2132.62,IDR,ACTIVE,2024-04-18 10:00:00,2024-06-22 10:00:00
W006692,U006692,31371.1,IDR,ACTIVE,2024-09-14 16:00:00,2025-07-25 16:00:00
W006693,U006693,44851.29,IDR,ACTIVE,2025-07-29 05:00:00,2026-04-16 05:00:00
W006694,U006694,60802.58,IDR,ACTIVE,2024-06-14 12:00:00,2025-09-03 12:00:00
W006695,U006695,182614.06,IDR,ACTIVE,2026-04-26 10:00:00,2026-08-23 00:00:00
W006696,U006696,245106.84,IDR,ACTIVE,2026-05-28 02:00:00,2026-08-23 00:00:00
W006697,U006697,122867.7,IDR,ACTIVE,2024-01-14 06:00:00,2024-02-22 06:00:00
W006698,U006698,15749.04,IDR,ACTIVE,2026-05-13 02:00:00,2026-08-23 00:00:00
W006699,U006699,210955.36,IDR,ACTIVE,2026-01-10 14:00:00,2026-08-23 00:00:00
W006700,U006700,123500.72,IDR,ACTIVE,2024-07-07 18:00:00,2024-11-09 18:00:00
W006701,U006701,155374.71,IDR,ACTIVE,2025-05-10 07:00:00,2025-10-23 07:00:00
W006702,U006702,33118.05,IDR,FROZEN,2025-08-28 22:00:00,2026-08-23 00:00:00
W006703,U006703,278840.44,IDR,ACTIVE,2024-04-07 15:00:00,2025-03-19 15:00:00
W006704,U006704,52819.36,IDR,ACTIVE,2024-08-16 05:00:00,2025-09-21 05:00:00
W006705,U006705,31001.09,IDR,ACTIVE,2025-03-09 10:00:00,2026-01-18 10:00:00
W006706,U006706,135174.64,IDR,ACTIVE,2025-03-26 15:00:00,2025-10-28 15:00:00
W006707,U006707,59943.7,IDR,ACTIVE,2025-06-27 11:00:00,2025-07-29 11:00:00
W006708,U006708,119575.72,IDR,ACTIVE,2024-05-25 16:00:00,2025-08-17 16:00:00
W006709,U006709,44588.71,IDR,ACTIVE,2026-06-19 10:00:00,2026-08-23 00:00:00
W006710,U006710,22309.12,IDR,FROZEN,2025-07-21 20:00:00,2026-08-21 20:00:00
W006711,U006711,43532.41,IDR,ACTIVE,2025-09-18 03:00:00,2026-04-02 03:00:00
W006712,U006712,18369.91,IDR,ACTIVE,2025-04-04 19:00:00,2025-05-30 19:00:00
W006713,U006713,123932.24,IDR,ACTIVE,2025-08-10 05:00:00,2026-04-07 05:00:00
W006714,U006714,6594.99,IDR,ACTIVE,2025-02-17 10:00:00,2025-06-25 10:00:00
W006715,U006715,196246.59,IDR,ACTIVE,2025-07-25 22:00:00,2025-11-01 22:00:00
W006716,U006716,19656.35,IDR,ACTIVE,2024-08-04 05:00:00,2025-05-04 05:00:00
W006717,U006717,169913.12,IDR,ACTIVE,2025-12-13 23:00:00,2026-08-23 00:00:00
W006718,U006718,108644.01,IDR,ACTIVE,2024-07-16 09:00:00,2024-09-16 09:00:00
W006719,U006719,9392.41,IDR,ACTIVE,2024-04-27 10:00:00,2024-05-09 10:00:00
W006720,U006720,76656.19,IDR,ACTIVE,2024-01-21 06:00:00,2024-06-14 06:00:00
W006721,U006721,17436.24,IDR,ACTIVE,2025-03-18 00:00:00,2026-03-18 00:00:00
W006722,U006722,77059.26,IDR,ACTIVE,2024-06-27 09:00:00,2025-04-26 09:00:00
W006723,U006723,33723.0,IDR,ACTIVE,2024-06-27 20:00:00,2025-11-01 20:00:00
W006724,U006724,9542.5,IDR,ACTIVE,2024-05-31 14:00:00,2024-11-13 14:00:00
W006725,U006725,102976.84,IDR,ACTIVE,2024-08-24 09:00:00,2025-07-20 09:00:00
W006726,U006726,57817.07,IDR,ACTIVE,2026-02-23 09:00:00,2026-08-23 00:00:00
W006727,U006727,63656.24,IDR,ACTIVE,2025-06-27 10:00:00,2025-11-29 10:00:00
W006728,U006728,10955.24,IDR,ACTIVE,2025-12-31 08:00:00,2026-08-23 00:00:00
W006729,U006729,10046.45,IDR,ACTIVE,2025-12-08 03:00:00,2026-08-23 00:00:00
W006730,U006730,47656.89,IDR,ACTIVE,2025-03-25 06:00:00,2026-02-02 06:00:00
W006731,U006731,164603.6,IDR,ACTIVE,2026-02-05 21:00:00,2026-05-06 21:00:00
W006732,U006732,126334.05,IDR,ACTIVE,2024-10-17 04:00:00,2026-01-17 04:00:00
W006733,U006733,99657.53,IDR,ACTIVE,2025-09-18 10:00:00,2026-06-06 10:00:00
W006734,U006734,229178.58,IDR,ACTIVE,2026-02-26 15:00:00,2026-08-23 00:00:00
W006735,U006735,35422.34,IDR,ACTIVE,2025-03-17 08:00:00,2026-05-11 08:00:00
W006736,U006736,106043.93,IDR,ACTIVE,2024-05-22 11:00:00,2024-06-20 11:00:00
W006737,U006737,13382.7,IDR,ACTIVE,2025-09-25 02:00:00,2026-03-18 02:00:00
W006738,U006738,621565.34,IDR,ACTIVE,2026-03-16 06:00:00,2026-08-21 06:00:00
W006739,U006739,29973.51,IDR,ACTIVE,2026-04-18 12:00:00,2026-08-23 00:00:00
W006740,U006740,97729.85,IDR,ACTIVE,2024-09-15 17:00:00,2025-09-10 17:00:00
W006741,U006741,341416.38,IDR,ACTIVE,2024-03-04 13:00:00,2024-08-16 13:00:00
W006742,U006742,43185.3,IDR,ACTIVE,2024-02-04 13:00:00,2024-12-17 13:00:00
W006743,U006743,95316.83,IDR,ACTIVE,2024-05-16 13:00:00,2025-05-04 13:00:00
W006744,U006744,75203.06,IDR,ACTIVE,2025-05-13 07:00:00,2026-02-16 07:00:00
W006745,U006745,41184.88,IDR,ACTIVE,2026-05-20 08:00:00,2026-08-23 00:00:00
W006746,U006746,33490.7,IDR,ACTIVE,2024-11-20 15:00:00,2024-12-30 15:00:00
W006747,U006747,19237.34,IDR,ACTIVE,2024-06-26 09:00:00,2024-08-09 09:00:00
W006748,U006748,4378.8,IDR,ACTIVE,2024-11-03 10:00:00,2025-11-19 10:00:00
W006749,U006749,53275.72,IDR,ACTIVE,2025-10-15 20:00:00,2026-08-23 00:00:00
W006750,U006750,30723.3,IDR,ACTIVE,2026-07-20 22:00:00,2026-08-23 00:00:00
W006751,U006751,3374.38,IDR,ACTIVE,2024-03-31 07:00:00,2024-08-12 07:00:00
W006752,U006752,28896.37,IDR,ACTIVE,2024-03-22 00:00:00,2024-10-25 00:00:00
W006753,U006753,113810.72,IDR,ACTIVE,2025-11-20 14:00:00,2026-08-23 00:00:00
W006754,U006754,70150.06,IDR,ACTIVE,2025-04-26 19:00:00,2026-05-04 19:00:00
W006755,U006755,177227.4,IDR,ACTIVE,2024-12-26 19:00:00,2026-04-23 19:00:00
W006756,U006756,40758.41,IDR,ACTIVE,2025-06-05 13:00:00,2026-08-08 13:00:00
W006757,U006757,20650.68,IDR,ACTIVE,2024-03-20 11:00:00,2024-10-21 11:00:00
W006758,U006758,115736.12,IDR,ACTIVE,2024-12-08 22:00:00,2026-01-07 22:00:00
W006759,U006759,122239.22,IDR,ACTIVE,2025-10-21 13:00:00,2026-08-23 00:00:00
W006760,U006760,83114.16,IDR,ACTIVE,2025-09-04 20:00:00,2025-09-29 20:00:00
W006761,U006761,28194.68,IDR,ACTIVE,2024-08-05 19:00:00,2024-12-02 19:00:00
W006762,U006762,64608.57,IDR,ACTIVE,2026-03-18 12:00:00,2026-08-23 00:00:00
W006763,U006763,19838.41,IDR,ACTIVE,2025-04-17 15:00:00,2025-12-05 15:00:00
W006764,U006764,30311.38,IDR,ACTIVE,2025-12-13 09:00:00,2026-08-23 00:00:00
W006765,U006765,205431.27,IDR,ACTIVE,2024-12-08 01:00:00,2026-02-22 01:00:00
W006766,U006766,37471.63,IDR,ACTIVE,2025-06-27 21:00:00,2026-04-09 21:00:00
W006767,U006767,155218.72,IDR,ACTIVE,2024-01-14 06:00:00,2024-11-08 06:00:00
W006768,U006768,88241.03,IDR,ACTIVE,2026-07-29 03:00:00,2026-08-23 00:00:00
W006769,U006769,332212.38,IDR,ACTIVE,2024-05-27 16:00:00,2024-08-30 16:00:00
W006770,U006770,11849.97,IDR,CLOSED,2024-08-07 01:00:00,2025-11-11 01:00:00
W006771,U006771,84819.97,IDR,ACTIVE,2024-12-27 06:00:00,2025-12-05 06:00:00
W006772,U006772,79485.0,IDR,ACTIVE,2024-06-11 01:00:00,2025-04-25 01:00:00
W006773,U006773,13492.88,IDR,ACTIVE,2024-06-03 07:00:00,2024-11-21 07:00:00
W006774,U006774,31126.53,IDR,ACTIVE,2025-09-12 16:00:00,2025-12-14 16:00:00
W006775,U006775,47498.36,IDR,ACTIVE,2025-11-03 23:00:00,2026-08-23 00:00:00
W006776,U006776,522763.29,IDR,ACTIVE,2024-05-16 15:00:00,2024-08-25 15:00:00
W006777,U006777,33315.31,IDR,ACTIVE,2025-09-17 23:00:00,2026-08-23 00:00:00
W006778,U006778,21028.84,IDR,FROZEN,2025-11-02 01:00:00,2026-02-18 01:00:00
W006779,U006779,15689.23,IDR,ACTIVE,2026-03-10 21:00:00,2026-03-15 21:00:00
W006780,U006780,13136.39,IDR,ACTIVE,2025-11-27 12:00:00,2026-06-17 12:00:00
W006781,U006781,547587.7,IDR,ACTIVE,2025-09-06 13:00:00,2026-08-23 00:00:00
W006782,U006782,73496.21,IDR,ACTIVE,2026-05-05 03:00:00,2026-08-23 00:00:00
W006783,U006783,23517.84,IDR,ACTIVE,2025-03-30 08:00:00,2025-11-28 08:00:00
W006784,U006784,236849.23,IDR,ACTIVE,2025-05-19 16:00:00,2026-01-29 16:00:00
W006785,U006785,389873.03,IDR,ACTIVE,2024-08-26 20:00:00,2025-07-10 20:00:00
W006786,U006786,24503.74,IDR,ACTIVE,2026-02-10 16:00:00,2026-08-23 00:00:00
W006787,U006787,39330.71,IDR,ACTIVE,2026-05-04 09:00:00,2026-08-23 00:00:00
W006788,U006788,196007.51,IDR,ACTIVE,2025-07-29 20:00:00,2026-07-24 20:00:00
W006789,U006789,124024.96,IDR,ACTIVE,2024-02-17 15:00:00,2024-12-30 15:00:00
W006790,U006790,51940.23,IDR,ACTIVE,2024-07-14 11:00:00,2025-03-09 11:00:00
W006791,U006791,202223.73,IDR,ACTIVE,2025-08-27 18:00:00,2026-04-28 18:00:00
W006792,U006792,13066.34,IDR,ACTIVE,2026-06-24 03:00:00,2026-08-23 00:00:00
W006793,U006793,4137.27,IDR,ACTIVE,2025-07-03 02:00:00,2026-02-22 02:00:00
W006794,U006794,20212.31,IDR,ACTIVE,2024-05-26 09:00:00,2024-12-25 09:00:00
W006795,U006795,29529.84,IDR,ACTIVE,2025-04-24 20:00:00,2026-07-12 20:00:00
W006796,U006796,26421.17,IDR,ACTIVE,2024-03-30 01:00:00,2025-07-19 01:00:00
W006797,U006797,7545.87,IDR,ACTIVE,2024-10-13 18:00:00,2025-10-10 18:00:00
W006798,U006798,41706.31,IDR,ACTIVE,2024-10-08 07:00:00,2025-08-30 07:00:00
W006799,U006799,106237.64,IDR,ACTIVE,2024-03-20 18:00:00,2025-05-05 18:00:00
W006800,U006800,143770.54,IDR,CLOSED,2024-08-08 03:00:00,2024-08-18 03:00:00
W006801,U006801,131776.71,IDR,ACTIVE,2024-07-12 20:00:00,2025-11-16 20:00:00
W006802,U006802,181457.48,IDR,ACTIVE,2024-01-23 23:00:00,2025-05-03 23:00:00
W006803,U006803,93940.04,IDR,ACTIVE,2025-08-31 04:00:00,2026-08-23 00:00:00
W006804,U006804,35256.03,IDR,ACTIVE,2024-09-23 21:00:00,2025-06-14 21:00:00
W006805,U006805,10611.62,IDR,ACTIVE,2026-07-23 12:00:00,2026-08-23 00:00:00
W006806,U006806,10393.04,IDR,ACTIVE,2024-09-09 17:00:00,2026-01-19 17:00:00
W006807,U006807,68647.0,IDR,ACTIVE,2024-11-25 19:00:00,2025-09-13 19:00:00
W006808,U006808,24836.92,IDR,ACTIVE,2024-01-27 09:00:00,2024-04-10 09:00:00
W006809,U006809,65205.85,IDR,ACTIVE,2024-01-22 00:00:00,2024-05-18 00:00:00
W006810,U006810,18447.4,IDR,ACTIVE,2025-02-10 12:00:00,2026-06-05 12:00:00
W006811,U006811,225751.75,IDR,ACTIVE,2025-10-20 01:00:00,2026-08-23 00:00:00
W006812,U006812,43194.28,IDR,ACTIVE,2025-12-01 01:00:00,2026-08-23 00:00:00
W006813,U006813,46645.28,IDR,ACTIVE,2025-03-24 04:00:00,2025-08-04 04:00:00
W006814,U006814,50935.27,IDR,ACTIVE,2026-02-07 03:00:00,2026-06-26 03:00:00
W006815,U006815,3313.68,IDR,ACTIVE,2025-04-18 01:00:00,2026-04-28 01:00:00
W006816,U006816,197356.89,IDR,ACTIVE,2026-02-10 13:00:00,2026-08-20 13:00:00
W006817,U006817,20606.19,IDR,ACTIVE,2026-04-23 07:00:00,2026-08-11 07:00:00
W006818,U006818,52203.22,IDR,ACTIVE,2025-07-17 05:00:00,2026-08-23 00:00:00
W006819,U006819,63236.66,IDR,ACTIVE,2025-08-03 09:00:00,2026-06-06 09:00:00
W006820,U006820,27102.39,IDR,ACTIVE,2024-04-12 15:00:00,2024-11-21 15:00:00
W006821,U006821,109044.49,IDR,ACTIVE,2026-05-02 07:00:00,2026-08-23 00:00:00
W006822,U006822,172915.77,IDR,ACTIVE,2024-11-06 18:00:00,2025-06-07 18:00:00
W006823,U006823,10470.38,IDR,ACTIVE,2024-11-06 02:00:00,2024-11-21 02:00:00
W006824,U006824,121734.9,IDR,ACTIVE,2024-12-23 08:00:00,2026-01-29 08:00:00
W006825,U006825,8869.89,IDR,ACTIVE,2025-10-30 21:00:00,2026-08-16 21:00:00
W006826,U006826,27164.56,IDR,ACTIVE,2026-02-07 22:00:00,2026-08-23 00:00:00
W006827,U006827,34675.19,IDR,FROZEN,2025-04-11 01:00:00,2025-09-12 01:00:00
W006828,U006828,35637.83,IDR,ACTIVE,2024-08-28 06:00:00,2025-05-22 06:00:00
W006829,U006829,209311.61,IDR,ACTIVE,2026-03-26 17:00:00,2026-08-23 00:00:00
W006830,U006830,37940.18,IDR,ACTIVE,2026-08-04 02:00:00,2026-08-23 00:00:00
W006831,U006831,37894.8,IDR,ACTIVE,2025-09-28 18:00:00,2026-05-15 18:00:00
W006832,U006832,16307.27,IDR,ACTIVE,2025-10-31 15:00:00,2026-05-11 15:00:00
W006833,U006833,80633.45,IDR,ACTIVE,2024-02-19 03:00:00,2025-06-19 03:00:00
W006834,U006834,48382.15,IDR,ACTIVE,2025-05-12 06:00:00,2025-10-30 06:00:00
W006835,U006835,97412.57,IDR,ACTIVE,2024-02-20 20:00:00,2024-08-02 20:00:00
W006836,U006836,16040.98,IDR,ACTIVE,2025-02-23 02:00:00,2025-07-16 02:00:00
W006837,U006837,341744.42,IDR,ACTIVE,2024-01-15 07:00:00,2025-03-25 07:00:00
W006838,U006838,131245.56,IDR,ACTIVE,2025-03-11 11:00:00,2026-03-25 11:00:00
W006839,U006839,2197502.7,IDR,ACTIVE,2025-11-25 21:00:00,2026-08-23 00:00:00
W006840,U006840,62416.76,IDR,ACTIVE,2026-07-07 20:00:00,2026-08-23 00:00:00
W006841,U006841,162110.34,IDR,ACTIVE,2024-01-10 09:00:00,2024-10-21 09:00:00
W006842,U006842,353005.75,IDR,ACTIVE,2025-10-19 18:00:00,2026-08-23 00:00:00
W006843,U006843,82435.01,IDR,ACTIVE,2025-07-01 22:00:00,2026-08-23 00:00:00
W006844,U006844,49876.25,IDR,ACTIVE,2024-07-26 07:00:00,2025-11-14 07:00:00
W006845,U006845,37117.85,IDR,ACTIVE,2025-06-17 05:00:00,2026-08-23 00:00:00
W006846,U006846,44148.8,IDR,ACTIVE,2026-05-23 01:00:00,2026-08-23 00:00:00
W006847,U006847,71275.72,IDR,ACTIVE,2025-06-18 18:00:00,2026-08-23 00:00:00
W006848,U006848,47652.08,IDR,ACTIVE,2026-07-15 09:00:00,2026-08-08 09:00:00
W006849,U006849,119058.86,IDR,ACTIVE,2024-05-02 05:00:00,2024-09-22 05:00:00
W006850,U006850,252091.34,IDR,ACTIVE,2025-01-06 21:00:00,2025-08-24 21:00:00
W006851,U006851,18871.0,IDR,ACTIVE,2024-02-15 06:00:00,2024-09-09 06:00:00
W006852,U006852,18783.19,IDR,ACTIVE,2025-07-12 08:00:00,2025-10-13 08:00:00
W006853,U006853,38369.95,IDR,ACTIVE,2025-11-05 15:00:00,2026-08-23 00:00:00
W006854,U006854,10550.81,IDR,ACTIVE,2024-03-20 06:00:00,2024-04-28 06:00:00
W006855,U006855,312648.3,IDR,ACTIVE,2024-12-13 09:00:00,2026-02-04 09:00:00
W006856,U006856,182320.49,IDR,ACTIVE,2025-06-29 04:00:00,2025-12-05 04:00:00
W006857,U006857,49338.22,IDR,ACTIVE,2024-05-04 09:00:00,2025-07-30 09:00:00
W006858,U006858,53925.21,IDR,CLOSED,2026-07-28 14:00:00,2026-08-23 00:00:00
W006859,U006859,84638.7,IDR,ACTIVE,2024-12-28 18:00:00,2026-04-02 18:00:00
W006860,U006860,27541.71,IDR,ACTIVE,2026-01-11 12:00:00,2026-04-04 12:00:00
W006861,U006861,42599.8,IDR,ACTIVE,2025-07-09 15:00:00,2026-08-14 15:00:00
W006862,U006862,29376.77,IDR,ACTIVE,2024-02-19 19:00:00,2025-05-01 19:00:00
W006863,U006863,63477.37,IDR,ACTIVE,2024-10-18 23:00:00,2025-10-25 23:00:00
W006864,U006864,65214.6,IDR,ACTIVE,2024-11-07 23:00:00,2025-01-18 23:00:00
W006865,U006865,52446.84,IDR,ACTIVE,2025-08-23 19:00:00,2025-11-21 19:00:00
W006866,U006866,163504.84,IDR,ACTIVE,2025-05-08 01:00:00,2026-06-29 01:00:00
W006867,U006867,53148.26,IDR,ACTIVE,2025-10-19 15:00:00,2025-12-27 15:00:00
W006868,U006868,56453.56,IDR,ACTIVE,2025-02-04 08:00:00,2025-11-08 08:00:00
W006869,U006869,13830.89,IDR,ACTIVE,2025-10-21 02:00:00,2026-08-23 00:00:00
W006870,U006870,115185.3,IDR,ACTIVE,2026-03-28 02:00:00,2026-08-23 00:00:00
W006871,U006871,69910.56,IDR,ACTIVE,2024-09-06 10:00:00,2024-09-16 10:00:00
W006872,U006872,128955.75,IDR,ACTIVE,2024-04-03 15:00:00,2025-03-19 15:00:00
W006873,U006873,25348.1,IDR,ACTIVE,2025-11-03 13:00:00,2026-03-03 13:00:00
W006874,U006874,19991.21,IDR,ACTIVE,2026-07-17 07:00:00,2026-08-23 00:00:00
W006875,U006875,47008.27,IDR,ACTIVE,2024-04-03 21:00:00,2024-05-03 21:00:00
W006876,U006876,9166.49,IDR,ACTIVE,2025-05-29 23:00:00,2026-08-23 00:00:00
W006877,U006877,334935.28,IDR,ACTIVE,2025-10-13 18:00:00,2026-04-30 18:00:00
W006878,U006878,45522.14,IDR,ACTIVE,2024-09-26 19:00:00,2025-12-30 19:00:00
W006879,U006879,5738.93,IDR,ACTIVE,2026-04-05 22:00:00,2026-08-23 00:00:00
W006880,U006880,35893.31,IDR,ACTIVE,2025-06-20 10:00:00,2025-08-06 10:00:00
W006881,U006881,50337.89,IDR,ACTIVE,2024-08-26 12:00:00,2025-03-14 12:00:00
W006882,U006882,254520.03,IDR,ACTIVE,2026-08-02 15:00:00,2026-08-23 00:00:00
W006883,U006883,62762.95,IDR,ACTIVE,2025-04-08 11:00:00,2025-12-11 11:00:00
W006884,U006884,14774.04,IDR,ACTIVE,2026-05-09 13:00:00,2026-08-23 00:00:00
W006885,U006885,85799.26,IDR,ACTIVE,2025-01-19 17:00:00,2026-04-25 17:00:00
W006886,U006886,61806.86,IDR,ACTIVE,2025-07-18 13:00:00,2026-08-20 13:00:00
W006887,U006887,48525.09,IDR,ACTIVE,2025-08-13 13:00:00,2025-11-04 13:00:00
W006888,U006888,41416.02,IDR,ACTIVE,2026-08-05 14:00:00,2026-08-23 00:00:00
W006889,U006889,151421.02,IDR,ACTIVE,2025-03-31 22:00:00,2026-04-19 22:00:00
W006890,U006890,59988.79,IDR,ACTIVE,2025-02-06 14:00:00,2025-03-27 14:00:00
W006891,U006891,56334.39,IDR,ACTIVE,2025-04-11 14:00:00,2025-06-12 14:00:00
W006892,U006892,194198.78,IDR,ACTIVE,2025-08-01 02:00:00,2026-05-22 02:00:00
W006893,U006893,133146.16,IDR,CLOSED,2024-09-02 18:00:00,2026-01-10 18:00:00
W006894,U006894,86153.97,IDR,ACTIVE,2024-07-03 22:00:00,2025-06-03 22:00:00
W006895,U006895,30091.29,IDR,ACTIVE,2025-09-27 02:00:00,2026-06-06 02:00:00
W006896,U006896,44086.13,IDR,ACTIVE,2026-07-29 23:00:00,2026-08-23 00:00:00
W006897,U006897,54436.97,IDR,ACTIVE,2024-04-10 00:00:00,2025-03-16 00:00:00
W006898,U006898,16354.95,IDR,ACTIVE,2024-09-09 20:00:00,2024-09-14 20:00:00
W006899,U006899,36516.06,IDR,ACTIVE,2024-08-07 04:00:00,2024-11-02 04:00:00
W006900,U006900,62171.07,IDR,ACTIVE,2026-02-23 14:00:00,2026-08-23 00:00:00
W006901,U006901,106394.17,IDR,ACTIVE,2024-08-30 05:00:00,2025-09-11 05:00:00
W006902,U006902,101768.09,IDR,ACTIVE,2026-05-05 09:00:00,2026-08-23 00:00:00
W006903,U006903,11576.48,IDR,ACTIVE,2024-04-27 14:00:00,2025-01-10 14:00:00
W006904,U006904,41579.31,IDR,ACTIVE,2024-12-05 06:00:00,2024-12-05 06:00:00
W006905,U006905,26906.4,IDR,ACTIVE,2026-01-23 00:00:00,2026-05-15 00:00:00
W006906,U006906,9817.06,IDR,ACTIVE,2026-05-29 17:00:00,2026-08-23 00:00:00
W006907,U006907,51900.58,IDR,ACTIVE,2025-11-19 20:00:00,2026-08-23 00:00:00
W006908,U006908,36083.74,IDR,ACTIVE,2026-07-13 13:00:00,2026-08-23 00:00:00
W006909,U006909,60126.77,IDR,ACTIVE,2024-03-29 13:00:00,2025-07-01 13:00:00
W006910,U006910,102782.89,IDR,ACTIVE,2024-03-21 18:00:00,2024-08-25 18:00:00
W006911,U006911,85304.02,IDR,ACTIVE,2024-07-24 19:00:00,2024-09-06 19:00:00
W006912,U006912,397382.16,IDR,ACTIVE,2025-04-28 17:00:00,2025-11-26 17:00:00
W006913,U006913,69663.64,IDR,ACTIVE,2024-09-23 20:00:00,2025-10-03 20:00:00
W006914,U006914,243061.4,IDR,ACTIVE,2025-09-14 19:00:00,2026-08-13 19:00:00
W006915,U006915,20870.02,IDR,ACTIVE,2024-03-16 15:00:00,2025-03-07 15:00:00
W006916,U006916,83963.74,IDR,ACTIVE,2024-11-16 19:00:00,2025-11-14 19:00:00
W006917,U006917,29738.12,IDR,ACTIVE,2025-06-24 22:00:00,2025-09-23 22:00:00
W006918,U006918,46343.4,IDR,ACTIVE,2025-01-07 06:00:00,2026-01-11 06:00:00
W006919,U006919,136667.67,IDR,ACTIVE,2026-02-25 04:00:00,2026-05-21 04:00:00
W006920,U006920,45925.52,IDR,ACTIVE,2025-01-14 17:00:00,2026-03-29 17:00:00
W006921,U006921,166765.88,IDR,ACTIVE,2024-09-26 16:00:00,2025-05-25 16:00:00
W006922,U006922,30592.27,IDR,ACTIVE,2024-06-04 20:00:00,2025-05-20 20:00:00
W006923,U006923,20190.54,IDR,ACTIVE,2025-08-06 15:00:00,2026-02-09 15:00:00
W006924,U006924,74094.05,IDR,ACTIVE,2025-04-28 23:00:00,2026-06-07 23:00:00
W006925,U006925,77533.1,IDR,ACTIVE,2024-06-03 17:00:00,2024-12-08 17:00:00
W006926,U006926,43196.61,IDR,ACTIVE,2024-09-28 10:00:00,2025-06-02 10:00:00
W006927,U006927,111061.37,IDR,ACTIVE,2026-03-25 22:00:00,2026-08-23 00:00:00
W006928,U006928,8589.59,IDR,ACTIVE,2024-01-16 10:00:00,2024-05-04 10:00:00
W006929,U006929,23054.59,IDR,ACTIVE,2025-01-16 18:00:00,2025-03-30 18:00:00
W006930,U006930,90720.44,IDR,ACTIVE,2024-01-21 23:00:00,2025-05-23 23:00:00
W006931,U006931,47731.91,IDR,ACTIVE,2025-10-28 09:00:00,2026-02-10 09:00:00
W006932,U006932,31861.22,IDR,ACTIVE,2024-03-07 16:00:00,2024-05-03 16:00:00
W006933,U006933,68531.98,IDR,ACTIVE,2024-05-05 04:00:00,2024-07-20 04:00:00
W006934,U006934,153179.09,IDR,ACTIVE,2026-01-06 11:00:00,2026-08-23 00:00:00
W006935,U006935,84404.02,IDR,ACTIVE,2024-06-27 11:00:00,2024-07-06 11:00:00
W006936,U006936,127453.25,IDR,ACTIVE,2026-05-21 02:00:00,2026-07-30 02:00:00
W006937,U006937,88917.96,IDR,ACTIVE,2026-07-31 13:00:00,2026-08-23 00:00:00
W006938,U006938,201287.79,IDR,ACTIVE,2024-12-03 07:00:00,2025-11-22 07:00:00
W006939,U006939,36378.59,IDR,ACTIVE,2025-07-31 23:00:00,2026-08-23 00:00:00
W006940,U006940,164411.99,IDR,ACTIVE,2025-02-15 18:00:00,2025-07-08 18:00:00
W006941,U006941,12284.63,IDR,ACTIVE,2025-07-19 11:00:00,2026-08-23 00:00:00
W006942,U006942,18454.81,IDR,ACTIVE,2025-09-08 20:00:00,2026-08-03 20:00:00
W006943,U006943,108495.77,IDR,ACTIVE,2024-06-28 07:00:00,2024-08-17 07:00:00
W006944,U006944,17523.06,IDR,ACTIVE,2025-10-27 18:00:00,2026-01-12 18:00:00
W006945,U006945,43261.63,IDR,ACTIVE,2025-11-15 13:00:00,2026-06-19 13:00:00
W006946,U006946,197834.36,IDR,ACTIVE,2025-07-04 04:00:00,2026-08-21 04:00:00
W006947,U006947,20590.46,IDR,ACTIVE,2025-09-18 08:00:00,2026-05-27 08:00:00
W006948,U006948,139997.74,IDR,FROZEN,2024-12-06 13:00:00,2024-12-07 13:00:00
W006949,U006949,41234.95,IDR,ACTIVE,2025-07-18 17:00:00,2025-10-03 17:00:00
W006950,U006950,19055.13,IDR,ACTIVE,2024-06-03 16:00:00,2024-07-03 16:00:00
W006951,U006951,59465.17,IDR,ACTIVE,2024-03-14 02:00:00,2024-04-14 02:00:00
W006952,U006952,183224.86,IDR,ACTIVE,2025-08-14 04:00:00,2025-12-22 04:00:00
W006953,U006953,17047.02,IDR,ACTIVE,2025-04-07 16:00:00,2026-05-07 16:00:00
W006954,U006954,16239.57,IDR,ACTIVE,2024-10-02 16:00:00,2025-09-13 16:00:00
W006955,U006955,104857.96,IDR,ACTIVE,2024-12-06 08:00:00,2025-02-01 08:00:00
W006956,U006956,34716.57,IDR,ACTIVE,2024-04-23 14:00:00,2025-03-24 14:00:00
W006957,U006957,403531.91,IDR,ACTIVE,2024-06-01 07:00:00,2025-04-03 07:00:00
W006958,U006958,77604.78,IDR,ACTIVE,2024-06-09 12:00:00,2025-04-18 12:00:00
W006959,U006959,152473.81,IDR,ACTIVE,2026-03-06 19:00:00,2026-07-09 19:00:00
W006960,U006960,74954.18,IDR,ACTIVE,2025-09-10 20:00:00,2026-01-02 20:00:00
W006961,U006961,17419.66,IDR,ACTIVE,2025-10-09 06:00:00,2026-02-11 06:00:00
W006962,U006962,24680.32,IDR,ACTIVE,2025-01-25 06:00:00,2026-01-30 06:00:00
W006963,U006963,27836.85,IDR,ACTIVE,2026-04-16 16:00:00,2026-08-23 00:00:00
W006964,U006964,94457.25,IDR,ACTIVE,2026-05-07 17:00:00,2026-08-23 00:00:00
W006965,U006965,57429.89,IDR,ACTIVE,2024-02-13 17:00:00,2025-02-15 17:00:00
W006966,U006966,10355.17,IDR,ACTIVE,2024-12-20 16:00:00,2025-10-13 16:00:00
W006967,U006967,114332.99,IDR,ACTIVE,2026-06-16 04:00:00,2026-08-23 00:00:00
W006968,U006968,507907.8,IDR,ACTIVE,2026-07-13 03:00:00,2026-08-23 00:00:00
W006969,U006969,20293.46,IDR,ACTIVE,2024-03-31 06:00:00,2025-01-10 06:00:00
W006970,U006970,23087.14,IDR,ACTIVE,2024-12-14 13:00:00,2026-04-22 13:00:00
W006971,U006971,30864.34,IDR,ACTIVE,2025-02-16 03:00:00,2026-05-28 03:00:00
W006972,U006972,51101.2,IDR,ACTIVE,2026-06-19 11:00:00,2026-08-23 00:00:00
W006973,U006973,21709.88,IDR,ACTIVE,2025-12-04 04:00:00,2026-04-10 04:00:00
W006974,U006974,194978.24,IDR,ACTIVE,2024-09-01 01:00:00,2025-05-10 01:00:00
W006975,U006975,291448.63,IDR,ACTIVE,2026-03-18 19:00:00,2026-08-23 00:00:00
W006976,U006976,65172.81,IDR,ACTIVE,2026-04-15 20:00:00,2026-08-23 00:00:00
W006977,U006977,54460.41,IDR,ACTIVE,2025-09-14 15:00:00,2026-06-19 15:00:00
W006978,U006978,11419.0,IDR,ACTIVE,2025-06-04 07:00:00,2026-06-14 07:00:00
W006979,U006979,18711.64,IDR,ACTIVE,2026-08-11 11:00:00,2026-08-23 00:00:00
W006980,U006980,7574.0,IDR,ACTIVE,2026-06-22 18:00:00,2026-08-23 00:00:00
W006981,U006981,32241.91,IDR,ACTIVE,2026-07-23 00:00:00,2026-08-23 00:00:00
W006982,U006982,37990.8,IDR,ACTIVE,2024-07-30 08:00:00,2025-11-14 08:00:00
W006983,U006983,103416.98,IDR,ACTIVE,2024-06-22 12:00:00,2024-07-07 12:00:00
W006984,U006984,65858.52,IDR,ACTIVE,2025-10-12 06:00:00,2026-08-23 00:00:00
W006985,U006985,26377.55,IDR,ACTIVE,2026-04-10 09:00:00,2026-07-09 09:00:00
W006986,U006986,109374.75,IDR,ACTIVE,2025-11-05 19:00:00,2026-08-23 00:00:00
W006987,U006987,625559.25,IDR,ACTIVE,2025-05-02 01:00:00,2026-02-03 01:00:00
W006988,U006988,115426.05,IDR,ACTIVE,2024-11-07 14:00:00,2025-01-24 14:00:00
W006989,U006989,35092.33,IDR,ACTIVE,2026-07-17 04:00:00,2026-08-23 00:00:00
W006990,U006990,73141.53,IDR,ACTIVE,2025-11-29 20:00:00,2026-07-09 20:00:00
W006991,U006991,21177.04,IDR,ACTIVE,2024-06-09 17:00:00,2024-07-24 17:00:00
W006992,U006992,19260.38,IDR,ACTIVE,2026-05-20 14:00:00,2026-08-23 00:00:00
W006993,U006993,319342.49,IDR,ACTIVE,2026-06-11 14:00:00,2026-08-23 00:00:00
W006994,U006994,74336.44,IDR,ACTIVE,2024-09-16 17:00:00,2025-11-26 17:00:00
W006995,U006995,158217.56,IDR,ACTIVE,2024-11-18 14:00:00,2025-10-27 14:00:00
W006996,U006996,44415.09,IDR,ACTIVE,2025-10-25 07:00:00,2026-08-23 00:00:00
W006997,U006997,19145.11,IDR,ACTIVE,2024-10-21 15:00:00,2024-11-28 15:00:00
W006998,U006998,16165.04,IDR,ACTIVE,2025-08-29 02:00:00,2026-07-06 02:00:00
W006999,U006999,24149.24,IDR,ACTIVE,2025-01-11 11:00:00,2025-12-10 11:00:00
W007000,U007000,84755.46,IDR,ACTIVE,2026-03-31 14:00:00,2026-08-13 14:00:00
W007001,U007001,13511.92,IDR,ACTIVE,2024-02-27 16:00:00,2025-06-27 16:00:00
W007002,U007002,59849.65,IDR,ACTIVE,2024-03-30 18:00:00,2024-07-24 18:00:00
W007003,U007003,96671.8,IDR,CLOSED,2026-07-23 01:00:00,2026-08-23 00:00:00
W007004,U007004,18542.62,IDR,ACTIVE,2025-06-01 22:00:00,2026-02-04 22:00:00
W007005,U007005,157633.75,IDR,CLOSED,2025-10-17 01:00:00,2026-08-23 00:00:00
W007006,U007006,620836.44,IDR,ACTIVE,2025-03-09 05:00:00,2026-07-20 05:00:00
W007007,U007007,137976.1,IDR,ACTIVE,2025-05-16 04:00:00,2025-11-30 04:00:00
W007008,U007008,50876.99,IDR,ACTIVE,2025-11-11 01:00:00,2026-08-23 00:00:00
W007009,U007009,27980.58,IDR,ACTIVE,2026-07-21 07:00:00,2026-08-23 00:00:00
W007010,U007010,77064.51,IDR,ACTIVE,2024-04-14 17:00:00,2025-04-03 17:00:00
W007011,U007011,74578.06,IDR,ACTIVE,2025-10-16 15:00:00,2026-01-20 15:00:00
W007012,U007012,61159.05,IDR,ACTIVE,2024-10-11 11:00:00,2024-12-05 11:00:00
W007013,U007013,79996.97,IDR,ACTIVE,2024-02-29 17:00:00,2024-07-18 17:00:00
W007014,U007014,22243.94,IDR,ACTIVE,2026-06-08 03:00:00,2026-08-23 00:00:00
W007015,U007015,114827.9,IDR,ACTIVE,2025-02-07 13:00:00,2026-02-28 13:00:00
W007016,U007016,15227.64,IDR,ACTIVE,2024-05-26 02:00:00,2024-09-11 02:00:00
W007017,U007017,15133.7,IDR,CLOSED,2024-03-22 18:00:00,2024-08-23 18:00:00
W007018,U007018,8089.11,IDR,ACTIVE,2025-12-31 12:00:00,2026-05-01 12:00:00
W007019,U007019,101963.69,IDR,ACTIVE,2025-06-09 15:00:00,2025-09-10 15:00:00
W007020,U007020,82531.54,IDR,ACTIVE,2025-10-28 14:00:00,2026-05-22 14:00:00
W007021,U007021,56088.68,IDR,ACTIVE,2026-04-16 19:00:00,2026-08-23 00:00:00
W007022,U007022,30878.38,IDR,ACTIVE,2024-02-20 15:00:00,2025-03-17 15:00:00
W007023,U007023,36270.9,IDR,ACTIVE,2024-10-19 12:00:00,2025-09-22 12:00:00
W007024,U007024,21574.34,IDR,ACTIVE,2025-09-16 16:00:00,2026-02-28 16:00:00
W007025,U007025,73320.72,IDR,ACTIVE,2024-11-16 00:00:00,2025-07-12 00:00:00
W007026,U007026,7047.11,IDR,ACTIVE,2025-10-28 17:00:00,2026-08-23 00:00:00
W007027,U007027,9916.17,IDR,ACTIVE,2024-08-01 22:00:00,2025-01-01 22:00:00
W007028,U007028,22489.85,IDR,ACTIVE,2025-04-01 16:00:00,2026-02-26 16:00:00
W007029,U007029,64840.19,IDR,ACTIVE,2025-04-21 22:00:00,2025-10-19 22:00:00
W007030,U007030,51871.78,IDR,FROZEN,2026-03-28 00:00:00,2026-04-10 00:00:00
W007031,U007031,212090.75,IDR,ACTIVE,2025-01-18 19:00:00,2026-03-09 19:00:00
W007032,U007032,43426.74,IDR,ACTIVE,2025-04-26 16:00:00,2025-12-01 16:00:00
W007033,U007033,124924.96,IDR,ACTIVE,2026-04-26 21:00:00,2026-08-23 00:00:00
W007034,U007034,61674.21,IDR,ACTIVE,2025-02-23 18:00:00,2025-05-16 18:00:00
W007035,U007035,7943.82,IDR,ACTIVE,2025-02-26 08:00:00,2026-01-22 08:00:00
W007036,U007036,19147.31,IDR,FROZEN,2025-01-16 22:00:00,2025-01-24 22:00:00
W007037,U007037,21576.82,IDR,CLOSED,2026-07-23 02:00:00,2026-08-23 00:00:00
W007038,U007038,26474.46,IDR,ACTIVE,2025-06-30 19:00:00,2025-07-14 19:00:00
W007039,U007039,39326.14,IDR,ACTIVE,2026-03-11 16:00:00,2026-08-23 00:00:00
W007040,U007040,162616.44,IDR,ACTIVE,2024-01-14 23:00:00,2024-05-07 23:00:00
W007041,U007041,46570.34,IDR,FROZEN,2025-04-25 23:00:00,2026-03-01 23:00:00
W007042,U007042,29571.5,IDR,ACTIVE,2026-04-18 11:00:00,2026-08-23 00:00:00
W007043,U007043,134118.04,IDR,ACTIVE,2025-05-11 09:00:00,2026-08-23 00:00:00
W007044,U007044,133044.47,IDR,ACTIVE,2025-05-20 07:00:00,2025-12-01 07:00:00
W007045,U007045,5990.21,IDR,ACTIVE,2024-03-28 19:00:00,2025-01-11 19:00:00
W007046,U007046,51403.17,IDR,ACTIVE,2024-04-29 03:00:00,2025-04-30 03:00:00
W007047,U007047,187070.68,IDR,ACTIVE,2025-05-09 15:00:00,2026-01-19 15:00:00
W007048,U007048,44070.6,IDR,ACTIVE,2025-02-21 18:00:00,2025-12-27 18:00:00
W007049,U007049,19945.35,IDR,ACTIVE,2024-09-30 14:00:00,2025-05-21 14:00:00
W007050,U007050,123684.79,IDR,ACTIVE,2025-08-15 04:00:00,2025-11-05 04:00:00
W007051,U007051,17544.15,IDR,ACTIVE,2024-09-26 22:00:00,2025-05-03 22:00:00
W007052,U007052,62555.19,IDR,ACTIVE,2025-06-24 12:00:00,2026-07-02 12:00:00
W007053,U007053,43620.92,IDR,ACTIVE,2025-08-21 02:00:00,2026-08-23 00:00:00
W007054,U007054,11385.91,IDR,ACTIVE,2024-05-25 07:00:00,2024-09-23 07:00:00
W007055,U007055,153743.46,IDR,ACTIVE,2024-10-25 00:00:00,2025-01-08 00:00:00
W007056,U007056,79306.25,IDR,ACTIVE,2025-03-12 00:00:00,2025-05-20 00:00:00
W007057,U007057,221535.55,IDR,ACTIVE,2024-01-05 11:00:00,2025-01-18 11:00:00
W007058,U007058,51577.77,IDR,ACTIVE,2026-03-06 15:00:00,2026-08-23 00:00:00
W007059,U007059,21273.02,IDR,ACTIVE,2025-09-30 19:00:00,2026-05-28 19:00:00
W007060,U007060,12226.44,IDR,ACTIVE,2026-03-16 13:00:00,2026-08-23 00:00:00
W007061,U007061,135944.11,IDR,ACTIVE,2026-01-06 07:00:00,2026-08-23 00:00:00
W007062,U007062,19519.14,IDR,ACTIVE,2025-08-17 22:00:00,2025-09-05 22:00:00
W007063,U007063,616298.12,IDR,ACTIVE,2026-02-28 03:00:00,2026-07-07 03:00:00
W007064,U007064,336219.18,IDR,ACTIVE,2024-09-30 07:00:00,2025-12-19 07:00:00
W007065,U007065,56645.96,IDR,ACTIVE,2024-10-03 12:00:00,2025-08-31 12:00:00
W007066,U007066,40666.46,IDR,ACTIVE,2025-12-01 21:00:00,2025-12-06 21:00:00
W007067,U007067,26274.57,IDR,ACTIVE,2024-02-03 13:00:00,2024-10-24 13:00:00
W007068,U007068,29292.72,IDR,ACTIVE,2026-03-23 04:00:00,2026-08-23 00:00:00
W007069,U007069,478378.06,IDR,ACTIVE,2025-02-26 15:00:00,2025-08-20 15:00:00
W007070,U007070,35041.4,IDR,FROZEN,2025-01-21 01:00:00,2025-02-02 01:00:00
W007071,U007071,85199.45,IDR,FROZEN,2025-10-18 19:00:00,2026-08-23 00:00:00
W007072,U007072,91958.11,IDR,ACTIVE,2025-05-18 21:00:00,2025-06-28 21:00:00
W007073,U007073,144547.22,IDR,ACTIVE,2025-09-21 11:00:00,2026-06-19 11:00:00
W007074,U007074,78154.75,IDR,FROZEN,2025-12-13 18:00:00,2026-04-04 18:00:00
W007075,U007075,52134.5,IDR,FROZEN,2026-07-10 21:00:00,2026-08-23 00:00:00
W007076,U007076,24057.5,IDR,ACTIVE,2026-05-05 08:00:00,2026-08-23 00:00:00
W007077,U007077,89515.27,IDR,ACTIVE,2025-03-19 11:00:00,2026-07-15 11:00:00
W007078,U007078,71702.78,IDR,ACTIVE,2025-12-01 10:00:00,2026-03-04 10:00:00
W007079,U007079,34418.64,IDR,ACTIVE,2025-09-26 05:00:00,2025-11-30 05:00:00
W007080,U007080,81897.52,IDR,ACTIVE,2024-02-04 09:00:00,2025-02-18 09:00:00
W007081,U007081,47995.94,IDR,ACTIVE,2025-11-17 19:00:00,2026-04-24 19:00:00
W007082,U007082,71722.58,IDR,ACTIVE,2024-02-11 02:00:00,2024-05-18 02:00:00
W007083,U007083,108737.87,IDR,ACTIVE,2024-06-10 18:00:00,2025-03-31 18:00:00
W007084,U007084,61895.96,IDR,ACTIVE,2025-07-11 20:00:00,2025-08-23 20:00:00
W007085,U007085,119990.11,IDR,ACTIVE,2024-01-02 12:00:00,2024-10-16 12:00:00
W007086,U007086,60800.51,IDR,ACTIVE,2026-04-25 06:00:00,2026-08-09 06:00:00
W007087,U007087,144418.57,IDR,ACTIVE,2025-08-20 07:00:00,2026-05-29 07:00:00
W007088,U007088,38843.87,IDR,ACTIVE,2024-10-07 10:00:00,2025-05-17 10:00:00
W007089,U007089,20083.7,IDR,ACTIVE,2025-07-27 10:00:00,2026-05-23 10:00:00
W007090,U007090,68310.43,IDR,ACTIVE,2025-03-08 15:00:00,2025-03-14 15:00:00
W007091,U007091,282419.01,IDR,ACTIVE,2025-09-28 23:00:00,2026-08-23 00:00:00
W007092,U007092,129243.99,IDR,ACTIVE,2025-04-29 13:00:00,2026-03-01 13:00:00
W007093,U007093,278355.91,IDR,ACTIVE,2024-10-04 22:00:00,2024-11-06 22:00:00
W007094,U007094,34148.98,IDR,ACTIVE,2026-04-14 13:00:00,2026-08-23 00:00:00
W007095,U007095,51887.52,IDR,ACTIVE,2025-11-23 13:00:00,2026-08-23 00:00:00
W007096,U007096,21069.12,IDR,ACTIVE,2024-07-21 20:00:00,2025-08-27 20:00:00
W007097,U007097,16208.27,IDR,ACTIVE,2026-04-17 04:00:00,2026-08-23 00:00:00
W007098,U007098,234651.48,IDR,ACTIVE,2025-08-08 09:00:00,2025-08-29 09:00:00
W007099,U007099,208159.3,IDR,ACTIVE,2025-01-24 16:00:00,2025-12-21 16:00:00
W007100,U007100,98695.31,IDR,ACTIVE,2024-03-21 02:00:00,2024-11-08 02:00:00
W007101,U007101,34599.56,IDR,ACTIVE,2025-05-16 00:00:00,2026-05-02 00:00:00
W007102,U007102,111873.1,IDR,ACTIVE,2024-01-31 18:00:00,2025-03-12 18:00:00
W007103,U007103,188754.93,IDR,ACTIVE,2024-08-09 07:00:00,2025-10-09 07:00:00
W007104,U007104,322669.33,IDR,ACTIVE,2025-06-04 04:00:00,2025-07-09 04:00:00
W007105,U007105,13242.03,IDR,ACTIVE,2025-04-02 10:00:00,2025-06-08 10:00:00
W007106,U007106,39561.56,IDR,ACTIVE,2025-12-17 14:00:00,2026-08-23 00:00:00
W007107,U007107,36038.11,IDR,ACTIVE,2025-08-26 18:00:00,2026-06-30 18:00:00
W007108,U007108,45513.15,IDR,ACTIVE,2024-03-23 18:00:00,2024-10-12 18:00:00
W007109,U007109,91421.39,IDR,FROZEN,2024-11-30 16:00:00,2025-09-21 16:00:00
W007110,U007110,8370.45,IDR,ACTIVE,2024-11-24 00:00:00,2025-12-28 00:00:00
W007111,U007111,33843.94,IDR,ACTIVE,2026-07-19 05:00:00,2026-08-23 00:00:00
W007112,U007112,37073.84,IDR,ACTIVE,2026-04-15 01:00:00,2026-08-23 00:00:00
W007113,U007113,60227.47,IDR,ACTIVE,2024-10-31 02:00:00,2025-07-15 02:00:00
W007114,U007114,68118.41,IDR,ACTIVE,2025-10-18 01:00:00,2026-03-31 01:00:00
W007115,U007115,44801.69,IDR,ACTIVE,2025-11-28 01:00:00,2026-08-23 00:00:00
W007116,U007116,413727.65,IDR,ACTIVE,2025-11-24 23:00:00,2026-01-17 23:00:00
W007117,U007117,48878.41,IDR,ACTIVE,2025-12-19 03:00:00,2026-03-05 03:00:00
W007118,U007118,90510.89,IDR,ACTIVE,2024-08-01 13:00:00,2024-08-28 13:00:00
W007119,U007119,108154.95,IDR,ACTIVE,2025-11-22 22:00:00,2026-08-23 00:00:00
W007120,U007120,23199.27,IDR,ACTIVE,2026-03-04 11:00:00,2026-08-23 00:00:00
W007121,U007121,24358.27,IDR,ACTIVE,2025-02-17 18:00:00,2025-09-20 18:00:00
W007122,U007122,110221.17,IDR,ACTIVE,2026-08-11 08:00:00,2026-08-23 00:00:00
W007123,U007123,211172.24,IDR,ACTIVE,2025-07-06 02:00:00,2026-04-12 02:00:00
W007124,U007124,320178.95,IDR,ACTIVE,2025-12-16 08:00:00,2026-08-23 00:00:00
W007125,U007125,23816.68,IDR,ACTIVE,2025-01-07 19:00:00,2026-03-30 19:00:00
W007126,U007126,153030.32,IDR,ACTIVE,2025-10-14 17:00:00,2026-08-23 00:00:00
W007127,U007127,55752.76,IDR,ACTIVE,2024-02-09 11:00:00,2024-07-15 11:00:00
W007128,U007128,207513.19,IDR,ACTIVE,2025-10-17 02:00:00,2026-08-23 00:00:00
W007129,U007129,80694.68,IDR,ACTIVE,2025-04-23 15:00:00,2026-03-17 15:00:00
W007130,U007130,99545.36,IDR,ACTIVE,2024-11-06 21:00:00,2026-03-08 21:00:00
W007131,U007131,253362.91,IDR,ACTIVE,2025-05-08 08:00:00,2026-01-24 08:00:00
W007132,U007132,285754.93,IDR,ACTIVE,2024-11-20 09:00:00,2025-08-18 09:00:00
W007133,U007133,64968.33,IDR,ACTIVE,2024-04-01 01:00:00,2024-09-20 01:00:00
W007134,U007134,11947.79,IDR,ACTIVE,2026-06-06 12:00:00,2026-08-23 00:00:00
W007135,U007135,28288.88,IDR,ACTIVE,2025-09-27 00:00:00,2026-08-23 00:00:00
W007136,U007136,496105.29,IDR,ACTIVE,2026-02-27 01:00:00,2026-08-23 00:00:00
W007137,U007137,104908.44,IDR,ACTIVE,2025-02-14 12:00:00,2025-02-17 12:00:00
W007138,U007138,23927.73,IDR,ACTIVE,2025-06-04 20:00:00,2025-11-09 20:00:00
W007139,U007139,32385.65,IDR,ACTIVE,2025-06-16 20:00:00,2026-01-02 20:00:00
W007140,U007140,173014.69,IDR,ACTIVE,2024-07-21 11:00:00,2024-07-26 11:00:00
W007141,U007141,400866.87,IDR,ACTIVE,2024-02-19 04:00:00,2025-04-24 04:00:00
W007142,U007142,59169.58,IDR,ACTIVE,2025-12-27 23:00:00,2026-04-19 23:00:00
W007143,U007143,208109.89,IDR,ACTIVE,2024-04-04 01:00:00,2024-11-03 01:00:00
W007144,U007144,150355.02,IDR,ACTIVE,2026-06-28 20:00:00,2026-08-23 00:00:00
W007145,U007145,81766.98,IDR,ACTIVE,2024-05-01 13:00:00,2025-07-03 13:00:00
W007146,U007146,119898.32,IDR,ACTIVE,2026-02-18 11:00:00,2026-03-04 11:00:00
W007147,U007147,78228.66,IDR,ACTIVE,2024-05-05 19:00:00,2024-05-15 19:00:00
W007148,U007148,216808.5,IDR,FROZEN,2025-05-11 11:00:00,2026-04-05 11:00:00
W007149,U007149,127320.88,IDR,ACTIVE,2025-03-06 22:00:00,2025-10-26 22:00:00
W007150,U007150,13269.17,IDR,ACTIVE,2025-04-30 10:00:00,2026-01-03 10:00:00
W007151,U007151,48357.17,IDR,ACTIVE,2025-11-29 18:00:00,2026-03-17 18:00:00
W007152,U007152,23652.32,IDR,ACTIVE,2026-03-05 18:00:00,2026-08-23 00:00:00
W007153,U007153,66274.2,IDR,FROZEN,2026-06-25 18:00:00,2026-08-13 18:00:00
W007154,U007154,45792.38,IDR,ACTIVE,2026-05-02 09:00:00,2026-08-23 00:00:00
W007155,U007155,31568.04,IDR,FROZEN,2024-01-26 07:00:00,2024-09-18 07:00:00
W007156,U007156,17699.45,IDR,ACTIVE,2025-07-27 18:00:00,2026-08-23 00:00:00
W007157,U007157,7706.82,IDR,ACTIVE,2026-07-01 01:00:00,2026-08-23 00:00:00
W007158,U007158,212603.06,IDR,ACTIVE,2024-04-15 10:00:00,2025-07-04 10:00:00
W007159,U007159,212181.83,IDR,ACTIVE,2026-06-11 02:00:00,2026-08-23 00:00:00
W007160,U007160,17060.69,IDR,ACTIVE,2025-10-20 23:00:00,2026-08-23 00:00:00
W007161,U007161,80279.64,IDR,ACTIVE,2025-05-06 00:00:00,2026-03-05 00:00:00
W007162,U007162,10600.89,IDR,ACTIVE,2024-08-29 00:00:00,2024-11-07 00:00:00
W007163,U007163,26713.17,IDR,ACTIVE,2025-07-05 13:00:00,2026-08-23 00:00:00
W007164,U007164,42897.82,IDR,ACTIVE,2026-04-07 15:00:00,2026-05-13 15:00:00
W007165,U007165,29605.2,IDR,ACTIVE,2025-04-24 05:00:00,2025-08-30 05:00:00
W007166,U007166,104516.73,IDR,ACTIVE,2025-01-15 20:00:00,2025-05-11 20:00:00
W007167,U007167,4677.23,IDR,ACTIVE,2026-02-16 02:00:00,2026-04-08 02:00:00
W007168,U007168,25871.62,IDR,ACTIVE,2025-12-08 20:00:00,2026-08-23 00:00:00
W007169,U007169,139449.88,IDR,ACTIVE,2025-05-23 04:00:00,2026-01-01 04:00:00
W007170,U007170,9851.68,IDR,ACTIVE,2024-06-11 13:00:00,2025-07-06 13:00:00
W007171,U007171,28675.63,IDR,ACTIVE,2026-01-18 04:00:00,2026-05-18 04:00:00
W007172,U007172,161304.16,IDR,ACTIVE,2024-05-08 14:00:00,2024-08-14 14:00:00
W007173,U007173,459843.7,IDR,ACTIVE,2025-04-28 17:00:00,2025-06-22 17:00:00
W007174,U007174,212522.6,IDR,ACTIVE,2025-04-14 07:00:00,2025-04-17 07:00:00
W007175,U007175,41764.5,IDR,ACTIVE,2024-11-14 17:00:00,2025-03-18 17:00:00
W007176,U007176,455472.15,IDR,ACTIVE,2026-02-24 08:00:00,2026-08-23 00:00:00
W007177,U007177,144049.14,IDR,ACTIVE,2024-08-07 07:00:00,2025-04-15 07:00:00
W007178,U007178,17462.33,IDR,ACTIVE,2025-10-13 00:00:00,2026-01-27 00:00:00
W007179,U007179,11063.51,IDR,ACTIVE,2024-05-02 12:00:00,2024-08-21 12:00:00
W007180,U007180,131207.62,IDR,ACTIVE,2026-03-30 23:00:00,2026-08-23 00:00:00
W007181,U007181,49862.92,IDR,ACTIVE,2026-07-24 16:00:00,2026-08-23 00:00:00
W007182,U007182,16875.89,IDR,ACTIVE,2024-03-31 20:00:00,2024-06-17 20:00:00
W007183,U007183,47397.59,IDR,ACTIVE,2024-09-23 13:00:00,2025-03-05 13:00:00
W007184,U007184,175637.72,IDR,ACTIVE,2026-03-17 17:00:00,2026-08-23 00:00:00
W007185,U007185,29934.49,IDR,ACTIVE,2025-06-21 17:00:00,2025-07-08 17:00:00
W007186,U007186,29139.18,IDR,ACTIVE,2024-11-17 21:00:00,2026-03-22 21:00:00
W007187,U007187,46809.44,IDR,ACTIVE,2026-06-08 17:00:00,2026-06-28 17:00:00
W007188,U007188,53469.01,IDR,ACTIVE,2024-03-27 01:00:00,2025-03-28 01:00:00
W007189,U007189,38920.23,IDR,ACTIVE,2024-04-12 17:00:00,2025-01-31 17:00:00
W007190,U007190,106093.67,IDR,ACTIVE,2024-10-22 11:00:00,2026-02-05 11:00:00
W007191,U007191,119275.31,IDR,ACTIVE,2024-09-27 06:00:00,2025-07-02 06:00:00
W007192,U007192,51763.08,IDR,ACTIVE,2025-07-28 10:00:00,2026-03-25 10:00:00
W007193,U007193,28194.41,IDR,ACTIVE,2024-03-22 01:00:00,2025-07-02 01:00:00
W007194,U007194,33926.05,IDR,ACTIVE,2026-03-11 10:00:00,2026-07-27 10:00:00
W007195,U007195,237489.73,IDR,ACTIVE,2024-10-27 21:00:00,2025-08-01 21:00:00
W007196,U007196,445947.31,IDR,ACTIVE,2025-04-06 23:00:00,2026-05-23 23:00:00
W007197,U007197,14474.48,IDR,ACTIVE,2024-11-02 14:00:00,2025-08-05 14:00:00
W007198,U007198,18202.07,IDR,ACTIVE,2025-07-07 17:00:00,2026-05-28 17:00:00
W007199,U007199,33229.67,IDR,ACTIVE,2024-04-07 15:00:00,2024-11-25 15:00:00
W007200,U007200,244531.47,IDR,ACTIVE,2024-10-23 22:00:00,2025-12-06 22:00:00
W007201,U007201,38818.2,IDR,ACTIVE,2025-11-30 19:00:00,2026-08-23 00:00:00
W007202,U007202,105581.84,IDR,ACTIVE,2024-03-16 03:00:00,2025-04-29 03:00:00
W007203,U007203,47364.77,IDR,ACTIVE,2026-05-03 16:00:00,2026-08-23 00:00:00
W007204,U007204,33995.73,IDR,ACTIVE,2025-12-10 11:00:00,2026-08-23 00:00:00
W007205,U007205,44536.86,IDR,ACTIVE,2025-05-22 03:00:00,2026-08-23 00:00:00
W007206,U007206,16972.61,IDR,ACTIVE,2024-10-13 08:00:00,2025-05-19 08:00:00
W007207,U007207,120056.73,IDR,ACTIVE,2026-08-12 02:00:00,2026-08-23 00:00:00
W007208,U007208,27776.06,IDR,ACTIVE,2024-08-27 21:00:00,2025-06-27 21:00:00
W007209,U007209,30819.02,IDR,ACTIVE,2024-05-08 08:00:00,2024-07-03 08:00:00
W007210,U007210,24571.24,IDR,ACTIVE,2025-10-14 02:00:00,2025-11-01 02:00:00
W007211,U007211,289910.43,IDR,ACTIVE,2025-08-14 13:00:00,2026-08-23 00:00:00
W007212,U007212,36118.14,IDR,ACTIVE,2026-03-29 13:00:00,2026-08-23 00:00:00
W007213,U007213,71168.98,IDR,ACTIVE,2025-01-23 12:00:00,2025-08-11 12:00:00
W007214,U007214,7191.81,IDR,ACTIVE,2026-04-12 17:00:00,2026-08-23 00:00:00
W007215,U007215,4444.68,IDR,ACTIVE,2024-07-15 09:00:00,2025-09-26 09:00:00
W007216,U007216,17401.19,IDR,ACTIVE,2025-07-07 21:00:00,2025-12-24 21:00:00
W007217,U007217,161197.6,IDR,ACTIVE,2026-06-02 20:00:00,2026-08-23 00:00:00
W007218,U007218,66536.15,IDR,ACTIVE,2024-02-18 07:00:00,2024-10-29 07:00:00
W007219,U007219,328452.44,IDR,ACTIVE,2026-02-11 13:00:00,2026-08-23 00:00:00
W007220,U007220,191034.78,IDR,ACTIVE,2024-01-19 19:00:00,2024-12-01 19:00:00
W007221,U007221,25117.58,IDR,ACTIVE,2026-02-04 19:00:00,2026-08-23 00:00:00
W007222,U007222,47540.81,IDR,ACTIVE,2024-11-08 05:00:00,2025-10-13 05:00:00
W007223,U007223,229177.83,IDR,ACTIVE,2024-03-13 08:00:00,2024-08-04 08:00:00
W007224,U007224,43037.71,IDR,ACTIVE,2026-05-18 07:00:00,2026-08-23 00:00:00
W007225,U007225,115277.81,IDR,ACTIVE,2026-05-16 03:00:00,2026-08-23 00:00:00
W007226,U007226,14718.52,IDR,ACTIVE,2025-06-28 05:00:00,2025-09-30 05:00:00
W007227,U007227,80225.64,IDR,ACTIVE,2024-10-17 13:00:00,2026-02-26 13:00:00
W007228,U007228,55569.77,IDR,ACTIVE,2026-03-06 16:00:00,2026-08-23 00:00:00
W007229,U007229,25409.17,IDR,ACTIVE,2026-03-13 19:00:00,2026-08-23 00:00:00
W007230,U007230,49257.57,IDR,ACTIVE,2024-03-09 16:00:00,2025-02-03 16:00:00
W007231,U007231,78532.91,IDR,ACTIVE,2025-02-12 03:00:00,2025-07-21 03:00:00
W007232,U007232,154531.0,IDR,ACTIVE,2025-04-12 05:00:00,2026-01-17 05:00:00
W007233,U007233,298104.09,IDR,ACTIVE,2025-12-03 07:00:00,2026-06-27 07:00:00
W007234,U007234,132623.19,IDR,ACTIVE,2026-06-19 22:00:00,2026-08-23 00:00:00
W007235,U007235,203817.73,IDR,FROZEN,2026-02-21 01:00:00,2026-08-23 00:00:00
W007236,U007236,22231.97,IDR,CLOSED,2025-02-08 06:00:00,2025-05-21 06:00:00
W007237,U007237,18973.55,IDR,ACTIVE,2025-08-27 21:00:00,2026-02-27 21:00:00
W007238,U007238,100506.07,IDR,FROZEN,2024-07-27 20:00:00,2024-11-06 20:00:00
W007239,U007239,15658.83,IDR,ACTIVE,2026-03-01 21:00:00,2026-08-23 00:00:00
W007240,U007240,44784.98,IDR,ACTIVE,2025-10-23 11:00:00,2026-05-31 11:00:00
W007241,U007241,129468.37,IDR,ACTIVE,2024-11-16 03:00:00,2026-03-15 03:00:00
W007242,U007242,246070.39,IDR,ACTIVE,2024-07-18 00:00:00,2024-10-09 00:00:00
W007243,U007243,82492.41,IDR,ACTIVE,2024-06-01 16:00:00,2024-10-27 16:00:00
W007244,U007244,20464.7,IDR,ACTIVE,2025-08-17 06:00:00,2026-01-16 06:00:00
W007245,U007245,58221.85,IDR,ACTIVE,2025-03-07 14:00:00,2026-07-20 14:00:00
W007246,U007246,65414.78,IDR,ACTIVE,2026-08-15 06:00:00,2026-08-23 00:00:00
W007247,U007247,28364.22,IDR,ACTIVE,2024-01-26 23:00:00,2024-04-24 23:00:00
W007248,U007248,11847.9,IDR,ACTIVE,2025-02-02 19:00:00,2026-05-03 19:00:00
W007249,U007249,132761.57,IDR,ACTIVE,2026-05-22 03:00:00,2026-08-23 00:00:00
W007250,U007250,46050.93,IDR,ACTIVE,2026-07-05 02:00:00,2026-08-23 00:00:00
W007251,U007251,113427.94,IDR,ACTIVE,2026-05-27 13:00:00,2026-08-23 00:00:00
W007252,U007252,74415.58,IDR,ACTIVE,2024-12-28 05:00:00,2025-06-23 05:00:00
W007253,U007253,46309.85,IDR,ACTIVE,2026-05-23 17:00:00,2026-08-23 00:00:00
W007254,U007254,40142.17,IDR,ACTIVE,2024-12-02 16:00:00,2026-04-01 16:00:00
W007255,U007255,53880.0,IDR,ACTIVE,2025-05-30 21:00:00,2025-09-07 21:00:00
W007256,U007256,99701.03,IDR,ACTIVE,2025-09-03 06:00:00,2026-07-24 06:00:00
W007257,U007257,5779.03,IDR,ACTIVE,2025-02-03 10:00:00,2026-01-25 10:00:00
W007258,U007258,96864.69,IDR,ACTIVE,2024-08-21 21:00:00,2025-05-01 21:00:00
W007259,U007259,89077.88,IDR,ACTIVE,2024-10-16 00:00:00,2025-07-13 00:00:00
W007260,U007260,131412.48,IDR,ACTIVE,2024-01-04 09:00:00,2024-08-19 09:00:00
W007261,U007261,262171.39,IDR,ACTIVE,2025-08-04 00:00:00,2026-08-23 00:00:00
W007262,U007262,29096.63,IDR,ACTIVE,2026-03-04 06:00:00,2026-08-23 00:00:00
W007263,U007263,13604.48,IDR,ACTIVE,2026-04-12 04:00:00,2026-08-23 00:00:00
W007264,U007264,70088.74,IDR,ACTIVE,2026-01-25 13:00:00,2026-03-19 13:00:00
W007265,U007265,64509.26,IDR,ACTIVE,2026-02-21 15:00:00,2026-08-17 15:00:00
W007266,U007266,41121.32,IDR,ACTIVE,2025-03-09 10:00:00,2025-10-19 10:00:00
W007267,U007267,92049.12,IDR,ACTIVE,2025-02-22 18:00:00,2025-12-11 18:00:00
W007268,U007268,31141.9,IDR,FROZEN,2025-05-20 12:00:00,2025-07-22 12:00:00
W007269,U007269,46547.14,IDR,ACTIVE,2024-05-05 07:00:00,2025-05-19 07:00:00
W007270,U007270,96549.57,IDR,ACTIVE,2024-05-07 08:00:00,2024-07-22 08:00:00
W007271,U007271,41922.73,IDR,ACTIVE,2025-06-20 03:00:00,2025-08-03 03:00:00
W007272,U007272,64705.3,IDR,ACTIVE,2024-09-05 01:00:00,2025-07-07 01:00:00
W007273,U007273,42214.91,IDR,ACTIVE,2025-12-12 08:00:00,2026-05-31 08:00:00
W007274,U007274,20843.85,IDR,ACTIVE,2024-04-10 02:00:00,2025-02-03 02:00:00
W007275,U007275,129415.46,IDR,ACTIVE,2025-10-29 04:00:00,2026-03-26 04:00:00
W007276,U007276,117327.8,IDR,ACTIVE,2024-07-02 11:00:00,2025-10-17 11:00:00
W007277,U007277,113381.85,IDR,ACTIVE,2025-02-03 16:00:00,2026-06-08 16:00:00
W007278,U007278,50246.27,IDR,ACTIVE,2026-08-11 07:00:00,2026-08-23 00:00:00
W007279,U007279,140683.44,IDR,ACTIVE,2024-04-23 08:00:00,2024-04-26 08:00:00
W007280,U007280,147666.72,IDR,ACTIVE,2025-04-27 13:00:00,2026-07-03 13:00:00
W007281,U007281,3086.49,IDR,ACTIVE,2025-09-18 21:00:00,2026-05-07 21:00:00
W007282,U007282,225833.81,IDR,ACTIVE,2024-01-13 20:00:00,2024-12-19 20:00:00
W007283,U007283,51177.5,IDR,ACTIVE,2025-06-30 08:00:00,2026-05-06 08:00:00
W007284,U007284,68994.12,IDR,ACTIVE,2024-06-20 09:00:00,2024-11-23 09:00:00
W007285,U007285,20728.57,IDR,ACTIVE,2026-06-14 06:00:00,2026-08-23 00:00:00
W007286,U007286,261570.81,IDR,ACTIVE,2025-03-13 22:00:00,2026-07-17 22:00:00
W007287,U007287,43079.19,IDR,ACTIVE,2025-03-13 05:00:00,2025-03-23 05:00:00
W007288,U007288,16184.04,IDR,ACTIVE,2024-09-17 11:00:00,2025-03-31 11:00:00
W007289,U007289,233660.26,IDR,ACTIVE,2026-05-11 03:00:00,2026-08-23 00:00:00
W007290,U007290,49326.84,IDR,ACTIVE,2025-01-30 21:00:00,2025-03-26 21:00:00
W007291,U007291,405102.0,IDR,ACTIVE,2026-02-26 21:00:00,2026-08-23 00:00:00
W007292,U007292,60436.42,IDR,ACTIVE,2024-01-14 02:00:00,2024-07-11 02:00:00
W007293,U007293,28204.66,IDR,CLOSED,2025-04-12 07:00:00,2025-07-17 07:00:00
W007294,U007294,134663.02,IDR,ACTIVE,2025-06-03 13:00:00,2026-08-23 00:00:00
W007295,U007295,46442.93,IDR,ACTIVE,2025-01-12 08:00:00,2025-01-15 08:00:00
W007296,U007296,109017.4,IDR,ACTIVE,2024-06-13 19:00:00,2024-07-28 19:00:00
W007297,U007297,29747.8,IDR,ACTIVE,2025-02-09 08:00:00,2025-03-17 08:00:00
W007298,U007298,96812.33,IDR,ACTIVE,2025-06-22 15:00:00,2026-03-08 15:00:00
W007299,U007299,39653.89,IDR,ACTIVE,2025-11-10 00:00:00,2026-08-23 00:00:00
W007300,U007300,125317.78,IDR,ACTIVE,2026-02-09 15:00:00,2026-04-06 15:00:00
W007301,U007301,53745.57,IDR,ACTIVE,2024-11-18 11:00:00,2025-07-22 11:00:00
W007302,U007302,68884.06,IDR,ACTIVE,2026-06-11 03:00:00,2026-08-23 00:00:00
W007303,U007303,4063.19,IDR,ACTIVE,2024-08-26 11:00:00,2024-10-17 11:00:00
W007304,U007304,45605.24,IDR,ACTIVE,2024-08-27 18:00:00,2025-02-26 18:00:00
W007305,U007305,56006.84,IDR,FROZEN,2025-07-09 08:00:00,2026-05-03 08:00:00
W007306,U007306,122907.02,IDR,ACTIVE,2026-05-17 20:00:00,2026-08-23 00:00:00
W007307,U007307,20360.24,IDR,ACTIVE,2025-12-07 17:00:00,2026-08-23 00:00:00
W007308,U007308,77656.81,IDR,ACTIVE,2025-08-23 17:00:00,2026-04-29 17:00:00
W007309,U007309,739436.34,IDR,ACTIVE,2024-12-03 12:00:00,2025-09-10 12:00:00
W007310,U007310,196985.6,IDR,ACTIVE,2026-03-06 14:00:00,2026-06-03 14:00:00
W007311,U007311,50257.49,IDR,ACTIVE,2024-01-06 12:00:00,2024-08-11 12:00:00
W007312,U007312,65107.98,IDR,ACTIVE,2025-06-19 02:00:00,2026-08-23 00:00:00
W007313,U007313,37193.96,IDR,ACTIVE,2026-06-05 01:00:00,2026-08-23 00:00:00
W007314,U007314,105104.44,IDR,ACTIVE,2026-02-24 07:00:00,2026-08-23 00:00:00
W007315,U007315,16441.61,IDR,ACTIVE,2025-08-06 16:00:00,2026-08-23 00:00:00
W007316,U007316,39592.67,IDR,ACTIVE,2026-06-08 12:00:00,2026-08-23 00:00:00
W007317,U007317,28191.27,IDR,ACTIVE,2025-04-23 09:00:00,2026-01-19 09:00:00
W007318,U007318,38530.61,IDR,ACTIVE,2024-06-04 14:00:00,2025-06-04 14:00:00
W007319,U007319,73751.54,IDR,ACTIVE,2025-01-14 06:00:00,2025-12-13 06:00:00
W007320,U007320,6395.53,IDR,ACTIVE,2026-01-09 19:00:00,2026-08-23 00:00:00
W007321,U007321,43801.92,IDR,ACTIVE,2025-11-05 14:00:00,2026-08-23 00:00:00
W007322,U007322,35512.5,IDR,ACTIVE,2026-06-23 09:00:00,2026-08-23 00:00:00
W007323,U007323,154914.38,IDR,ACTIVE,2024-01-31 08:00:00,2024-06-07 08:00:00
W007324,U007324,23716.77,IDR,ACTIVE,2026-08-10 00:00:00,2026-08-23 00:00:00
W007325,U007325,74951.06,IDR,ACTIVE,2025-11-01 21:00:00,2025-11-04 21:00:00
W007326,U007326,50386.35,IDR,ACTIVE,2024-06-08 21:00:00,2024-06-09 21:00:00
W007327,U007327,167882.27,IDR,ACTIVE,2024-01-06 11:00:00,2025-01-05 11:00:00
W007328,U007328,143571.38,IDR,ACTIVE,2025-09-23 03:00:00,2026-08-23 00:00:00
W007329,U007329,318589.73,IDR,ACTIVE,2024-06-25 19:00:00,2024-07-19 19:00:00
W007330,U007330,174709.92,IDR,ACTIVE,2026-07-13 02:00:00,2026-08-23 00:00:00
W007331,U007331,80561.21,IDR,ACTIVE,2024-03-22 15:00:00,2024-07-18 15:00:00
W007332,U007332,133061.69,IDR,ACTIVE,2024-07-10 01:00:00,2024-07-24 01:00:00
W007333,U007333,45995.6,IDR,ACTIVE,2025-12-19 15:00:00,2026-08-23 00:00:00
W007334,U007334,66455.4,IDR,ACTIVE,2024-04-22 07:00:00,2025-04-22 07:00:00
W007335,U007335,69422.68,IDR,ACTIVE,2026-01-21 14:00:00,2026-04-24 14:00:00
W007336,U007336,24859.2,IDR,ACTIVE,2025-07-21 06:00:00,2026-08-23 00:00:00
W007337,U007337,216315.74,IDR,CLOSED,2025-01-31 07:00:00,2026-04-02 07:00:00
W007338,U007338,161306.16,IDR,ACTIVE,2025-02-24 19:00:00,2026-05-08 19:00:00
W007339,U007339,240331.69,IDR,ACTIVE,2025-09-04 01:00:00,2026-01-16 01:00:00
W007340,U007340,51110.93,IDR,ACTIVE,2025-12-27 04:00:00,2026-08-23 00:00:00
W007341,U007341,55026.12,IDR,ACTIVE,2025-01-06 12:00:00,2026-04-06 12:00:00
W007342,U007342,31171.63,IDR,ACTIVE,2025-07-23 10:00:00,2026-05-18 10:00:00
W007343,U007343,18582.89,IDR,ACTIVE,2026-05-08 08:00:00,2026-08-23 00:00:00
W007344,U007344,117943.77,IDR,ACTIVE,2026-07-17 11:00:00,2026-08-23 00:00:00
W007345,U007345,19725.07,IDR,ACTIVE,2024-06-01 04:00:00,2024-08-24 04:00:00
W007346,U007346,18762.72,IDR,ACTIVE,2024-03-10 21:00:00,2025-06-19 21:00:00
W007347,U007347,110252.49,IDR,ACTIVE,2024-10-28 08:00:00,2025-08-25 08:00:00
W007348,U007348,70448.31,IDR,ACTIVE,2024-11-27 01:00:00,2026-04-05 01:00:00
W007349,U007349,118667.88,IDR,ACTIVE,2025-04-12 06:00:00,2026-08-17 06:00:00
W007350,U007350,27787.17,IDR,ACTIVE,2025-01-27 14:00:00,2026-04-26 14:00:00
W007351,U007351,371840.57,IDR,ACTIVE,2025-01-30 09:00:00,2026-04-06 09:00:00
W007352,U007352,24157.31,IDR,FROZEN,2025-03-28 03:00:00,2025-07-05 03:00:00
W007353,U007353,35486.8,IDR,ACTIVE,2026-02-16 21:00:00,2026-08-12 21:00:00
W007354,U007354,28866.55,IDR,ACTIVE,2025-09-19 18:00:00,2026-04-29 18:00:00
W007355,U007355,358389.07,IDR,ACTIVE,2024-02-10 04:00:00,2024-09-12 04:00:00
W007356,U007356,40175.15,IDR,FROZEN,2024-01-30 20:00:00,2024-08-11 20:00:00
W007357,U007357,22435.3,IDR,ACTIVE,2026-08-14 22:00:00,2026-08-23 00:00:00
W007358,U007358,675059.14,IDR,ACTIVE,2024-06-13 17:00:00,2025-04-27 17:00:00
W007359,U007359,291232.18,IDR,FROZEN,2025-02-24 14:00:00,2025-05-15 14:00:00
W007360,U007360,201210.46,IDR,ACTIVE,2026-04-24 08:00:00,2026-08-23 00:00:00
W007361,U007361,271610.99,IDR,ACTIVE,2025-04-30 22:00:00,2025-10-07 22:00:00
W007362,U007362,23245.03,IDR,ACTIVE,2024-06-19 08:00:00,2025-05-20 08:00:00
W007363,U007363,319237.53,IDR,ACTIVE,2025-09-18 07:00:00,2025-11-15 07:00:00
W007364,U007364,47805.09,IDR,ACTIVE,2024-11-04 09:00:00,2024-12-20 09:00:00
W007365,U007365,83918.91,IDR,ACTIVE,2025-01-08 19:00:00,2025-11-18 19:00:00
W007366,U007366,57854.8,IDR,ACTIVE,2024-03-30 22:00:00,2024-07-10 22:00:00
W007367,U007367,237782.44,IDR,ACTIVE,2026-04-10 11:00:00,2026-08-23 00:00:00
W007368,U007368,5918.49,IDR,ACTIVE,2024-05-13 22:00:00,2024-06-07 22:00:00
W007369,U007369,20366.67,IDR,ACTIVE,2025-06-22 05:00:00,2026-06-14 05:00:00
W007370,U007370,271028.59,IDR,ACTIVE,2026-08-09 09:00:00,2026-08-23 00:00:00
W007371,U007371,31640.59,IDR,ACTIVE,2024-10-21 13:00:00,2024-11-10 13:00:00
W007372,U007372,227533.3,IDR,ACTIVE,2025-04-26 13:00:00,2025-06-30 13:00:00
W007373,U007373,30193.15,IDR,ACTIVE,2026-08-14 20:00:00,2026-08-23 00:00:00
W007374,U007374,46072.19,IDR,ACTIVE,2024-12-17 05:00:00,2025-03-12 05:00:00
W007375,U007375,410492.58,IDR,ACTIVE,2025-10-05 16:00:00,2026-02-14 16:00:00
W007376,U007376,131780.72,IDR,ACTIVE,2024-02-04 11:00:00,2025-04-14 11:00:00
W007377,U007377,71749.62,IDR,ACTIVE,2025-12-10 19:00:00,2026-08-23 00:00:00
W007378,U007378,100813.61,IDR,ACTIVE,2026-05-23 06:00:00,2026-08-23 00:00:00
W007379,U007379,175518.55,IDR,ACTIVE,2024-02-11 19:00:00,2024-07-23 19:00:00
W007380,U007380,67612.63,IDR,ACTIVE,2024-10-10 09:00:00,2025-04-16 09:00:00
W007381,U007381,109827.53,IDR,ACTIVE,2026-01-03 18:00:00,2026-03-29 18:00:00
W007382,U007382,694158.59,IDR,ACTIVE,2024-08-07 10:00:00,2024-09-08 10:00:00
W007383,U007383,21693.02,IDR,ACTIVE,2026-06-27 15:00:00,2026-08-23 00:00:00
W007384,U007384,71000.84,IDR,ACTIVE,2024-07-19 10:00:00,2024-10-17 10:00:00
W007385,U007385,37050.73,IDR,ACTIVE,2024-04-29 08:00:00,2025-03-13 08:00:00
W007386,U007386,25332.44,IDR,ACTIVE,2024-09-05 14:00:00,2025-03-05 14:00:00
W007387,U007387,70195.27,IDR,ACTIVE,2024-06-18 11:00:00,2024-11-26 11:00:00
W007388,U007388,25803.51,IDR,ACTIVE,2026-05-31 05:00:00,2026-08-23 00:00:00
W007389,U007389,22532.89,IDR,CLOSED,2025-12-04 21:00:00,2026-08-23 00:00:00
W007390,U007390,54066.05,IDR,ACTIVE,2025-08-11 21:00:00,2026-01-28 21:00:00
W007391,U007391,106385.7,IDR,CLOSED,2024-10-08 06:00:00,2025-07-09 06:00:00
W007392,U007392,97758.7,IDR,ACTIVE,2025-03-20 13:00:00,2025-11-26 13:00:00
W007393,U007393,55185.15,IDR,ACTIVE,2026-03-20 13:00:00,2026-08-23 00:00:00
W007394,U007394,16363.17,IDR,ACTIVE,2025-08-17 01:00:00,2025-12-02 01:00:00
W007395,U007395,15563.08,IDR,ACTIVE,2026-03-05 23:00:00,2026-03-06 23:00:00
W007396,U007396,86743.05,IDR,ACTIVE,2024-08-12 05:00:00,2024-10-16 05:00:00
W007397,U007397,32476.43,IDR,ACTIVE,2026-04-20 02:00:00,2026-08-23 00:00:00
W007398,U007398,75188.53,IDR,ACTIVE,2025-10-28 20:00:00,2026-08-23 00:00:00
W007399,U007399,65651.86,IDR,ACTIVE,2026-04-16 16:00:00,2026-08-23 00:00:00
W007400,U007400,9794.51,IDR,ACTIVE,2024-07-29 06:00:00,2025-06-22 06:00:00
W007401,U007401,277210.68,IDR,ACTIVE,2025-02-11 08:00:00,2025-05-13 08:00:00
W007402,U007402,15381.7,IDR,ACTIVE,2025-05-17 09:00:00,2025-10-11 09:00:00
W007403,U007403,47357.34,IDR,ACTIVE,2025-11-21 16:00:00,2026-03-10 16:00:00
W007404,U007404,18080.74,IDR,ACTIVE,2024-01-04 09:00:00,2024-12-15 09:00:00
W007405,U007405,31787.03,IDR,ACTIVE,2025-03-29 14:00:00,2025-08-23 14:00:00
W007406,U007406,35421.47,IDR,ACTIVE,2024-01-19 16:00:00,2024-10-14 16:00:00
W007407,U007407,38738.57,IDR,ACTIVE,2025-11-09 20:00:00,2026-03-07 20:00:00
W007408,U007408,48677.69,IDR,ACTIVE,2025-08-10 13:00:00,2026-08-23 00:00:00
W007409,U007409,356437.5,IDR,ACTIVE,2026-01-22 06:00:00,2026-08-23 00:00:00
W007410,U007410,24441.31,IDR,ACTIVE,2024-10-17 04:00:00,2025-04-20 04:00:00
W007411,U007411,110432.74,IDR,ACTIVE,2024-08-16 11:00:00,2025-11-03 11:00:00
W007412,U007412,199425.77,IDR,ACTIVE,2026-03-25 06:00:00,2026-04-12 06:00:00
W007413,U007413,98695.21,IDR,ACTIVE,2024-06-10 06:00:00,2025-10-03 06:00:00
W007414,U007414,251136.03,IDR,ACTIVE,2024-12-12 22:00:00,2025-04-18 22:00:00
W007415,U007415,99674.3,IDR,ACTIVE,2025-08-25 05:00:00,2026-08-23 00:00:00
W007416,U007416,96607.31,IDR,ACTIVE,2025-09-14 11:00:00,2025-10-16 11:00:00
W007417,U007417,206141.52,IDR,ACTIVE,2024-06-19 06:00:00,2025-06-02 06:00:00
W007418,U007418,83133.99,IDR,ACTIVE,2025-05-17 12:00:00,2025-12-18 12:00:00
W007419,U007419,200642.41,IDR,ACTIVE,2025-01-23 13:00:00,2026-05-25 13:00:00
W007420,U007420,82846.38,IDR,ACTIVE,2026-01-27 23:00:00,2026-08-23 00:00:00
W007421,U007421,196535.66,IDR,ACTIVE,2025-04-10 18:00:00,2026-05-29 18:00:00
W007422,U007422,315657.36,IDR,ACTIVE,2026-07-17 23:00:00,2026-08-23 00:00:00
W007423,U007423,41826.85,IDR,ACTIVE,2024-04-19 08:00:00,2024-12-15 08:00:00
W007424,U007424,36309.36,IDR,ACTIVE,2025-09-08 11:00:00,2026-05-09 11:00:00
W007425,U007425,250451.3,IDR,ACTIVE,2025-12-20 13:00:00,2026-08-23 00:00:00
W007426,U007426,192122.17,IDR,ACTIVE,2025-05-30 00:00:00,2026-03-05 00:00:00
W007427,U007427,11069.82,IDR,ACTIVE,2026-07-18 21:00:00,2026-08-23 00:00:00
W007428,U007428,76150.18,IDR,ACTIVE,2025-06-13 01:00:00,2026-07-28 01:00:00
W007429,U007429,406323.33,IDR,ACTIVE,2024-01-06 00:00:00,2024-03-29 00:00:00
W007430,U007430,20283.42,IDR,ACTIVE,2025-10-19 03:00:00,2026-08-23 00:00:00
W007431,U007431,17883.76,IDR,ACTIVE,2025-12-08 06:00:00,2026-08-23 00:00:00
W007432,U007432,30813.83,IDR,ACTIVE,2024-12-27 11:00:00,2025-02-19 11:00:00
W007433,U007433,39272.83,IDR,ACTIVE,2024-12-24 03:00:00,2026-03-09 03:00:00
W007434,U007434,12735.64,IDR,ACTIVE,2024-05-09 19:00:00,2025-01-26 19:00:00
W007435,U007435,20512.34,IDR,ACTIVE,2025-11-27 04:00:00,2026-03-04 04:00:00
W007436,U007436,11816.99,IDR,ACTIVE,2026-01-15 17:00:00,2026-07-15 17:00:00
W007437,U007437,73653.08,IDR,ACTIVE,2025-08-10 03:00:00,2025-12-22 03:00:00
W007438,U007438,72117.19,IDR,ACTIVE,2024-07-08 05:00:00,2025-02-02 05:00:00
W007439,U007439,253126.89,IDR,ACTIVE,2024-05-17 20:00:00,2024-07-24 20:00:00
W007440,U007440,79906.27,IDR,ACTIVE,2024-05-15 23:00:00,2025-06-01 23:00:00
W007441,U007441,108274.07,IDR,ACTIVE,2026-03-08 03:00:00,2026-08-06 03:00:00
W007442,U007442,121031.65,IDR,ACTIVE,2025-06-11 10:00:00,2025-09-22 10:00:00
W007443,U007443,23552.14,IDR,ACTIVE,2026-02-05 03:00:00,2026-07-27 03:00:00
W007444,U007444,21093.55,IDR,ACTIVE,2025-06-22 01:00:00,2025-11-05 01:00:00
W007445,U007445,18437.9,IDR,ACTIVE,2024-07-21 03:00:00,2025-09-21 03:00:00
W007446,U007446,39153.91,IDR,ACTIVE,2024-05-26 12:00:00,2025-01-31 12:00:00
W007447,U007447,36159.25,IDR,ACTIVE,2026-04-22 14:00:00,2026-08-23 00:00:00
W007448,U007448,64320.35,IDR,ACTIVE,2026-07-08 16:00:00,2026-08-23 00:00:00
W007449,U007449,131512.88,IDR,ACTIVE,2025-11-27 02:00:00,2026-08-23 00:00:00
W007450,U007450,108061.12,IDR,ACTIVE,2025-12-05 20:00:00,2026-06-03 20:00:00
W007451,U007451,35852.95,IDR,ACTIVE,2025-11-09 03:00:00,2026-02-23 03:00:00
W007452,U007452,30253.52,IDR,ACTIVE,2025-08-25 13:00:00,2026-05-26 13:00:00
W007453,U007453,33888.47,IDR,ACTIVE,2025-05-20 05:00:00,2025-08-28 05:00:00
W007454,U007454,38242.88,IDR,ACTIVE,2024-05-04 22:00:00,2025-04-20 22:00:00
W007455,U007455,14580.16,IDR,ACTIVE,2024-12-17 06:00:00,2025-06-07 06:00:00
W007456,U007456,81065.79,IDR,ACTIVE,2025-10-15 08:00:00,2026-05-15 08:00:00
W007457,U007457,409231.77,IDR,ACTIVE,2025-02-16 21:00:00,2025-03-08 21:00:00
W007458,U007458,60938.55,IDR,ACTIVE,2025-04-14 06:00:00,2026-04-16 06:00:00
W007459,U007459,63745.64,IDR,ACTIVE,2024-03-09 23:00:00,2024-12-22 23:00:00
W007460,U007460,93804.45,IDR,ACTIVE,2024-12-05 06:00:00,2025-01-18 06:00:00
W007461,U007461,20030.66,IDR,ACTIVE,2024-05-24 10:00:00,2025-01-06 10:00:00
W007462,U007462,31144.74,IDR,ACTIVE,2024-01-31 18:00:00,2024-09-19 18:00:00
W007463,U007463,34276.82,IDR,ACTIVE,2024-09-08 05:00:00,2024-12-19 05:00:00
W007464,U007464,19245.37,IDR,ACTIVE,2026-07-14 17:00:00,2026-08-23 00:00:00
W007465,U007465,311268.95,IDR,ACTIVE,2025-04-10 09:00:00,2025-10-01 09:00:00
W007466,U007466,127447.74,IDR,ACTIVE,2024-07-02 04:00:00,2025-02-19 04:00:00
W007467,U007467,137740.99,IDR,ACTIVE,2026-01-24 23:00:00,2026-08-23 00:00:00
W007468,U007468,42710.66,IDR,ACTIVE,2025-04-22 20:00:00,2026-05-25 20:00:00
W007469,U007469,68934.42,IDR,ACTIVE,2025-03-26 20:00:00,2025-10-07 20:00:00
W007470,U007470,39315.76,IDR,ACTIVE,2025-12-17 05:00:00,2026-08-23 00:00:00
W007471,U007471,48093.04,IDR,ACTIVE,2025-08-24 10:00:00,2026-03-31 10:00:00
W007472,U007472,64097.91,IDR,ACTIVE,2025-06-09 00:00:00,2026-05-21 00:00:00
W007473,U007473,50928.13,IDR,ACTIVE,2025-02-06 07:00:00,2025-02-13 07:00:00
W007474,U007474,63293.55,IDR,ACTIVE,2024-01-20 19:00:00,2025-02-12 19:00:00
W007475,U007475,13108.35,IDR,ACTIVE,2026-07-07 17:00:00,2026-08-23 00:00:00
W007476,U007476,20386.15,IDR,ACTIVE,2024-12-07 19:00:00,2026-04-21 19:00:00
W007477,U007477,39180.07,IDR,ACTIVE,2026-05-01 19:00:00,2026-08-23 00:00:00
W007478,U007478,46004.78,IDR,ACTIVE,2025-11-19 00:00:00,2026-07-23 00:00:00
W007479,U007479,45995.31,IDR,ACTIVE,2025-11-15 17:00:00,2026-06-26 17:00:00
W007480,U007480,104604.07,IDR,ACTIVE,2024-03-05 18:00:00,2024-09-21 18:00:00
W007481,U007481,76582.03,IDR,ACTIVE,2025-08-09 18:00:00,2026-06-15 18:00:00
W007482,U007482,88988.99,IDR,ACTIVE,2026-07-06 06:00:00,2026-08-23 00:00:00
W007483,U007483,33769.18,IDR,ACTIVE,2024-03-28 03:00:00,2025-01-13 03:00:00
W007484,U007484,23346.38,IDR,ACTIVE,2025-07-11 03:00:00,2026-08-23 00:00:00
W007485,U007485,49788.81,IDR,ACTIVE,2026-07-18 18:00:00,2026-08-23 00:00:00
W007486,U007486,117929.24,IDR,FROZEN,2024-02-22 21:00:00,2024-10-14 21:00:00
W007487,U007487,295401.08,IDR,ACTIVE,2024-09-12 12:00:00,2024-11-11 12:00:00
W007488,U007488,34733.92,IDR,ACTIVE,2024-03-21 07:00:00,2025-07-27 07:00:00
W007489,U007489,294521.19,IDR,ACTIVE,2026-07-06 02:00:00,2026-08-23 00:00:00
W007490,U007490,21202.9,IDR,ACTIVE,2025-03-12 21:00:00,2025-03-16 21:00:00
W007491,U007491,14067.8,IDR,ACTIVE,2024-02-12 04:00:00,2024-07-09 04:00:00
W007492,U007492,44695.35,IDR,FROZEN,2026-08-08 11:00:00,2026-08-23 00:00:00
W007493,U007493,23440.33,IDR,ACTIVE,2025-11-10 15:00:00,2026-08-23 00:00:00
W007494,U007494,29982.57,IDR,ACTIVE,2026-07-20 16:00:00,2026-08-23 00:00:00
W007495,U007495,151974.73,IDR,ACTIVE,2026-02-25 06:00:00,2026-08-23 00:00:00
W007496,U007496,136579.15,IDR,ACTIVE,2024-03-17 06:00:00,2024-09-03 06:00:00
W007497,U007497,76798.06,IDR,ACTIVE,2026-04-04 06:00:00,2026-06-27 06:00:00
W007498,U007498,70859.25,IDR,ACTIVE,2026-04-06 01:00:00,2026-06-11 01:00:00
W007499,U007499,29545.01,IDR,ACTIVE,2024-06-16 18:00:00,2025-04-21 18:00:00
W007500,U007500,50440.11,IDR,ACTIVE,2024-09-16 13:00:00,2026-01-21 13:00:00
W007501,U007501,42818.11,IDR,ACTIVE,2024-08-11 16:00:00,2025-03-20 16:00:00
W007502,U007502,16833.52,IDR,ACTIVE,2025-11-22 11:00:00,2026-08-23 00:00:00
W007503,U007503,363707.29,IDR,ACTIVE,2025-07-23 23:00:00,2025-12-07 23:00:00
W007504,U007504,43928.48,IDR,ACTIVE,2025-10-21 02:00:00,2025-12-05 02:00:00
W007505,U007505,21844.71,IDR,ACTIVE,2024-03-07 05:00:00,2025-06-17 05:00:00
W007506,U007506,15452.26,IDR,ACTIVE,2025-01-21 01:00:00,2026-01-20 01:00:00
W007507,U007507,94867.74,IDR,ACTIVE,2024-02-25 22:00:00,2024-09-19 22:00:00
W007508,U007508,326313.07,IDR,ACTIVE,2026-05-21 02:00:00,2026-08-23 00:00:00
W007509,U007509,476039.78,IDR,ACTIVE,2026-03-27 19:00:00,2026-08-03 19:00:00
W007510,U007510,53671.15,IDR,ACTIVE,2026-03-18 06:00:00,2026-08-23 00:00:00
W007511,U007511,43955.79,IDR,ACTIVE,2025-01-27 12:00:00,2026-02-06 12:00:00
W007512,U007512,64984.02,IDR,ACTIVE,2026-06-01 21:00:00,2026-08-23 00:00:00
W007513,U007513,63555.06,IDR,ACTIVE,2024-06-25 23:00:00,2024-10-05 23:00:00
W007514,U007514,9756.53,IDR,ACTIVE,2024-06-27 00:00:00,2024-12-18 00:00:00
W007515,U007515,39074.96,IDR,ACTIVE,2024-10-30 14:00:00,2025-07-10 14:00:00
W007516,U007516,81747.9,IDR,FROZEN,2026-05-14 21:00:00,2026-06-06 21:00:00
W007517,U007517,99965.77,IDR,ACTIVE,2024-01-07 21:00:00,2024-02-04 21:00:00
W007518,U007518,107906.79,IDR,ACTIVE,2024-03-07 04:00:00,2024-10-29 04:00:00
W007519,U007519,62676.33,IDR,ACTIVE,2024-05-04 18:00:00,2024-12-02 18:00:00
W007520,U007520,20996.98,IDR,ACTIVE,2024-01-06 17:00:00,2025-04-21 17:00:00
W007521,U007521,52333.11,IDR,ACTIVE,2025-07-16 17:00:00,2026-05-08 17:00:00
W007522,U007522,209804.58,IDR,ACTIVE,2024-04-14 17:00:00,2024-10-27 17:00:00
W007523,U007523,88038.29,IDR,ACTIVE,2026-02-15 14:00:00,2026-08-23 00:00:00
W007524,U007524,45706.14,IDR,ACTIVE,2024-03-27 10:00:00,2025-06-14 10:00:00
W007525,U007525,535408.62,IDR,ACTIVE,2024-07-25 09:00:00,2024-11-06 09:00:00
W007526,U007526,65975.62,IDR,ACTIVE,2024-01-29 05:00:00,2024-05-04 05:00:00
W007527,U007527,51536.11,IDR,ACTIVE,2024-09-22 08:00:00,2025-07-09 08:00:00
W007528,U007528,118088.8,IDR,ACTIVE,2024-09-23 10:00:00,2024-12-17 10:00:00
W007529,U007529,19241.79,IDR,ACTIVE,2025-09-12 03:00:00,2025-12-07 03:00:00
W007530,U007530,43877.67,IDR,ACTIVE,2025-06-15 22:00:00,2026-08-23 00:00:00
W007531,U007531,52677.77,IDR,ACTIVE,2026-06-10 13:00:00,2026-07-03 13:00:00
W007532,U007532,12404.2,IDR,ACTIVE,2026-02-06 04:00:00,2026-08-23 00:00:00
W007533,U007533,72265.32,IDR,ACTIVE,2026-04-10 19:00:00,2026-08-23 00:00:00
W007534,U007534,99460.2,IDR,ACTIVE,2024-05-18 03:00:00,2025-02-24 03:00:00
W007535,U007535,35639.15,IDR,ACTIVE,2025-11-22 21:00:00,2026-04-10 21:00:00
W007536,U007536,124525.73,IDR,ACTIVE,2025-09-15 20:00:00,2026-07-06 20:00:00
W007537,U007537,175855.25,IDR,ACTIVE,2026-04-07 23:00:00,2026-08-23 00:00:00
W007538,U007538,201859.25,IDR,ACTIVE,2025-12-18 18:00:00,2026-02-15 18:00:00
W007539,U007539,21608.23,IDR,ACTIVE,2024-03-10 03:00:00,2025-04-22 03:00:00
W007540,U007540,69535.19,IDR,ACTIVE,2025-11-03 23:00:00,2025-12-26 23:00:00
W007541,U007541,524444.56,IDR,FROZEN,2024-02-14 00:00:00,2024-08-15 00:00:00
W007542,U007542,111044.84,IDR,ACTIVE,2024-04-24 17:00:00,2024-10-19 17:00:00
W007543,U007543,69309.75,IDR,ACTIVE,2024-07-04 21:00:00,2024-08-13 21:00:00
W007544,U007544,162324.17,IDR,ACTIVE,2024-12-20 07:00:00,2025-11-30 07:00:00
W007545,U007545,75163.52,IDR,ACTIVE,2025-11-30 15:00:00,2026-08-23 00:00:00
W007546,U007546,21018.16,IDR,ACTIVE,2026-06-13 22:00:00,2026-08-23 00:00:00
W007547,U007547,165615.09,IDR,FROZEN,2026-04-13 22:00:00,2026-08-23 00:00:00
W007548,U007548,67165.35,IDR,ACTIVE,2024-11-23 13:00:00,2025-04-02 13:00:00
W007549,U007549,306687.57,IDR,ACTIVE,2025-03-14 05:00:00,2025-06-09 05:00:00
W007550,U007550,21133.63,IDR,ACTIVE,2025-12-26 09:00:00,2026-08-14 09:00:00
W007551,U007551,68411.45,IDR,ACTIVE,2024-06-20 10:00:00,2025-06-09 10:00:00
W007552,U007552,279698.75,IDR,ACTIVE,2025-04-10 22:00:00,2025-07-31 22:00:00
W007553,U007553,76857.41,IDR,ACTIVE,2024-07-23 18:00:00,2025-08-05 18:00:00
W007554,U007554,2409.19,IDR,ACTIVE,2025-01-04 09:00:00,2025-06-27 09:00:00
W007555,U007555,132591.97,IDR,FROZEN,2025-04-11 19:00:00,2026-07-30 19:00:00
W007556,U007556,183169.9,IDR,ACTIVE,2025-01-03 12:00:00,2025-01-09 12:00:00
W007557,U007557,64449.61,IDR,ACTIVE,2026-01-16 04:00:00,2026-05-25 04:00:00
W007558,U007558,27325.02,IDR,ACTIVE,2024-10-24 17:00:00,2026-02-24 17:00:00
W007559,U007559,151795.84,IDR,ACTIVE,2025-06-16 14:00:00,2025-11-07 14:00:00
W007560,U007560,53443.11,IDR,ACTIVE,2025-12-21 20:00:00,2026-05-11 20:00:00
W007561,U007561,9282.95,IDR,ACTIVE,2026-07-26 11:00:00,2026-08-23 00:00:00
W007562,U007562,222461.5,IDR,ACTIVE,2024-06-20 18:00:00,2025-06-13 18:00:00
W007563,U007563,356193.67,IDR,ACTIVE,2024-03-09 23:00:00,2025-04-25 23:00:00
W007564,U007564,34104.88,IDR,ACTIVE,2026-06-07 16:00:00,2026-08-23 00:00:00
W007565,U007565,61662.59,IDR,ACTIVE,2026-04-10 20:00:00,2026-07-14 20:00:00
W007566,U007566,395359.73,IDR,ACTIVE,2024-07-14 13:00:00,2025-03-28 13:00:00
W007567,U007567,286593.64,IDR,ACTIVE,2025-10-12 00:00:00,2026-07-30 00:00:00
W007568,U007568,111399.2,IDR,ACTIVE,2024-03-18 17:00:00,2025-02-12 17:00:00
W007569,U007569,255100.73,IDR,ACTIVE,2026-07-25 03:00:00,2026-08-23 00:00:00
W007570,U007570,50100.24,IDR,ACTIVE,2026-01-20 09:00:00,2026-08-23 00:00:00
W007571,U007571,16475.53,IDR,ACTIVE,2024-07-17 12:00:00,2024-09-17 12:00:00
W007572,U007572,199560.9,IDR,FROZEN,2024-08-04 05:00:00,2025-09-07 05:00:00
W007573,U007573,59726.56,IDR,ACTIVE,2026-07-13 01:00:00,2026-08-23 00:00:00
W007574,U007574,13276.96,IDR,ACTIVE,2026-07-21 00:00:00,2026-08-23 00:00:00
W007575,U007575,35273.5,IDR,ACTIVE,2024-05-11 19:00:00,2025-06-05 19:00:00
W007576,U007576,48160.14,IDR,CLOSED,2025-05-31 18:00:00,2026-05-27 18:00:00
W007577,U007577,53924.7,IDR,ACTIVE,2024-06-17 19:00:00,2025-01-25 19:00:00
W007578,U007578,30258.46,IDR,ACTIVE,2025-09-09 07:00:00,2026-03-11 07:00:00
W007579,U007579,22744.57,IDR,ACTIVE,2025-05-24 21:00:00,2025-11-02 21:00:00
W007580,U007580,11939.92,IDR,ACTIVE,2026-03-23 02:00:00,2026-04-30 02:00:00
W007581,U007581,11572.26,IDR,ACTIVE,2024-12-13 10:00:00,2025-11-10 10:00:00
W007582,U007582,58451.47,IDR,ACTIVE,2025-04-20 07:00:00,2025-06-19 07:00:00
W007583,U007583,79311.88,IDR,CLOSED,2026-04-17 01:00:00,2026-06-25 01:00:00
W007584,U007584,22257.17,IDR,ACTIVE,2026-08-17 11:00:00,2026-08-23 00:00:00
W007585,U007585,248237.64,IDR,ACTIVE,2024-05-08 07:00:00,2025-01-18 07:00:00
W007586,U007586,40712.26,IDR,ACTIVE,2026-07-15 15:00:00,2026-07-15 15:00:00
W007587,U007587,54108.16,IDR,ACTIVE,2024-09-13 12:00:00,2024-10-09 12:00:00
W007588,U007588,50956.65,IDR,ACTIVE,2025-01-03 20:00:00,2025-05-03 20:00:00
W007589,U007589,10190.65,IDR,ACTIVE,2024-03-08 15:00:00,2025-06-22 15:00:00
W007590,U007590,164185.48,IDR,ACTIVE,2026-07-30 17:00:00,2026-08-23 00:00:00
W007591,U007591,108842.92,IDR,ACTIVE,2024-02-28 11:00:00,2024-06-08 11:00:00
W007592,U007592,258048.65,IDR,ACTIVE,2025-04-12 02:00:00,2025-12-20 02:00:00
W007593,U007593,238570.14,IDR,ACTIVE,2024-04-14 01:00:00,2025-03-30 01:00:00
W007594,U007594,95197.97,IDR,ACTIVE,2024-08-14 10:00:00,2024-12-09 10:00:00
W007595,U007595,117145.42,IDR,CLOSED,2025-05-09 07:00:00,2025-05-21 07:00:00
W007596,U007596,20928.52,IDR,ACTIVE,2024-09-30 06:00:00,2026-01-16 06:00:00
W007597,U007597,40977.99,IDR,ACTIVE,2025-09-14 10:00:00,2026-08-23 00:00:00
W007598,U007598,50623.17,IDR,ACTIVE,2024-08-12 18:00:00,2025-11-22 18:00:00
W007599,U007599,35936.24,IDR,ACTIVE,2025-11-19 08:00:00,2026-07-04 08:00:00
W007600,U007600,231952.57,IDR,ACTIVE,2026-06-06 02:00:00,2026-08-23 00:00:00
W007601,U007601,71612.21,IDR,ACTIVE,2026-06-11 02:00:00,2026-08-23 00:00:00
W007602,U007602,27869.61,IDR,ACTIVE,2024-11-25 11:00:00,2025-01-10 11:00:00
W007603,U007603,214833.59,IDR,CLOSED,2024-09-30 13:00:00,2025-06-14 13:00:00
W007604,U007604,74037.44,IDR,ACTIVE,2024-12-11 19:00:00,2025-05-08 19:00:00
W007605,U007605,156660.89,IDR,ACTIVE,2025-01-22 22:00:00,2025-06-25 22:00:00
W007606,U007606,20571.7,IDR,ACTIVE,2026-01-17 04:00:00,2026-08-16 04:00:00
W007607,U007607,79998.82,IDR,FROZEN,2025-01-23 13:00:00,2025-05-04 13:00:00
W007608,U007608,26717.6,IDR,ACTIVE,2024-12-23 11:00:00,2025-05-26 11:00:00
W007609,U007609,75702.77,IDR,ACTIVE,2024-10-04 00:00:00,2025-08-03 00:00:00
W007610,U007610,109215.99,IDR,ACTIVE,2025-01-30 00:00:00,2025-05-15 00:00:00
W007611,U007611,18862.37,IDR,ACTIVE,2026-04-18 20:00:00,2026-08-23 00:00:00
W007612,U007612,57668.2,IDR,ACTIVE,2024-09-02 22:00:00,2025-06-20 22:00:00
W007613,U007613,20445.16,IDR,ACTIVE,2025-06-22 07:00:00,2025-07-30 07:00:00
W007614,U007614,166106.08,IDR,ACTIVE,2025-09-14 12:00:00,2026-08-07 12:00:00
W007615,U007615,63623.37,IDR,ACTIVE,2024-07-25 06:00:00,2025-10-07 06:00:00
W007616,U007616,27790.61,IDR,FROZEN,2026-01-29 12:00:00,2026-08-23 00:00:00
W007617,U007617,34798.83,IDR,ACTIVE,2025-07-08 02:00:00,2025-10-22 02:00:00
W007618,U007618,39801.64,IDR,ACTIVE,2026-07-03 09:00:00,2026-08-23 00:00:00
W007619,U007619,253454.62,IDR,ACTIVE,2024-08-26 06:00:00,2025-02-10 06:00:00
W007620,U007620,55721.94,IDR,ACTIVE,2025-09-02 23:00:00,2026-08-23 00:00:00
W007621,U007621,136802.03,IDR,ACTIVE,2026-07-12 10:00:00,2026-08-23 00:00:00
W007622,U007622,58371.83,IDR,ACTIVE,2025-08-01 16:00:00,2026-08-22 16:00:00
W007623,U007623,20970.49,IDR,ACTIVE,2025-05-15 04:00:00,2025-08-31 04:00:00
W007624,U007624,34494.91,IDR,ACTIVE,2024-05-21 10:00:00,2025-05-07 10:00:00
W007625,U007625,83814.12,IDR,ACTIVE,2024-02-03 09:00:00,2024-10-21 09:00:00
W007626,U007626,10284.75,IDR,ACTIVE,2026-08-09 10:00:00,2026-08-23 00:00:00
W007627,U007627,99188.9,IDR,ACTIVE,2026-08-15 22:00:00,2026-08-23 00:00:00
W007628,U007628,30458.54,IDR,ACTIVE,2026-02-12 19:00:00,2026-08-23 00:00:00
W007629,U007629,70983.51,IDR,ACTIVE,2024-07-07 22:00:00,2024-11-14 22:00:00
W007630,U007630,35832.93,IDR,ACTIVE,2024-09-28 13:00:00,2025-03-28 13:00:00
W007631,U007631,120362.77,IDR,ACTIVE,2024-01-29 14:00:00,2024-07-08 14:00:00
W007632,U007632,62555.8,IDR,ACTIVE,2024-07-29 07:00:00,2025-06-22 07:00:00
W007633,U007633,115692.47,IDR,ACTIVE,2025-07-20 11:00:00,2025-10-18 11:00:00
W007634,U007634,11980.95,IDR,ACTIVE,2025-05-05 21:00:00,2026-03-12 21:00:00
W007635,U007635,49861.13,IDR,ACTIVE,2025-12-13 00:00:00,2026-08-23 00:00:00
W007636,U007636,29933.21,IDR,ACTIVE,2025-03-26 09:00:00,2025-03-29 09:00:00
W007637,U007637,96302.54,IDR,ACTIVE,2026-08-02 09:00:00,2026-08-23 00:00:00
W007638,U007638,163916.83,IDR,ACTIVE,2026-07-14 06:00:00,2026-08-23 00:00:00
W007639,U007639,157425.09,IDR,ACTIVE,2025-04-22 23:00:00,2026-03-16 23:00:00
W007640,U007640,270032.04,IDR,ACTIVE,2026-02-23 10:00:00,2026-07-16 10:00:00
W007641,U007641,168421.77,IDR,ACTIVE,2024-02-28 04:00:00,2024-08-03 04:00:00
W007642,U007642,49400.79,IDR,FROZEN,2025-03-19 14:00:00,2025-12-01 14:00:00
W007643,U007643,24090.73,IDR,ACTIVE,2026-07-20 00:00:00,2026-08-23 00:00:00
W007644,U007644,12708.18,IDR,FROZEN,2026-03-26 10:00:00,2026-04-02 10:00:00
W007645,U007645,23185.87,IDR,ACTIVE,2025-03-12 12:00:00,2025-06-20 12:00:00
W007646,U007646,11060.09,IDR,ACTIVE,2025-08-22 15:00:00,2026-07-12 15:00:00
W007647,U007647,16966.99,IDR,ACTIVE,2026-03-23 06:00:00,2026-08-23 00:00:00
W007648,U007648,77476.48,IDR,ACTIVE,2026-01-05 18:00:00,2026-03-04 18:00:00
W007649,U007649,11959.79,IDR,ACTIVE,2026-03-31 03:00:00,2026-08-23 00:00:00
W007650,U007650,88098.57,IDR,ACTIVE,2024-02-24 21:00:00,2024-08-19 21:00:00
W007651,U007651,34653.8,IDR,ACTIVE,2026-05-14 12:00:00,2026-08-23 00:00:00
W007652,U007652,65302.62,IDR,ACTIVE,2024-10-02 20:00:00,2025-04-23 20:00:00
W007653,U007653,66992.24,IDR,ACTIVE,2026-01-14 13:00:00,2026-08-23 00:00:00
W007654,U007654,271343.59,IDR,FROZEN,2024-09-01 05:00:00,2025-04-26 05:00:00
W007655,U007655,69462.86,IDR,ACTIVE,2024-06-23 23:00:00,2024-07-30 23:00:00
W007656,U007656,17645.99,IDR,ACTIVE,2024-10-27 12:00:00,2026-02-23 12:00:00
W007657,U007657,25269.0,IDR,ACTIVE,2025-10-15 21:00:00,2026-03-24 21:00:00
W007658,U007658,66825.71,IDR,ACTIVE,2026-03-13 06:00:00,2026-08-23 00:00:00
W007659,U007659,47261.6,IDR,ACTIVE,2024-12-11 13:00:00,2025-08-28 13:00:00
W007660,U007660,69962.69,IDR,ACTIVE,2025-06-24 15:00:00,2026-05-02 15:00:00
W007661,U007661,89746.79,IDR,ACTIVE,2026-05-03 15:00:00,2026-08-23 00:00:00
W007662,U007662,26163.15,IDR,ACTIVE,2024-05-04 12:00:00,2025-01-04 12:00:00
W007663,U007663,92536.47,IDR,ACTIVE,2025-02-15 05:00:00,2025-08-31 05:00:00
W007664,U007664,103808.56,IDR,ACTIVE,2025-08-13 16:00:00,2026-03-10 16:00:00
W007665,U007665,71086.57,IDR,FROZEN,2025-08-03 06:00:00,2025-08-05 06:00:00
W007666,U007666,382324.04,IDR,ACTIVE,2024-06-05 22:00:00,2024-10-02 22:00:00
W007667,U007667,13038.23,IDR,ACTIVE,2025-07-04 07:00:00,2025-09-09 07:00:00
W007668,U007668,326312.2,IDR,ACTIVE,2026-08-02 19:00:00,2026-08-23 00:00:00
W007669,U007669,43232.18,IDR,ACTIVE,2024-11-19 23:00:00,2026-01-03 23:00:00
W007670,U007670,29657.15,IDR,ACTIVE,2024-05-20 17:00:00,2025-09-17 17:00:00
W007671,U007671,96086.87,IDR,ACTIVE,2024-11-21 03:00:00,2026-01-19 03:00:00
W007672,U007672,34817.81,IDR,ACTIVE,2024-07-29 00:00:00,2024-10-24 00:00:00
W007673,U007673,152259.61,IDR,ACTIVE,2024-11-30 13:00:00,2025-11-06 13:00:00
W007674,U007674,42067.71,IDR,ACTIVE,2024-01-30 03:00:00,2024-12-03 03:00:00
W007675,U007675,176558.32,IDR,ACTIVE,2025-08-13 12:00:00,2025-09-18 12:00:00
W007676,U007676,22234.39,IDR,ACTIVE,2026-07-09 19:00:00,2026-08-23 00:00:00
W007677,U007677,82388.11,IDR,ACTIVE,2024-06-18 03:00:00,2025-08-30 03:00:00
W007678,U007678,27713.82,IDR,ACTIVE,2026-01-18 11:00:00,2026-03-20 11:00:00
W007679,U007679,85562.67,IDR,ACTIVE,2024-06-10 23:00:00,2025-01-31 23:00:00
W007680,U007680,15313.1,IDR,ACTIVE,2024-08-04 13:00:00,2025-12-03 13:00:00
W007681,U007681,16421.96,IDR,ACTIVE,2025-06-07 13:00:00,2026-06-20 13:00:00
W007682,U007682,41709.66,IDR,ACTIVE,2025-06-15 06:00:00,2026-03-20 06:00:00
W007683,U007683,185661.15,IDR,ACTIVE,2024-02-27 18:00:00,2025-06-26 18:00:00
W007684,U007684,13489.27,IDR,ACTIVE,2025-12-13 22:00:00,2026-02-27 22:00:00
W007685,U007685,227021.89,IDR,ACTIVE,2025-04-27 00:00:00,2026-06-20 00:00:00
W007686,U007686,85725.87,IDR,ACTIVE,2024-11-30 16:00:00,2026-02-23 16:00:00
W007687,U007687,169862.85,IDR,ACTIVE,2025-01-21 05:00:00,2026-06-01 05:00:00
W007688,U007688,62595.45,IDR,ACTIVE,2024-02-14 14:00:00,2024-11-29 14:00:00
W007689,U007689,71798.24,IDR,ACTIVE,2025-03-29 22:00:00,2025-10-21 22:00:00
W007690,U007690,48460.19,IDR,ACTIVE,2026-08-13 09:00:00,2026-08-23 00:00:00
W007691,U007691,43547.01,IDR,ACTIVE,2026-02-02 00:00:00,2026-08-23 00:00:00
W007692,U007692,123906.11,IDR,ACTIVE,2025-11-11 12:00:00,2025-12-16 12:00:00
W007693,U007693,22316.63,IDR,ACTIVE,2025-02-27 11:00:00,2026-01-07 11:00:00
W007694,U007694,61277.38,IDR,ACTIVE,2026-02-10 19:00:00,2026-08-23 00:00:00
W007695,U007695,13262.38,IDR,ACTIVE,2024-06-03 05:00:00,2025-06-12 05:00:00
W007696,U007696,17128.13,IDR,ACTIVE,2024-08-14 14:00:00,2025-05-11 14:00:00
W007697,U007697,55571.17,IDR,ACTIVE,2025-05-25 01:00:00,2026-08-23 00:00:00
W007698,U007698,32443.84,IDR,ACTIVE,2024-01-09 16:00:00,2024-06-28 16:00:00
W007699,U007699,49681.44,IDR,ACTIVE,2024-02-28 13:00:00,2024-12-15 13:00:00
W007700,U007700,25559.81,IDR,ACTIVE,2024-03-01 06:00:00,2024-03-29 06:00:00
W007701,U007701,109960.92,IDR,ACTIVE,2025-12-04 07:00:00,2026-04-29 07:00:00
W007702,U007702,18149.68,IDR,FROZEN,2024-05-04 23:00:00,2025-09-05 23:00:00
W007703,U007703,339043.31,IDR,ACTIVE,2026-05-26 23:00:00,2026-08-23 00:00:00
W007704,U007704,214780.97,IDR,ACTIVE,2024-06-09 23:00:00,2024-07-15 23:00:00
W007705,U007705,96532.44,IDR,FROZEN,2025-10-03 05:00:00,2025-10-28 05:00:00
W007706,U007706,15998.84,IDR,ACTIVE,2026-04-22 15:00:00,2026-08-08 15:00:00
W007707,U007707,49775.3,IDR,ACTIVE,2024-12-03 20:00:00,2025-02-12 20:00:00
W007708,U007708,102625.19,IDR,ACTIVE,2026-03-29 16:00:00,2026-08-23 00:00:00
W007709,U007709,159869.85,IDR,ACTIVE,2026-01-25 20:00:00,2026-08-23 00:00:00
W007710,U007710,158865.73,IDR,ACTIVE,2025-08-16 22:00:00,2026-08-23 00:00:00
W007711,U007711,126859.08,IDR,ACTIVE,2024-05-08 22:00:00,2025-04-24 22:00:00
W007712,U007712,8360.87,IDR,ACTIVE,2025-08-30 18:00:00,2026-07-16 18:00:00
W007713,U007713,23111.17,IDR,ACTIVE,2025-03-13 01:00:00,2025-11-05 01:00:00
W007714,U007714,130642.84,IDR,ACTIVE,2024-01-24 04:00:00,2024-05-03 04:00:00
W007715,U007715,34439.35,IDR,ACTIVE,2026-05-12 06:00:00,2026-08-23 00:00:00
W007716,U007716,80855.27,IDR,ACTIVE,2026-04-26 23:00:00,2026-08-23 00:00:00
W007717,U007717,367664.42,IDR,ACTIVE,2024-04-19 07:00:00,2024-08-11 07:00:00
W007718,U007718,32949.61,IDR,ACTIVE,2024-05-01 17:00:00,2025-03-13 17:00:00
W007719,U007719,172491.91,IDR,ACTIVE,2024-12-19 11:00:00,2025-01-22 11:00:00
W007720,U007720,85377.69,IDR,ACTIVE,2026-04-08 22:00:00,2026-06-08 22:00:00
W007721,U007721,619176.78,IDR,ACTIVE,2025-08-13 20:00:00,2026-08-23 00:00:00
W007722,U007722,85635.43,IDR,ACTIVE,2024-07-10 18:00:00,2025-03-21 18:00:00
W007723,U007723,34893.58,IDR,ACTIVE,2026-07-29 15:00:00,2026-08-23 00:00:00
W007724,U007724,61529.04,IDR,ACTIVE,2025-09-26 17:00:00,2026-08-23 00:00:00
W007725,U007725,21953.34,IDR,FROZEN,2024-02-10 14:00:00,2024-12-14 14:00:00
W007726,U007726,121526.12,IDR,ACTIVE,2026-02-17 14:00:00,2026-08-23 00:00:00
W007727,U007727,40917.34,IDR,ACTIVE,2026-06-21 12:00:00,2026-08-23 00:00:00
W007728,U007728,61433.15,IDR,ACTIVE,2025-08-12 05:00:00,2025-12-15 05:00:00
W007729,U007729,188448.32,IDR,ACTIVE,2026-05-08 00:00:00,2026-08-23 00:00:00
W007730,U007730,19956.38,IDR,ACTIVE,2024-03-13 22:00:00,2024-08-10 22:00:00
W007731,U007731,160468.31,IDR,ACTIVE,2025-03-12 04:00:00,2026-01-09 04:00:00
W007732,U007732,14575.28,IDR,ACTIVE,2026-03-13 13:00:00,2026-08-23 00:00:00
W007733,U007733,54224.03,IDR,ACTIVE,2024-06-09 09:00:00,2024-10-17 09:00:00
W007734,U007734,97099.81,IDR,ACTIVE,2024-05-15 08:00:00,2025-06-26 08:00:00
W007735,U007735,130665.46,IDR,ACTIVE,2024-06-30 12:00:00,2024-12-20 12:00:00
W007736,U007736,21472.54,IDR,ACTIVE,2025-12-01 08:00:00,2026-03-12 08:00:00
W007737,U007737,374678.92,IDR,ACTIVE,2025-10-05 12:00:00,2025-12-23 12:00:00
W007738,U007738,98666.5,IDR,ACTIVE,2024-03-15 12:00:00,2024-12-10 12:00:00
W007739,U007739,132527.41,IDR,ACTIVE,2024-06-04 09:00:00,2025-05-16 09:00:00
W007740,U007740,99350.61,IDR,ACTIVE,2024-11-05 17:00:00,2025-09-26 17:00:00
W007741,U007741,22299.99,IDR,ACTIVE,2025-08-29 18:00:00,2026-07-09 18:00:00
W007742,U007742,30265.42,IDR,ACTIVE,2024-07-15 03:00:00,2025-05-11 03:00:00
W007743,U007743,217544.79,IDR,ACTIVE,2026-01-05 22:00:00,2026-08-17 22:00:00
W007744,U007744,225866.15,IDR,ACTIVE,2025-12-07 01:00:00,2026-03-05 01:00:00
W007745,U007745,9745.08,IDR,ACTIVE,2024-12-13 16:00:00,2025-01-22 16:00:00
W007746,U007746,120085.74,IDR,ACTIVE,2026-06-20 06:00:00,2026-06-25 06:00:00
W007747,U007747,53274.63,IDR,ACTIVE,2024-12-22 16:00:00,2025-05-10 16:00:00
W007748,U007748,92437.82,IDR,ACTIVE,2025-03-24 20:00:00,2025-07-13 20:00:00
W007749,U007749,72796.99,IDR,ACTIVE,2025-04-13 03:00:00,2025-09-08 03:00:00
W007750,U007750,71633.53,IDR,ACTIVE,2024-01-27 18:00:00,2025-01-22 18:00:00
W007751,U007751,26688.95,IDR,ACTIVE,2025-12-03 03:00:00,2026-08-23 00:00:00
W007752,U007752,164866.37,IDR,ACTIVE,2026-05-14 22:00:00,2026-08-23 00:00:00
W007753,U007753,34642.11,IDR,ACTIVE,2025-09-10 14:00:00,2026-07-09 14:00:00
W007754,U007754,52174.19,IDR,ACTIVE,2024-05-07 07:00:00,2025-08-07 07:00:00
W007755,U007755,27274.37,IDR,ACTIVE,2024-05-26 00:00:00,2025-04-11 00:00:00
W007756,U007756,61404.94,IDR,ACTIVE,2025-09-08 00:00:00,2026-04-28 00:00:00
W007757,U007757,18379.57,IDR,ACTIVE,2024-02-04 18:00:00,2025-06-09 18:00:00
W007758,U007758,36279.52,IDR,ACTIVE,2025-03-28 01:00:00,2026-06-15 01:00:00
W007759,U007759,163878.99,IDR,ACTIVE,2025-04-12 09:00:00,2025-08-12 09:00:00
W007760,U007760,21042.15,IDR,ACTIVE,2025-01-17 14:00:00,2025-03-07 14:00:00
W007761,U007761,118716.43,IDR,ACTIVE,2025-12-11 05:00:00,2026-08-23 00:00:00
W007762,U007762,16983.41,IDR,ACTIVE,2024-04-23 20:00:00,2025-08-29 20:00:00
W007763,U007763,32619.75,IDR,ACTIVE,2026-01-16 04:00:00,2026-08-23 00:00:00
W007764,U007764,33098.93,IDR,ACTIVE,2024-11-04 08:00:00,2026-03-18 08:00:00
W007765,U007765,147815.24,IDR,ACTIVE,2025-11-22 08:00:00,2026-08-23 00:00:00
W007766,U007766,228359.85,IDR,ACTIVE,2024-04-24 13:00:00,2024-06-07 13:00:00
W007767,U007767,44105.95,IDR,ACTIVE,2025-10-21 12:00:00,2026-08-20 12:00:00
W007768,U007768,18262.3,IDR,ACTIVE,2025-03-07 21:00:00,2026-07-12 21:00:00
W007769,U007769,37844.21,IDR,ACTIVE,2024-05-25 05:00:00,2024-10-11 05:00:00
W007770,U007770,40773.08,IDR,ACTIVE,2024-05-13 16:00:00,2025-05-27 16:00:00
W007771,U007771,36668.43,IDR,ACTIVE,2026-07-10 10:00:00,2026-08-23 00:00:00
W007772,U007772,53316.51,IDR,ACTIVE,2024-12-19 20:00:00,2025-11-17 20:00:00
W007773,U007773,27284.78,IDR,ACTIVE,2025-04-16 07:00:00,2025-06-22 07:00:00
W007774,U007774,19150.21,IDR,ACTIVE,2025-08-04 16:00:00,2025-09-26 16:00:00
W007775,U007775,10681.99,IDR,ACTIVE,2026-05-31 15:00:00,2026-06-07 15:00:00
W007776,U007776,140786.75,IDR,ACTIVE,2024-02-13 10:00:00,2024-10-17 10:00:00
W007777,U007777,72187.35,IDR,ACTIVE,2025-07-15 21:00:00,2025-12-12 21:00:00
W007778,U007778,107648.32,IDR,ACTIVE,2026-06-28 01:00:00,2026-08-23 00:00:00
W007779,U007779,93477.79,IDR,ACTIVE,2025-09-20 13:00:00,2026-08-23 00:00:00
W007780,U007780,56964.39,IDR,ACTIVE,2025-08-22 05:00:00,2026-03-22 05:00:00
W007781,U007781,53189.28,IDR,ACTIVE,2026-01-13 10:00:00,2026-08-23 00:00:00
W007782,U007782,364162.13,IDR,ACTIVE,2025-12-07 03:00:00,2026-08-23 00:00:00
W007783,U007783,37138.15,IDR,ACTIVE,2026-02-26 04:00:00,2026-08-23 00:00:00
W007784,U007784,62830.27,IDR,ACTIVE,2026-05-22 06:00:00,2026-08-23 00:00:00
W007785,U007785,40290.27,IDR,ACTIVE,2025-08-08 02:00:00,2026-08-23 00:00:00
W007786,U007786,23537.87,IDR,ACTIVE,2024-08-27 07:00:00,2025-02-04 07:00:00
W007787,U007787,599459.87,IDR,ACTIVE,2026-05-10 16:00:00,2026-06-16 16:00:00
W007788,U007788,102651.4,IDR,ACTIVE,2025-01-10 13:00:00,2025-06-03 13:00:00
W007789,U007789,32083.14,IDR,ACTIVE,2025-08-30 22:00:00,2026-04-09 22:00:00
W007790,U007790,26317.71,IDR,ACTIVE,2025-07-22 16:00:00,2025-12-09 16:00:00
W007791,U007791,118418.61,IDR,ACTIVE,2024-12-22 03:00:00,2026-02-16 03:00:00
W007792,U007792,178396.43,IDR,ACTIVE,2026-08-01 05:00:00,2026-08-23 00:00:00
W007793,U007793,20799.73,IDR,ACTIVE,2025-08-28 01:00:00,2026-08-23 00:00:00
W007794,U007794,51118.72,IDR,ACTIVE,2025-09-02 01:00:00,2026-08-23 00:00:00
W007795,U007795,62516.4,IDR,ACTIVE,2025-02-12 19:00:00,2026-01-10 19:00:00
W007796,U007796,62988.49,IDR,ACTIVE,2024-11-20 10:00:00,2025-08-13 10:00:00
W007797,U007797,75947.48,IDR,ACTIVE,2024-06-08 10:00:00,2025-05-24 10:00:00
W007798,U007798,46396.45,IDR,ACTIVE,2025-07-14 03:00:00,2026-04-22 03:00:00
W007799,U007799,55055.06,IDR,ACTIVE,2026-07-20 16:00:00,2026-08-23 00:00:00
W007800,U007800,58092.23,IDR,ACTIVE,2024-07-24 01:00:00,2024-09-10 01:00:00
W007801,U007801,19770.51,IDR,ACTIVE,2024-08-23 12:00:00,2024-09-15 12:00:00
W007802,U007802,353573.58,IDR,ACTIVE,2026-07-27 06:00:00,2026-08-23 00:00:00
W007803,U007803,126088.37,IDR,ACTIVE,2024-02-09 11:00:00,2024-06-15 11:00:00
W007804,U007804,167764.53,IDR,ACTIVE,2024-01-13 20:00:00,2025-02-18 20:00:00
W007805,U007805,79050.55,IDR,ACTIVE,2024-06-23 12:00:00,2025-03-10 12:00:00
W007806,U007806,624320.66,IDR,ACTIVE,2025-05-22 16:00:00,2026-03-21 16:00:00
W007807,U007807,5328.74,IDR,ACTIVE,2024-04-19 03:00:00,2025-05-25 03:00:00
W007808,U007808,64967.52,IDR,ACTIVE,2025-02-05 01:00:00,2025-11-07 01:00:00
W007809,U007809,25572.58,IDR,ACTIVE,2026-03-09 04:00:00,2026-08-23 00:00:00
W007810,U007810,70204.33,IDR,ACTIVE,2024-12-24 10:00:00,2025-07-31 10:00:00
W007811,U007811,272868.37,IDR,ACTIVE,2026-03-06 02:00:00,2026-08-23 00:00:00
W007812,U007812,115602.47,IDR,ACTIVE,2025-04-16 12:00:00,2025-11-04 12:00:00
W007813,U007813,58642.37,IDR,ACTIVE,2024-07-17 04:00:00,2025-03-05 04:00:00
W007814,U007814,308444.48,IDR,ACTIVE,2024-04-05 12:00:00,2025-01-17 12:00:00
W007815,U007815,150839.91,IDR,ACTIVE,2025-01-17 05:00:00,2025-09-11 05:00:00
W007816,U007816,103322.52,IDR,ACTIVE,2024-08-05 20:00:00,2025-05-16 20:00:00
W007817,U007817,100411.06,IDR,ACTIVE,2024-02-04 08:00:00,2025-04-24 08:00:00
W007818,U007818,141287.41,IDR,ACTIVE,2026-03-29 16:00:00,2026-08-23 00:00:00
W007819,U007819,34607.9,IDR,ACTIVE,2025-08-22 14:00:00,2026-08-23 00:00:00
W007820,U007820,30720.65,IDR,ACTIVE,2024-02-15 17:00:00,2024-03-25 17:00:00
W007821,U007821,23368.55,IDR,ACTIVE,2025-02-12 06:00:00,2026-04-20 06:00:00
W007822,U007822,36049.74,IDR,ACTIVE,2026-08-03 07:00:00,2026-08-23 00:00:00
W007823,U007823,285570.5,IDR,ACTIVE,2024-10-22 21:00:00,2026-01-24 21:00:00
W007824,U007824,51145.92,IDR,ACTIVE,2025-12-20 23:00:00,2026-01-12 23:00:00
W007825,U007825,292898.35,IDR,ACTIVE,2025-01-14 02:00:00,2025-01-20 02:00:00
W007826,U007826,33671.75,IDR,ACTIVE,2024-04-17 23:00:00,2025-04-18 23:00:00
W007827,U007827,186564.98,IDR,ACTIVE,2025-06-18 15:00:00,2025-10-15 15:00:00
W007828,U007828,229602.7,IDR,ACTIVE,2024-06-06 20:00:00,2025-03-17 20:00:00
W007829,U007829,71514.89,IDR,ACTIVE,2025-01-08 05:00:00,2025-09-29 05:00:00
W007830,U007830,50382.38,IDR,ACTIVE,2024-10-16 03:00:00,2025-02-03 03:00:00
W007831,U007831,28694.75,IDR,ACTIVE,2025-10-05 22:00:00,2025-11-14 22:00:00
W007832,U007832,162335.58,IDR,ACTIVE,2025-04-15 09:00:00,2026-06-18 09:00:00
W007833,U007833,48606.25,IDR,ACTIVE,2026-04-24 05:00:00,2026-08-23 00:00:00
W007834,U007834,43009.51,IDR,ACTIVE,2024-12-13 02:00:00,2026-02-11 02:00:00
W007835,U007835,88340.91,IDR,ACTIVE,2025-02-06 09:00:00,2026-02-18 09:00:00
W007836,U007836,116068.94,IDR,ACTIVE,2024-02-08 00:00:00,2024-06-27 00:00:00
W007837,U007837,27366.01,IDR,ACTIVE,2025-06-03 09:00:00,2025-12-15 09:00:00
W007838,U007838,87978.75,IDR,ACTIVE,2026-04-06 14:00:00,2026-08-23 00:00:00
W007839,U007839,230838.38,IDR,ACTIVE,2025-07-09 18:00:00,2025-12-07 18:00:00
W007840,U007840,23006.52,IDR,ACTIVE,2024-01-25 10:00:00,2024-11-08 10:00:00
W007841,U007841,166274.89,IDR,ACTIVE,2024-06-30 07:00:00,2024-11-30 07:00:00
W007842,U007842,164704.06,IDR,ACTIVE,2025-09-08 00:00:00,2026-08-23 00:00:00
W007843,U007843,181067.53,IDR,FROZEN,2024-08-14 02:00:00,2025-06-12 02:00:00
W007844,U007844,121410.06,IDR,ACTIVE,2025-04-07 13:00:00,2026-01-01 13:00:00
W007845,U007845,114761.45,IDR,ACTIVE,2024-10-01 23:00:00,2025-08-08 23:00:00
W007846,U007846,160159.73,IDR,ACTIVE,2026-07-04 07:00:00,2026-08-23 00:00:00
W007847,U007847,87832.81,IDR,ACTIVE,2025-12-09 00:00:00,2026-01-09 00:00:00
W007848,U007848,40129.38,IDR,ACTIVE,2026-06-19 03:00:00,2026-08-23 00:00:00
W007849,U007849,39270.58,IDR,ACTIVE,2024-08-15 02:00:00,2025-07-22 02:00:00
W007850,U007850,56702.62,IDR,ACTIVE,2024-04-24 06:00:00,2025-03-12 06:00:00
W007851,U007851,130474.38,IDR,ACTIVE,2025-08-31 06:00:00,2025-09-13 06:00:00
W007852,U007852,58353.01,IDR,ACTIVE,2026-03-31 12:00:00,2026-08-23 00:00:00
W007853,U007853,49736.61,IDR,CLOSED,2025-09-03 02:00:00,2026-05-05 02:00:00
W007854,U007854,179260.22,IDR,ACTIVE,2024-09-06 12:00:00,2025-08-31 12:00:00
W007855,U007855,73683.07,IDR,ACTIVE,2024-11-14 12:00:00,2025-10-30 12:00:00
W007856,U007856,17389.43,IDR,ACTIVE,2026-04-25 12:00:00,2026-08-23 00:00:00
W007857,U007857,23397.5,IDR,ACTIVE,2025-01-24 08:00:00,2026-04-06 08:00:00
W007858,U007858,20968.68,IDR,ACTIVE,2024-08-16 09:00:00,2025-09-27 09:00:00
W007859,U007859,59800.84,IDR,ACTIVE,2024-06-22 17:00:00,2025-06-02 17:00:00
W007860,U007860,24215.39,IDR,ACTIVE,2024-09-23 20:00:00,2026-02-03 20:00:00
W007861,U007861,50321.44,IDR,ACTIVE,2025-10-24 19:00:00,2026-07-18 19:00:00
W007862,U007862,37109.69,IDR,ACTIVE,2026-04-27 04:00:00,2026-08-23 00:00:00
W007863,U007863,14761.16,IDR,ACTIVE,2024-01-06 16:00:00,2025-04-20 16:00:00
W007864,U007864,22934.39,IDR,ACTIVE,2024-04-09 16:00:00,2024-06-02 16:00:00
W007865,U007865,306899.15,IDR,ACTIVE,2026-05-07 12:00:00,2026-08-23 00:00:00
W007866,U007866,44391.57,IDR,ACTIVE,2026-01-01 19:00:00,2026-03-13 19:00:00
W007867,U007867,41709.61,IDR,ACTIVE,2024-09-05 08:00:00,2025-01-13 08:00:00
W007868,U007868,39819.06,IDR,ACTIVE,2025-09-07 01:00:00,2026-02-21 01:00:00
W007869,U007869,78510.54,IDR,ACTIVE,2025-05-24 14:00:00,2025-08-04 14:00:00
W007870,U007870,61642.33,IDR,ACTIVE,2024-02-01 15:00:00,2025-02-22 15:00:00
W007871,U007871,398946.63,IDR,ACTIVE,2024-06-28 05:00:00,2024-08-09 05:00:00
W007872,U007872,192254.87,IDR,ACTIVE,2025-02-01 18:00:00,2025-08-29 18:00:00
W007873,U007873,383239.55,IDR,ACTIVE,2025-10-28 20:00:00,2026-08-23 00:00:00
W007874,U007874,128068.34,IDR,ACTIVE,2024-03-16 04:00:00,2024-03-29 04:00:00
W007875,U007875,111998.89,IDR,ACTIVE,2024-01-19 18:00:00,2024-02-26 18:00:00
W007876,U007876,22143.13,IDR,ACTIVE,2024-07-20 00:00:00,2025-11-18 00:00:00
W007877,U007877,9667.33,IDR,ACTIVE,2024-08-28 08:00:00,2025-06-23 08:00:00
W007878,U007878,17146.88,IDR,ACTIVE,2024-10-24 09:00:00,2026-02-23 09:00:00
W007879,U007879,15403.77,IDR,ACTIVE,2025-03-02 15:00:00,2026-03-13 15:00:00
W007880,U007880,52744.29,IDR,ACTIVE,2026-06-13 05:00:00,2026-08-23 00:00:00
W007881,U007881,153137.11,IDR,ACTIVE,2024-02-16 02:00:00,2025-05-18 02:00:00
W007882,U007882,33119.78,IDR,ACTIVE,2025-10-19 00:00:00,2025-11-20 00:00:00
W007883,U007883,26637.71,IDR,ACTIVE,2025-08-22 01:00:00,2026-08-14 01:00:00
W007884,U007884,139926.68,IDR,ACTIVE,2025-01-22 13:00:00,2026-03-19 13:00:00
W007885,U007885,26880.57,IDR,ACTIVE,2025-03-10 12:00:00,2025-07-12 12:00:00
W007886,U007886,286238.67,IDR,ACTIVE,2024-01-31 04:00:00,2024-03-22 04:00:00
W007887,U007887,23752.54,IDR,ACTIVE,2025-09-01 17:00:00,2026-08-23 00:00:00
W007888,U007888,152409.88,IDR,ACTIVE,2026-04-30 17:00:00,2026-08-23 00:00:00
W007889,U007889,80385.78,IDR,ACTIVE,2026-05-07 11:00:00,2026-08-23 00:00:00
W007890,U007890,7324.78,IDR,ACTIVE,2024-05-28 23:00:00,2025-05-31 23:00:00
W007891,U007891,29018.6,IDR,ACTIVE,2024-08-11 01:00:00,2025-09-28 01:00:00
W007892,U007892,162199.33,IDR,ACTIVE,2024-01-07 15:00:00,2024-01-27 15:00:00
W007893,U007893,15120.08,IDR,ACTIVE,2024-05-29 22:00:00,2025-01-17 22:00:00
W007894,U007894,42103.87,IDR,ACTIVE,2025-05-08 05:00:00,2026-07-07 05:00:00
W007895,U007895,15685.75,IDR,ACTIVE,2025-09-26 10:00:00,2026-04-12 10:00:00
W007896,U007896,52994.34,IDR,ACTIVE,2024-07-09 12:00:00,2025-09-20 12:00:00
W007897,U007897,89436.34,IDR,ACTIVE,2025-01-16 08:00:00,2025-03-08 08:00:00
W007898,U007898,68663.5,IDR,ACTIVE,2026-05-10 13:00:00,2026-08-23 00:00:00
W007899,U007899,74575.8,IDR,ACTIVE,2026-02-21 12:00:00,2026-08-23 00:00:00
W007900,U007900,68304.11,IDR,ACTIVE,2025-02-26 03:00:00,2025-08-16 03:00:00
W007901,U007901,48325.41,IDR,ACTIVE,2026-02-11 03:00:00,2026-08-23 00:00:00
W007902,U007902,134636.61,IDR,FROZEN,2025-06-11 03:00:00,2025-08-21 03:00:00
W007903,U007903,14757.07,IDR,ACTIVE,2025-07-19 15:00:00,2025-07-28 15:00:00
W007904,U007904,267814.61,IDR,ACTIVE,2025-05-27 16:00:00,2026-05-14 16:00:00
W007905,U007905,71378.62,IDR,ACTIVE,2025-05-13 00:00:00,2026-05-02 00:00:00
W007906,U007906,16424.83,IDR,ACTIVE,2026-04-24 20:00:00,2026-08-23 00:00:00
W007907,U007907,227600.09,IDR,ACTIVE,2024-12-11 06:00:00,2026-01-06 06:00:00
W007908,U007908,49890.77,IDR,ACTIVE,2026-07-02 18:00:00,2026-08-23 00:00:00
W007909,U007909,36307.66,IDR,ACTIVE,2025-07-12 20:00:00,2026-05-09 20:00:00
W007910,U007910,16764.3,IDR,ACTIVE,2026-01-01 13:00:00,2026-04-04 13:00:00
W007911,U007911,32709.47,IDR,ACTIVE,2025-04-26 23:00:00,2026-07-16 23:00:00
W007912,U007912,142036.89,IDR,ACTIVE,2024-12-09 04:00:00,2025-06-03 04:00:00
W007913,U007913,25422.44,IDR,ACTIVE,2025-07-21 13:00:00,2025-08-30 13:00:00
W007914,U007914,145108.44,IDR,ACTIVE,2025-07-02 00:00:00,2026-07-01 00:00:00
W007915,U007915,42438.49,IDR,ACTIVE,2025-05-15 07:00:00,2025-08-19 07:00:00
W007916,U007916,7147.7,IDR,FROZEN,2026-08-02 19:00:00,2026-08-23 00:00:00
W007917,U007917,22507.57,IDR,ACTIVE,2025-11-30 16:00:00,2026-08-23 00:00:00
W007918,U007918,34328.15,IDR,ACTIVE,2025-05-30 17:00:00,2025-06-23 17:00:00
W007919,U007919,95636.44,IDR,ACTIVE,2025-11-19 13:00:00,2025-12-22 13:00:00
W007920,U007920,74455.59,IDR,ACTIVE,2024-06-12 13:00:00,2025-05-22 13:00:00
W007921,U007921,306277.02,IDR,ACTIVE,2026-06-06 22:00:00,2026-08-23 00:00:00
W007922,U007922,44534.9,IDR,ACTIVE,2026-06-07 23:00:00,2026-08-23 00:00:00
W007923,U007923,149977.84,IDR,ACTIVE,2025-06-25 00:00:00,2026-08-18 00:00:00
W007924,U007924,52695.89,IDR,ACTIVE,2024-06-30 06:00:00,2024-11-20 06:00:00
W007925,U007925,27501.37,IDR,ACTIVE,2025-08-11 05:00:00,2026-06-10 05:00:00
W007926,U007926,19162.07,IDR,ACTIVE,2026-03-11 21:00:00,2026-08-23 00:00:00
W007927,U007927,45115.38,IDR,ACTIVE,2025-11-04 17:00:00,2026-05-14 17:00:00
W007928,U007928,59334.35,IDR,ACTIVE,2026-06-16 04:00:00,2026-08-23 00:00:00
W007929,U007929,219299.56,IDR,ACTIVE,2026-02-09 22:00:00,2026-08-23 00:00:00
W007930,U007930,301977.2,IDR,FROZEN,2024-06-30 02:00:00,2025-06-29 02:00:00
W007931,U007931,300958.99,IDR,ACTIVE,2026-07-27 07:00:00,2026-08-23 00:00:00
W007932,U007932,30303.94,IDR,ACTIVE,2025-05-27 17:00:00,2026-03-12 17:00:00
W007933,U007933,25054.06,IDR,ACTIVE,2024-12-08 00:00:00,2025-09-23 00:00:00
W007934,U007934,32810.0,IDR,ACTIVE,2026-03-17 08:00:00,2026-03-20 08:00:00
W007935,U007935,51258.0,IDR,ACTIVE,2026-03-08 07:00:00,2026-08-23 00:00:00
W007936,U007936,12065.97,IDR,ACTIVE,2024-06-12 11:00:00,2025-03-22 11:00:00
W007937,U007937,23572.57,IDR,ACTIVE,2026-06-13 23:00:00,2026-08-23 00:00:00
W007938,U007938,202231.25,IDR,ACTIVE,2024-03-22 18:00:00,2025-02-23 18:00:00
W007939,U007939,78878.47,IDR,ACTIVE,2025-12-31 03:00:00,2026-08-23 00:00:00
W007940,U007940,35208.41,IDR,ACTIVE,2025-03-19 01:00:00,2026-06-10 01:00:00
W007941,U007941,13178.55,IDR,ACTIVE,2025-01-28 13:00:00,2025-07-17 13:00:00
W007942,U007942,77068.4,IDR,ACTIVE,2024-03-10 00:00:00,2024-05-24 00:00:00
W007943,U007943,62870.42,IDR,ACTIVE,2024-09-22 14:00:00,2025-06-29 14:00:00
W007944,U007944,23542.88,IDR,ACTIVE,2025-08-23 01:00:00,2026-08-02 01:00:00
W007945,U007945,119592.07,IDR,FROZEN,2024-12-28 19:00:00,2025-01-20 19:00:00
W007946,U007946,36778.18,IDR,ACTIVE,2024-02-20 10:00:00,2024-12-28 10:00:00
W007947,U007947,69757.65,IDR,ACTIVE,2025-06-13 04:00:00,2026-05-28 04:00:00
W007948,U007948,297122.8,IDR,ACTIVE,2026-06-09 23:00:00,2026-08-23 00:00:00
W007949,U007949,112899.45,IDR,ACTIVE,2026-02-27 00:00:00,2026-07-15 00:00:00
W007950,U007950,16904.8,IDR,ACTIVE,2026-02-28 06:00:00,2026-08-23 00:00:00
W007951,U007951,113389.57,IDR,ACTIVE,2025-05-29 02:00:00,2026-07-01 02:00:00
W007952,U007952,31311.05,IDR,ACTIVE,2026-01-12 18:00:00,2026-08-23 00:00:00
W007953,U007953,96431.11,IDR,ACTIVE,2025-04-21 16:00:00,2026-05-17 16:00:00
W007954,U007954,148351.98,IDR,ACTIVE,2024-11-23 16:00:00,2025-06-26 16:00:00
W007955,U007955,69802.23,IDR,ACTIVE,2025-12-25 16:00:00,2026-08-23 00:00:00
W007956,U007956,18040.58,IDR,ACTIVE,2024-10-29 06:00:00,2025-05-11 06:00:00
W007957,U007957,9000.12,IDR,ACTIVE,2026-02-03 13:00:00,2026-08-23 00:00:00
W007958,U007958,184882.89,IDR,ACTIVE,2024-09-01 02:00:00,2025-03-31 02:00:00
W007959,U007959,256702.95,IDR,ACTIVE,2026-02-19 06:00:00,2026-08-23 00:00:00
W007960,U007960,29693.16,IDR,ACTIVE,2025-01-03 21:00:00,2026-05-12 21:00:00
W007961,U007961,7956.46,IDR,ACTIVE,2026-06-23 02:00:00,2026-08-23 00:00:00
W007962,U007962,15299.26,IDR,ACTIVE,2025-06-03 14:00:00,2025-11-12 14:00:00
W007963,U007963,38235.11,IDR,ACTIVE,2024-12-14 19:00:00,2025-07-12 19:00:00
W007964,U007964,147016.02,IDR,FROZEN,2024-11-01 21:00:00,2025-08-20 21:00:00
W007965,U007965,8022.24,IDR,ACTIVE,2025-05-04 09:00:00,2026-08-23 00:00:00
W007966,U007966,213221.36,IDR,ACTIVE,2025-03-20 05:00:00,2026-03-07 05:00:00
W007967,U007967,185799.44,IDR,ACTIVE,2025-02-12 19:00:00,2025-04-03 19:00:00
W007968,U007968,208458.81,IDR,ACTIVE,2024-07-18 08:00:00,2025-07-15 08:00:00
W007969,U007969,21950.02,IDR,ACTIVE,2026-01-28 20:00:00,2026-08-23 00:00:00
W007970,U007970,160961.89,IDR,ACTIVE,2026-08-10 17:00:00,2026-08-23 00:00:00
W007971,U007971,61574.28,IDR,ACTIVE,2025-07-10 02:00:00,2026-06-18 02:00:00
W007972,U007972,20725.41,IDR,ACTIVE,2025-12-04 08:00:00,2026-01-22 08:00:00
W007973,U007973,68896.65,IDR,ACTIVE,2024-03-06 04:00:00,2024-07-16 04:00:00
W007974,U007974,59492.63,IDR,ACTIVE,2025-01-26 05:00:00,2026-03-09 05:00:00
W007975,U007975,15245.88,IDR,ACTIVE,2025-04-26 15:00:00,2025-05-14 15:00:00
W007976,U007976,107936.87,IDR,ACTIVE,2024-06-17 01:00:00,2025-07-27 01:00:00
W007977,U007977,56693.04,IDR,ACTIVE,2024-01-25 15:00:00,2024-07-15 15:00:00
W007978,U007978,41011.08,IDR,ACTIVE,2024-02-17 01:00:00,2024-07-30 01:00:00
W007979,U007979,39548.07,IDR,ACTIVE,2024-09-20 05:00:00,2025-02-02 05:00:00
W007980,U007980,82267.11,IDR,ACTIVE,2025-01-03 17:00:00,2025-02-13 17:00:00
W007981,U007981,36879.95,IDR,ACTIVE,2025-08-24 23:00:00,2026-08-23 00:00:00
W007982,U007982,9316.93,IDR,ACTIVE,2026-05-17 23:00:00,2026-08-23 00:00:00
W007983,U007983,19792.99,IDR,ACTIVE,2024-01-09 21:00:00,2025-03-04 21:00:00
W007984,U007984,57347.44,IDR,ACTIVE,2025-07-29 14:00:00,2026-04-19 14:00:00
W007985,U007985,34937.2,IDR,ACTIVE,2025-06-03 22:00:00,2025-12-08 22:00:00
W007986,U007986,40496.62,IDR,ACTIVE,2024-11-25 03:00:00,2025-03-20 03:00:00
W007987,U007987,22743.56,IDR,ACTIVE,2024-01-13 03:00:00,2025-04-28 03:00:00
W007988,U007988,22976.26,IDR,ACTIVE,2026-04-19 06:00:00,2026-08-23 00:00:00
W007989,U007989,97146.96,IDR,ACTIVE,2024-12-27 01:00:00,2025-08-08 01:00:00
W007990,U007990,67789.23,IDR,ACTIVE,2025-09-29 22:00:00,2025-11-09 22:00:00
W007991,U007991,25799.92,IDR,FROZEN,2024-02-25 05:00:00,2024-03-07 05:00:00
W007992,U007992,39185.37,IDR,CLOSED,2025-01-14 07:00:00,2025-06-04 07:00:00
W007993,U007993,124730.15,IDR,ACTIVE,2024-01-29 21:00:00,2025-03-08 21:00:00
W007994,U007994,19032.59,IDR,ACTIVE,2024-04-08 09:00:00,2024-07-25 09:00:00
W007995,U007995,143671.03,IDR,ACTIVE,2025-06-09 23:00:00,2025-09-06 23:00:00
W007996,U007996,49369.33,IDR,ACTIVE,2024-06-12 21:00:00,2025-07-08 21:00:00
W007997,U007997,39687.56,IDR,ACTIVE,2025-12-19 09:00:00,2025-12-27 09:00:00
W007998,U007998,15960.66,IDR,ACTIVE,2024-06-17 12:00:00,2024-09-15 12:00:00
W007999,U007999,778523.19,IDR,ACTIVE,2024-11-18 15:00:00,2025-08-17 15:00:00
W008000,U008000,88119.24,IDR,ACTIVE,2026-08-09 21:00:00,2026-08-23 00:00:00
W008001,U008001,9146.65,IDR,ACTIVE,2026-07-19 11:00:00,2026-08-23 00:00:00
W008002,U008002,71464.72,IDR,ACTIVE,2024-04-25 05:00:00,2024-08-13 05:00:00
W008003,U008003,182876.12,IDR,ACTIVE,2024-09-02 21:00:00,2024-11-24 21:00:00
W008004,U008004,76542.61,IDR,ACTIVE,2025-06-08 07:00:00,2025-10-05 07:00:00
W008005,U008005,128349.28,IDR,ACTIVE,2024-05-12 16:00:00,2025-04-15 16:00:00
W008006,U008006,33545.55,IDR,ACTIVE,2024-03-08 00:00:00,2024-07-09 00:00:00
W008007,U008007,29681.3,IDR,ACTIVE,2024-07-15 10:00:00,2025-08-16 10:00:00
W008008,U008008,43336.18,IDR,ACTIVE,2024-12-29 09:00:00,2025-07-20 09:00:00
W008009,U008009,60710.51,IDR,ACTIVE,2025-03-12 16:00:00,2025-08-04 16:00:00
W008010,U008010,34259.61,IDR,ACTIVE,2025-05-05 05:00:00,2026-07-06 05:00:00
W008011,U008011,48336.5,IDR,ACTIVE,2026-04-21 23:00:00,2026-08-23 00:00:00
W008012,U008012,20004.34,IDR,ACTIVE,2024-10-27 19:00:00,2025-04-09 19:00:00
W008013,U008013,12040.15,IDR,ACTIVE,2024-02-11 19:00:00,2024-08-27 19:00:00
W008014,U008014,26307.06,IDR,ACTIVE,2025-10-18 13:00:00,2025-12-09 13:00:00
W008015,U008015,354288.61,IDR,ACTIVE,2025-02-06 14:00:00,2026-03-23 14:00:00
W008016,U008016,199667.34,IDR,ACTIVE,2026-06-21 21:00:00,2026-08-23 00:00:00
W008017,U008017,73272.45,IDR,ACTIVE,2026-02-01 15:00:00,2026-08-23 00:00:00
W008018,U008018,14080.38,IDR,ACTIVE,2025-10-09 18:00:00,2026-08-22 18:00:00
W008019,U008019,52362.78,IDR,FROZEN,2025-02-16 22:00:00,2026-05-07 22:00:00
W008020,U008020,65803.43,IDR,ACTIVE,2025-06-18 18:00:00,2026-04-26 18:00:00
W008021,U008021,32378.81,IDR,ACTIVE,2024-12-05 20:00:00,2025-11-03 20:00:00
W008022,U008022,214046.11,IDR,ACTIVE,2026-05-02 08:00:00,2026-08-23 00:00:00
W008023,U008023,13424.82,IDR,CLOSED,2024-01-07 13:00:00,2024-02-10 13:00:00
W008024,U008024,19182.2,IDR,CLOSED,2026-01-14 00:00:00,2026-08-23 00:00:00
W008025,U008025,97405.31,IDR,ACTIVE,2025-11-07 11:00:00,2026-01-06 11:00:00
W008026,U008026,18738.82,IDR,ACTIVE,2026-03-09 01:00:00,2026-06-27 01:00:00
W008027,U008027,20878.55,IDR,ACTIVE,2025-04-22 11:00:00,2025-11-14 11:00:00
W008028,U008028,52413.3,IDR,ACTIVE,2024-04-07 05:00:00,2024-09-17 05:00:00
W008029,U008029,7315.09,IDR,ACTIVE,2025-02-04 22:00:00,2025-08-26 22:00:00
W008030,U008030,68841.58,IDR,ACTIVE,2024-01-03 02:00:00,2024-02-01 02:00:00
W008031,U008031,35878.56,IDR,ACTIVE,2024-04-27 20:00:00,2025-02-25 20:00:00
W008032,U008032,48702.81,IDR,ACTIVE,2025-06-03 04:00:00,2026-02-27 04:00:00
W008033,U008033,28918.61,IDR,ACTIVE,2026-03-11 11:00:00,2026-08-23 00:00:00
W008034,U008034,207460.55,IDR,ACTIVE,2025-08-12 22:00:00,2026-02-03 22:00:00
W008035,U008035,138168.74,IDR,ACTIVE,2024-08-13 00:00:00,2024-08-25 00:00:00
W008036,U008036,96449.28,IDR,ACTIVE,2024-09-27 08:00:00,2025-02-26 08:00:00
W008037,U008037,21877.36,IDR,ACTIVE,2026-05-15 02:00:00,2026-08-23 00:00:00
W008038,U008038,109013.57,IDR,ACTIVE,2025-08-03 12:00:00,2026-07-17 12:00:00
W008039,U008039,77987.31,IDR,ACTIVE,2024-01-28 01:00:00,2025-05-25 01:00:00
W008040,U008040,639469.03,IDR,ACTIVE,2024-05-13 23:00:00,2024-12-28 23:00:00
W008041,U008041,13902.86,IDR,ACTIVE,2024-01-05 15:00:00,2024-07-13 15:00:00
W008042,U008042,45439.97,IDR,ACTIVE,2026-03-11 04:00:00,2026-08-23 00:00:00
W008043,U008043,29323.54,IDR,ACTIVE,2024-06-08 00:00:00,2024-08-30 00:00:00
W008044,U008044,80607.95,IDR,ACTIVE,2026-01-14 14:00:00,2026-06-26 14:00:00
W008045,U008045,12602.41,IDR,ACTIVE,2025-03-21 18:00:00,2025-06-20 18:00:00
W008046,U008046,117816.41,IDR,ACTIVE,2024-12-17 06:00:00,2025-10-01 06:00:00
W008047,U008047,12508.25,IDR,ACTIVE,2025-04-03 00:00:00,2025-09-14 00:00:00
W008048,U008048,82006.42,IDR,ACTIVE,2025-05-23 14:00:00,2025-06-06 14:00:00
W008049,U008049,39582.1,IDR,ACTIVE,2024-02-24 23:00:00,2024-06-19 23:00:00
W008050,U008050,24222.13,IDR,ACTIVE,2024-03-22 15:00:00,2025-03-19 15:00:00
W008051,U008051,18912.07,IDR,ACTIVE,2026-05-13 22:00:00,2026-08-23 00:00:00
W008052,U008052,29021.11,IDR,ACTIVE,2024-10-01 21:00:00,2025-05-22 21:00:00
W008053,U008053,40917.07,IDR,ACTIVE,2024-08-18 00:00:00,2025-07-27 00:00:00
W008054,U008054,55692.17,IDR,ACTIVE,2024-09-29 04:00:00,2025-12-29 04:00:00
W008055,U008055,63031.63,IDR,ACTIVE,2024-09-26 08:00:00,2025-06-18 08:00:00
W008056,U008056,46136.11,IDR,ACTIVE,2026-07-27 06:00:00,2026-08-23 00:00:00
W008057,U008057,38288.44,IDR,ACTIVE,2025-06-02 07:00:00,2026-04-29 07:00:00
W008058,U008058,283463.95,IDR,ACTIVE,2025-10-18 15:00:00,2026-08-23 00:00:00
W008059,U008059,109789.65,IDR,ACTIVE,2025-01-31 13:00:00,2025-10-09 13:00:00
W008060,U008060,14299.51,IDR,FROZEN,2025-08-19 19:00:00,2026-08-23 00:00:00
W008061,U008061,32389.34,IDR,CLOSED,2025-03-13 12:00:00,2025-09-27 12:00:00
W008062,U008062,50557.42,IDR,ACTIVE,2024-06-26 10:00:00,2024-10-08 10:00:00
W008063,U008063,24989.65,IDR,ACTIVE,2025-03-29 08:00:00,2025-05-27 08:00:00
W008064,U008064,41066.14,IDR,ACTIVE,2025-01-06 16:00:00,2025-05-30 16:00:00
W008065,U008065,15261.08,IDR,ACTIVE,2026-08-02 13:00:00,2026-08-23 00:00:00
W008066,U008066,60217.68,IDR,ACTIVE,2024-06-29 19:00:00,2025-03-16 19:00:00
W008067,U008067,416755.21,IDR,ACTIVE,2026-04-05 23:00:00,2026-04-23 23:00:00
W008068,U008068,63800.31,IDR,ACTIVE,2024-05-18 14:00:00,2024-11-17 14:00:00
W008069,U008069,63572.92,IDR,ACTIVE,2024-03-14 20:00:00,2025-07-05 20:00:00
W008070,U008070,46143.5,IDR,ACTIVE,2025-04-09 13:00:00,2026-05-20 13:00:00
W008071,U008071,18147.38,IDR,ACTIVE,2025-02-28 16:00:00,2025-08-20 16:00:00
W008072,U008072,318290.03,IDR,ACTIVE,2024-11-26 23:00:00,2025-07-08 23:00:00
W008073,U008073,70589.63,IDR,ACTIVE,2025-09-16 11:00:00,2026-04-05 11:00:00
W008074,U008074,96186.28,IDR,ACTIVE,2025-07-07 11:00:00,2025-08-20 11:00:00
W008075,U008075,38172.72,IDR,ACTIVE,2025-05-30 18:00:00,2025-08-29 18:00:00
W008076,U008076,99439.03,IDR,ACTIVE,2026-06-17 04:00:00,2026-08-23 00:00:00
W008077,U008077,315802.12,IDR,FROZEN,2024-10-12 07:00:00,2025-02-24 07:00:00
W008078,U008078,205030.1,IDR,ACTIVE,2025-05-08 17:00:00,2026-04-21 17:00:00
W008079,U008079,2218.17,IDR,ACTIVE,2024-06-30 20:00:00,2025-05-11 20:00:00
W008080,U008080,190377.07,IDR,ACTIVE,2026-03-17 17:00:00,2026-08-23 00:00:00
W008081,U008081,21869.0,IDR,ACTIVE,2025-10-22 02:00:00,2026-05-14 02:00:00
W008082,U008082,23176.23,IDR,ACTIVE,2024-12-12 04:00:00,2025-03-15 04:00:00
W008083,U008083,15450.56,IDR,FROZEN,2025-01-14 16:00:00,2025-09-22 16:00:00
W008084,U008084,21154.75,IDR,ACTIVE,2026-02-15 10:00:00,2026-04-11 10:00:00
W008085,U008085,82734.66,IDR,CLOSED,2025-12-06 17:00:00,2026-08-02 17:00:00
W008086,U008086,62949.63,IDR,ACTIVE,2024-08-31 16:00:00,2025-03-20 16:00:00
W008087,U008087,104386.59,IDR,ACTIVE,2024-08-28 08:00:00,2025-07-15 08:00:00
W008088,U008088,56029.31,IDR,ACTIVE,2025-06-04 08:00:00,2025-10-27 08:00:00
W008089,U008089,21923.42,IDR,ACTIVE,2026-05-01 15:00:00,2026-08-23 00:00:00
W008090,U008090,114303.71,IDR,ACTIVE,2026-03-15 14:00:00,2026-08-15 14:00:00
W008091,U008091,41714.68,IDR,ACTIVE,2024-06-08 13:00:00,2025-07-11 13:00:00
W008092,U008092,117524.82,IDR,ACTIVE,2026-08-03 18:00:00,2026-08-23 00:00:00
W008093,U008093,71396.01,IDR,ACTIVE,2025-08-25 23:00:00,2025-10-03 23:00:00
W008094,U008094,61083.76,IDR,ACTIVE,2026-06-26 06:00:00,2026-07-30 06:00:00
W008095,U008095,394616.14,IDR,ACTIVE,2025-01-28 17:00:00,2025-09-09 17:00:00
W008096,U008096,9537.79,IDR,ACTIVE,2024-05-05 15:00:00,2025-01-09 15:00:00
W008097,U008097,10191.89,IDR,ACTIVE,2025-12-14 13:00:00,2026-08-23 00:00:00
W008098,U008098,29157.88,IDR,ACTIVE,2026-04-11 13:00:00,2026-08-23 00:00:00
W008099,U008099,119106.0,IDR,ACTIVE,2024-10-10 16:00:00,2025-11-20 16:00:00
W008100,U008100,33135.24,IDR,ACTIVE,2026-02-23 21:00:00,2026-08-23 00:00:00
W008101,U008101,42915.87,IDR,ACTIVE,2026-04-22 21:00:00,2026-08-23 00:00:00
W008102,U008102,10694.08,IDR,ACTIVE,2025-05-29 23:00:00,2026-08-23 00:00:00
W008103,U008103,113823.06,IDR,ACTIVE,2026-03-07 00:00:00,2026-08-23 00:00:00
W008104,U008104,11215.85,IDR,ACTIVE,2024-01-09 22:00:00,2024-01-24 22:00:00
W008105,U008105,38365.61,IDR,ACTIVE,2024-11-28 10:00:00,2025-07-26 10:00:00
W008106,U008106,7218.76,IDR,ACTIVE,2026-07-26 09:00:00,2026-08-23 00:00:00
W008107,U008107,142828.11,IDR,ACTIVE,2025-06-01 04:00:00,2026-07-27 04:00:00
W008108,U008108,10469.45,IDR,ACTIVE,2025-01-22 12:00:00,2025-05-09 12:00:00
W008109,U008109,35974.34,IDR,ACTIVE,2025-03-10 13:00:00,2025-08-26 13:00:00
W008110,U008110,29650.16,IDR,ACTIVE,2026-01-13 17:00:00,2026-08-23 00:00:00
W008111,U008111,96929.68,IDR,ACTIVE,2025-06-27 10:00:00,2026-07-27 10:00:00
W008112,U008112,64595.56,IDR,ACTIVE,2025-07-13 11:00:00,2025-11-09 11:00:00
W008113,U008113,366641.78,IDR,ACTIVE,2024-07-24 04:00:00,2024-08-25 04:00:00
W008114,U008114,13857.84,IDR,ACTIVE,2024-02-14 02:00:00,2025-01-25 02:00:00
W008115,U008115,189919.63,IDR,FROZEN,2026-08-10 22:00:00,2026-08-23 00:00:00
W008116,U008116,239927.01,IDR,ACTIVE,2024-02-24 20:00:00,2025-01-04 20:00:00
W008117,U008117,349714.96,IDR,ACTIVE,2025-01-11 20:00:00,2026-03-17 20:00:00
W008118,U008118,56096.19,IDR,ACTIVE,2025-11-15 19:00:00,2025-12-09 19:00:00
W008119,U008119,16241.97,IDR,ACTIVE,2025-10-06 23:00:00,2026-08-23 00:00:00
W008120,U008120,86839.5,IDR,ACTIVE,2025-12-12 13:00:00,2026-08-23 00:00:00
W008121,U008121,11837.64,IDR,ACTIVE,2024-04-09 13:00:00,2024-09-17 13:00:00
W008122,U008122,166316.99,IDR,ACTIVE,2024-11-21 20:00:00,2025-03-30 20:00:00
W008123,U008123,50094.26,IDR,ACTIVE,2024-10-16 13:00:00,2025-12-03 13:00:00
W008124,U008124,77017.29,IDR,FROZEN,2025-05-10 03:00:00,2026-01-18 03:00:00
W008125,U008125,348029.93,IDR,ACTIVE,2026-03-04 23:00:00,2026-08-23 00:00:00
W008126,U008126,63905.99,IDR,ACTIVE,2025-07-05 07:00:00,2026-05-15 07:00:00
W008127,U008127,16434.31,IDR,ACTIVE,2024-05-05 14:00:00,2024-05-23 14:00:00
W008128,U008128,50527.32,IDR,ACTIVE,2026-03-22 22:00:00,2026-08-23 00:00:00
W008129,U008129,30496.87,IDR,ACTIVE,2024-04-29 22:00:00,2025-07-16 22:00:00
W008130,U008130,71009.97,IDR,FROZEN,2026-04-19 05:00:00,2026-08-23 00:00:00
W008131,U008131,37476.9,IDR,ACTIVE,2024-03-06 02:00:00,2025-03-18 02:00:00
W008132,U008132,27073.09,IDR,ACTIVE,2026-07-29 08:00:00,2026-08-23 00:00:00
W008133,U008133,52228.38,IDR,ACTIVE,2026-02-19 10:00:00,2026-05-08 10:00:00
W008134,U008134,15865.86,IDR,ACTIVE,2025-03-23 21:00:00,2026-07-14 21:00:00
W008135,U008135,47890.17,IDR,ACTIVE,2024-03-12 19:00:00,2024-09-12 19:00:00
W008136,U008136,92464.36,IDR,ACTIVE,2024-09-19 15:00:00,2025-07-03 15:00:00
W008137,U008137,257642.86,IDR,ACTIVE,2024-11-22 06:00:00,2026-03-07 06:00:00
W008138,U008138,31186.38,IDR,ACTIVE,2024-11-20 03:00:00,2025-06-02 03:00:00
W008139,U008139,452646.22,IDR,ACTIVE,2026-03-25 07:00:00,2026-06-04 07:00:00
W008140,U008140,78318.25,IDR,ACTIVE,2026-01-16 05:00:00,2026-04-07 05:00:00
W008141,U008141,39624.63,IDR,ACTIVE,2025-10-27 22:00:00,2025-12-29 22:00:00
W008142,U008142,44450.25,IDR,ACTIVE,2026-01-01 06:00:00,2026-08-23 00:00:00
W008143,U008143,5179.71,IDR,FROZEN,2024-08-20 16:00:00,2024-09-14 16:00:00
W008144,U008144,54286.69,IDR,ACTIVE,2025-11-28 04:00:00,2026-01-09 04:00:00
W008145,U008145,35484.68,IDR,ACTIVE,2025-11-12 08:00:00,2026-08-23 00:00:00
W008146,U008146,27693.8,IDR,ACTIVE,2025-09-25 01:00:00,2025-10-11 01:00:00
W008147,U008147,69107.82,IDR,ACTIVE,2025-02-19 17:00:00,2025-06-29 17:00:00
W008148,U008148,9303.82,IDR,ACTIVE,2025-01-13 21:00:00,2025-06-23 21:00:00
W008149,U008149,23713.84,IDR,ACTIVE,2024-07-20 11:00:00,2025-03-05 11:00:00
W008150,U008150,115975.94,IDR,ACTIVE,2024-03-29 15:00:00,2024-08-02 15:00:00
W008151,U008151,7919.82,IDR,ACTIVE,2025-06-12 21:00:00,2026-05-08 21:00:00
W008152,U008152,82160.97,IDR,ACTIVE,2025-12-30 04:00:00,2026-08-23 00:00:00
W008153,U008153,60720.32,IDR,ACTIVE,2025-12-19 07:00:00,2026-08-23 00:00:00
W008154,U008154,29745.03,IDR,ACTIVE,2026-05-07 02:00:00,2026-08-11 02:00:00
W008155,U008155,1548.3,IDR,ACTIVE,2024-09-10 21:00:00,2025-09-06 21:00:00
W008156,U008156,36813.07,IDR,ACTIVE,2024-08-24 17:00:00,2025-10-03 17:00:00
W008157,U008157,51806.33,IDR,ACTIVE,2025-03-29 07:00:00,2025-10-27 07:00:00
W008158,U008158,85310.13,IDR,ACTIVE,2026-07-27 18:00:00,2026-08-23 00:00:00
W008159,U008159,77758.7,IDR,ACTIVE,2024-06-12 08:00:00,2025-04-27 08:00:00
W008160,U008160,175935.56,IDR,ACTIVE,2026-04-16 07:00:00,2026-08-23 00:00:00
W008161,U008161,73239.66,IDR,ACTIVE,2025-10-18 16:00:00,2026-08-23 00:00:00
W008162,U008162,216814.81,IDR,ACTIVE,2025-12-15 16:00:00,2026-05-03 16:00:00
W008163,U008163,8905.52,IDR,ACTIVE,2026-08-04 19:00:00,2026-08-23 00:00:00
W008164,U008164,172157.33,IDR,ACTIVE,2026-03-11 06:00:00,2026-05-20 06:00:00
W008165,U008165,39913.4,IDR,ACTIVE,2026-02-16 14:00:00,2026-08-23 00:00:00
W008166,U008166,65419.66,IDR,ACTIVE,2024-10-19 16:00:00,2025-03-07 16:00:00
W008167,U008167,103414.96,IDR,ACTIVE,2024-04-20 13:00:00,2024-07-01 13:00:00
W008168,U008168,19892.54,IDR,CLOSED,2026-07-25 03:00:00,2026-08-23 00:00:00
W008169,U008169,44192.56,IDR,ACTIVE,2025-12-25 06:00:00,2026-08-20 06:00:00
W008170,U008170,193417.04,IDR,ACTIVE,2025-10-19 20:00:00,2025-12-31 20:00:00
W008171,U008171,256443.67,IDR,ACTIVE,2026-08-14 09:00:00,2026-08-23 00:00:00
W008172,U008172,29536.39,IDR,ACTIVE,2024-02-21 16:00:00,2024-07-11 16:00:00
W008173,U008173,96219.86,IDR,ACTIVE,2026-05-13 18:00:00,2026-08-23 00:00:00
W008174,U008174,36091.13,IDR,ACTIVE,2024-04-03 23:00:00,2024-04-17 23:00:00
W008175,U008175,12520.02,IDR,ACTIVE,2024-12-18 01:00:00,2025-06-30 01:00:00
W008176,U008176,236183.41,IDR,ACTIVE,2025-01-10 00:00:00,2025-10-30 00:00:00
W008177,U008177,19869.49,IDR,ACTIVE,2025-08-07 14:00:00,2026-05-02 14:00:00
W008178,U008178,695031.62,IDR,ACTIVE,2025-10-21 01:00:00,2026-08-23 00:00:00
W008179,U008179,15234.67,IDR,ACTIVE,2024-04-28 04:00:00,2025-08-13 04:00:00
W008180,U008180,166957.34,IDR,ACTIVE,2024-07-01 09:00:00,2025-01-24 09:00:00
W008181,U008181,157632.67,IDR,ACTIVE,2025-03-13 10:00:00,2025-11-25 10:00:00
W008182,U008182,36397.48,IDR,ACTIVE,2025-12-15 18:00:00,2026-08-23 00:00:00
W008183,U008183,74834.2,IDR,ACTIVE,2026-02-03 15:00:00,2026-05-04 15:00:00
W008184,U008184,37352.51,IDR,ACTIVE,2025-05-11 08:00:00,2026-06-03 08:00:00
W008185,U008185,24100.16,IDR,ACTIVE,2026-08-03 12:00:00,2026-08-23 00:00:00
W008186,U008186,88873.68,IDR,ACTIVE,2026-06-22 02:00:00,2026-08-23 00:00:00
W008187,U008187,131580.64,IDR,ACTIVE,2025-06-15 16:00:00,2026-05-31 16:00:00
W008188,U008188,27529.37,IDR,ACTIVE,2026-06-05 04:00:00,2026-08-23 00:00:00
W008189,U008189,236643.87,IDR,ACTIVE,2025-05-18 18:00:00,2026-08-23 00:00:00
W008190,U008190,72604.64,IDR,ACTIVE,2026-05-24 14:00:00,2026-08-23 00:00:00
W008191,U008191,55354.34,IDR,ACTIVE,2025-04-13 07:00:00,2026-03-29 07:00:00
W008192,U008192,57018.03,IDR,ACTIVE,2024-04-27 01:00:00,2025-02-22 01:00:00
W008193,U008193,228661.93,IDR,ACTIVE,2025-06-21 02:00:00,2026-06-06 02:00:00
W008194,U008194,41226.39,IDR,ACTIVE,2024-07-22 04:00:00,2024-09-30 04:00:00
W008195,U008195,43158.36,IDR,ACTIVE,2025-12-04 05:00:00,2026-08-23 00:00:00
W008196,U008196,222608.47,IDR,ACTIVE,2025-09-04 10:00:00,2026-08-05 10:00:00
W008197,U008197,243967.63,IDR,ACTIVE,2024-04-14 04:00:00,2025-03-10 04:00:00
W008198,U008198,154078.01,IDR,ACTIVE,2025-04-12 16:00:00,2025-10-10 16:00:00
W008199,U008199,16738.89,IDR,ACTIVE,2025-04-04 06:00:00,2025-10-17 06:00:00
W008200,U008200,438076.04,IDR,ACTIVE,2024-11-15 08:00:00,2024-12-01 08:00:00
W008201,U008201,66104.13,IDR,ACTIVE,2025-02-12 09:00:00,2026-04-18 09:00:00
W008202,U008202,53774.8,IDR,ACTIVE,2026-03-07 22:00:00,2026-08-23 00:00:00
W008203,U008203,154860.39,IDR,ACTIVE,2024-03-31 10:00:00,2024-06-23 10:00:00
W008204,U008204,82623.32,IDR,ACTIVE,2024-09-24 15:00:00,2024-09-28 15:00:00
W008205,U008205,37629.04,IDR,ACTIVE,2024-01-15 17:00:00,2025-03-30 17:00:00
W008206,U008206,287906.73,IDR,ACTIVE,2025-03-26 15:00:00,2025-11-24 15:00:00
W008207,U008207,53432.78,IDR,ACTIVE,2024-05-21 02:00:00,2025-03-31 02:00:00
W008208,U008208,64314.04,IDR,ACTIVE,2024-03-01 01:00:00,2024-06-14 01:00:00
W008209,U008209,285034.87,IDR,ACTIVE,2026-06-07 05:00:00,2026-08-23 00:00:00
W008210,U008210,143937.52,IDR,ACTIVE,2025-03-16 13:00:00,2025-03-29 13:00:00
W008211,U008211,107934.89,IDR,ACTIVE,2024-07-31 07:00:00,2024-12-24 07:00:00
W008212,U008212,36064.03,IDR,ACTIVE,2025-05-20 16:00:00,2026-06-06 16:00:00
W008213,U008213,87184.53,IDR,ACTIVE,2024-05-15 07:00:00,2024-08-05 07:00:00
W008214,U008214,92971.72,IDR,ACTIVE,2024-11-13 14:00:00,2026-03-17 14:00:00
W008215,U008215,90660.31,IDR,ACTIVE,2025-02-11 17:00:00,2025-07-19 17:00:00
W008216,U008216,55066.13,IDR,ACTIVE,2024-04-17 08:00:00,2025-03-08 08:00:00
W008217,U008217,27560.41,IDR,CLOSED,2025-11-02 02:00:00,2026-08-23 00:00:00
W008218,U008218,168541.65,IDR,ACTIVE,2025-10-26 06:00:00,2026-01-05 06:00:00
W008219,U008219,34664.76,IDR,FROZEN,2024-10-15 07:00:00,2025-07-20 07:00:00
W008220,U008220,61052.78,IDR,ACTIVE,2024-07-20 11:00:00,2025-09-08 11:00:00
W008221,U008221,5990.85,IDR,ACTIVE,2024-09-14 07:00:00,2025-04-30 07:00:00
W008222,U008222,139526.79,IDR,ACTIVE,2026-02-21 13:00:00,2026-08-23 00:00:00
W008223,U008223,23380.74,IDR,ACTIVE,2025-03-27 07:00:00,2025-04-24 07:00:00
W008224,U008224,93048.85,IDR,ACTIVE,2026-03-29 11:00:00,2026-08-23 00:00:00
W008225,U008225,17512.71,IDR,ACTIVE,2026-04-01 17:00:00,2026-06-29 17:00:00
W008226,U008226,48600.19,IDR,ACTIVE,2025-08-13 19:00:00,2026-03-17 19:00:00
W008227,U008227,44176.97,IDR,ACTIVE,2025-07-15 08:00:00,2026-08-09 08:00:00
W008228,U008228,23639.53,IDR,ACTIVE,2026-06-09 19:00:00,2026-08-23 00:00:00
W008229,U008229,74238.33,IDR,ACTIVE,2024-08-29 13:00:00,2025-06-04 13:00:00
W008230,U008230,14414.93,IDR,ACTIVE,2024-10-25 04:00:00,2025-03-12 04:00:00
W008231,U008231,123039.6,IDR,ACTIVE,2024-11-17 02:00:00,2026-02-26 02:00:00
W008232,U008232,130678.78,IDR,ACTIVE,2024-12-28 21:00:00,2025-12-03 21:00:00
W008233,U008233,25927.1,IDR,ACTIVE,2026-01-29 04:00:00,2026-07-30 04:00:00
W008234,U008234,224978.94,IDR,ACTIVE,2024-05-13 16:00:00,2025-01-24 16:00:00
W008235,U008235,49631.99,IDR,ACTIVE,2026-05-26 16:00:00,2026-08-23 00:00:00
W008236,U008236,21657.47,IDR,ACTIVE,2026-02-27 19:00:00,2026-05-24 19:00:00
W008237,U008237,10937.23,IDR,ACTIVE,2025-05-15 06:00:00,2025-05-25 06:00:00
W008238,U008238,3354.26,IDR,ACTIVE,2024-11-16 17:00:00,2025-01-16 17:00:00
W008239,U008239,210604.76,IDR,ACTIVE,2025-01-22 03:00:00,2025-03-28 03:00:00
W008240,U008240,29184.75,IDR,ACTIVE,2025-07-26 14:00:00,2025-08-05 14:00:00
W008241,U008241,41173.29,IDR,ACTIVE,2024-05-01 13:00:00,2024-12-17 13:00:00
W008242,U008242,37612.32,IDR,ACTIVE,2025-06-19 14:00:00,2026-03-01 14:00:00
W008243,U008243,159715.52,IDR,ACTIVE,2025-06-24 22:00:00,2026-06-04 22:00:00
W008244,U008244,99100.31,IDR,ACTIVE,2024-08-26 23:00:00,2025-07-25 23:00:00
W008245,U008245,66217.71,IDR,ACTIVE,2024-11-22 05:00:00,2026-01-26 05:00:00
W008246,U008246,5979.88,IDR,ACTIVE,2024-11-01 08:00:00,2026-02-03 08:00:00
W008247,U008247,15595.97,IDR,ACTIVE,2024-05-01 10:00:00,2024-10-01 10:00:00
W008248,U008248,301469.93,IDR,ACTIVE,2025-05-07 15:00:00,2025-10-20 15:00:00
W008249,U008249,9935.16,IDR,CLOSED,2024-04-05 19:00:00,2025-08-11 19:00:00
W008250,U008250,101753.26,IDR,ACTIVE,2024-02-06 02:00:00,2024-03-29 02:00:00
W008251,U008251,104315.14,IDR,ACTIVE,2026-08-01 03:00:00,2026-08-23 00:00:00
W008252,U008252,17332.34,IDR,ACTIVE,2025-09-10 13:00:00,2026-08-23 00:00:00
W008253,U008253,3475.96,IDR,ACTIVE,2025-01-21 15:00:00,2025-05-08 15:00:00
W008254,U008254,20581.0,IDR,ACTIVE,2026-02-05 21:00:00,2026-02-26 21:00:00
W008255,U008255,64049.28,IDR,ACTIVE,2024-01-14 09:00:00,2024-04-03 09:00:00
W008256,U008256,65745.43,IDR,ACTIVE,2026-02-09 09:00:00,2026-07-21 09:00:00
W008257,U008257,23625.3,IDR,ACTIVE,2026-05-21 23:00:00,2026-08-23 00:00:00
W008258,U008258,17588.95,IDR,ACTIVE,2024-10-11 07:00:00,2025-07-30 07:00:00
W008259,U008259,33771.13,IDR,ACTIVE,2024-02-18 13:00:00,2024-11-14 13:00:00
W008260,U008260,43325.53,IDR,ACTIVE,2026-02-02 11:00:00,2026-08-23 00:00:00
W008261,U008261,15772.66,IDR,ACTIVE,2026-03-28 22:00:00,2026-05-17 22:00:00
W008262,U008262,105182.64,IDR,ACTIVE,2024-09-22 18:00:00,2024-09-29 18:00:00
W008263,U008263,111953.47,IDR,ACTIVE,2026-07-20 11:00:00,2026-08-23 00:00:00
W008264,U008264,94527.07,IDR,ACTIVE,2026-02-06 11:00:00,2026-08-23 00:00:00
W008265,U008265,16564.73,IDR,ACTIVE,2025-05-21 15:00:00,2025-07-29 15:00:00
W008266,U008266,33308.99,IDR,ACTIVE,2025-07-08 06:00:00,2026-06-21 06:00:00
W008267,U008267,127761.82,IDR,ACTIVE,2024-06-26 22:00:00,2025-08-11 22:00:00
W008268,U008268,70951.83,IDR,ACTIVE,2024-11-30 11:00:00,2024-12-17 11:00:00
W008269,U008269,229225.13,IDR,ACTIVE,2024-09-13 15:00:00,2025-08-03 15:00:00
W008270,U008270,193106.38,IDR,ACTIVE,2026-04-22 19:00:00,2026-07-10 19:00:00
W008271,U008271,57351.83,IDR,ACTIVE,2025-09-08 09:00:00,2025-12-11 09:00:00
W008272,U008272,32644.05,IDR,ACTIVE,2026-04-06 23:00:00,2026-04-09 23:00:00
W008273,U008273,121553.79,IDR,ACTIVE,2024-12-31 07:00:00,2025-10-08 07:00:00
W008274,U008274,135109.56,IDR,ACTIVE,2025-07-20 05:00:00,2026-08-23 00:00:00
W008275,U008275,154085.06,IDR,CLOSED,2025-10-18 17:00:00,2025-11-02 17:00:00
W008276,U008276,69887.35,IDR,FROZEN,2025-09-03 07:00:00,2026-04-13 07:00:00
W008277,U008277,29075.94,IDR,ACTIVE,2024-07-22 23:00:00,2025-10-21 23:00:00
W008278,U008278,93065.06,IDR,ACTIVE,2024-06-15 20:00:00,2024-11-19 20:00:00
W008279,U008279,97439.28,IDR,ACTIVE,2024-09-20 15:00:00,2024-10-11 15:00:00
W008280,U008280,117470.72,IDR,ACTIVE,2025-09-13 20:00:00,2026-07-29 20:00:00
W008281,U008281,35956.7,IDR,ACTIVE,2025-07-11 18:00:00,2026-07-09 18:00:00
W008282,U008282,8967.65,IDR,ACTIVE,2026-03-09 00:00:00,2026-08-23 00:00:00
W008283,U008283,92116.93,IDR,ACTIVE,2025-01-30 21:00:00,2025-12-18 21:00:00
W008284,U008284,13688.64,IDR,ACTIVE,2025-11-13 18:00:00,2026-08-23 00:00:00
W008285,U008285,129905.6,IDR,ACTIVE,2026-04-18 21:00:00,2026-08-23 00:00:00
W008286,U008286,67369.67,IDR,ACTIVE,2025-04-22 07:00:00,2026-05-08 07:00:00
W008287,U008287,31632.39,IDR,ACTIVE,2026-03-15 22:00:00,2026-07-15 22:00:00
W008288,U008288,218643.14,IDR,ACTIVE,2024-02-05 13:00:00,2024-04-18 13:00:00
W008289,U008289,40783.78,IDR,ACTIVE,2025-06-11 18:00:00,2025-11-28 18:00:00
W008290,U008290,68073.21,IDR,ACTIVE,2025-02-05 05:00:00,2025-03-14 05:00:00
W008291,U008291,34969.22,IDR,ACTIVE,2026-02-25 03:00:00,2026-08-23 00:00:00
W008292,U008292,61293.69,IDR,ACTIVE,2026-02-17 15:00:00,2026-02-19 15:00:00
W008293,U008293,99245.78,IDR,ACTIVE,2024-02-14 01:00:00,2025-06-19 01:00:00
W008294,U008294,37644.32,IDR,ACTIVE,2025-05-03 01:00:00,2026-02-02 01:00:00
W008295,U008295,49194.19,IDR,ACTIVE,2025-10-20 05:00:00,2025-12-24 05:00:00
W008296,U008296,127349.91,IDR,ACTIVE,2024-01-11 11:00:00,2024-05-10 11:00:00
W008297,U008297,9457.9,IDR,ACTIVE,2026-07-22 23:00:00,2026-08-23 00:00:00
W008298,U008298,136077.8,IDR,ACTIVE,2024-08-24 17:00:00,2025-06-20 17:00:00
W008299,U008299,167069.01,IDR,ACTIVE,2026-01-02 18:00:00,2026-08-23 00:00:00
W008300,U008300,21602.69,IDR,ACTIVE,2024-06-03 12:00:00,2025-06-30 12:00:00
W008301,U008301,11387.42,IDR,ACTIVE,2025-08-29 16:00:00,2026-06-17 16:00:00
W008302,U008302,17046.73,IDR,ACTIVE,2024-02-05 00:00:00,2024-07-03 00:00:00
W008303,U008303,24495.75,IDR,ACTIVE,2024-02-16 12:00:00,2024-03-23 12:00:00
W008304,U008304,18794.98,IDR,ACTIVE,2024-02-22 03:00:00,2025-04-24 03:00:00
W008305,U008305,107491.68,IDR,ACTIVE,2024-10-20 02:00:00,2025-03-15 02:00:00
W008306,U008306,52196.71,IDR,CLOSED,2026-03-31 17:00:00,2026-07-01 17:00:00
W008307,U008307,79973.85,IDR,ACTIVE,2025-02-27 14:00:00,2026-04-25 14:00:00
W008308,U008308,152192.53,IDR,ACTIVE,2025-10-15 18:00:00,2026-08-23 00:00:00
W008309,U008309,120095.47,IDR,ACTIVE,2025-06-07 03:00:00,2026-07-05 03:00:00
W008310,U008310,280631.4,IDR,ACTIVE,2026-07-11 15:00:00,2026-08-23 00:00:00
W008311,U008311,186957.94,IDR,ACTIVE,2025-03-20 01:00:00,2026-04-28 01:00:00
W008312,U008312,4145.72,IDR,ACTIVE,2025-05-27 13:00:00,2025-11-08 13:00:00
W008313,U008313,47047.01,IDR,ACTIVE,2026-01-09 23:00:00,2026-08-03 23:00:00
W008314,U008314,93069.75,IDR,ACTIVE,2025-06-18 16:00:00,2026-05-06 16:00:00
W008315,U008315,292931.18,IDR,ACTIVE,2024-04-15 16:00:00,2024-10-18 16:00:00
W008316,U008316,40773.19,IDR,ACTIVE,2025-04-21 22:00:00,2025-11-26 22:00:00
W008317,U008317,101393.5,IDR,ACTIVE,2024-10-13 05:00:00,2025-06-08 05:00:00
W008318,U008318,409314.45,IDR,ACTIVE,2025-09-27 03:00:00,2026-05-02 03:00:00
W008319,U008319,114163.24,IDR,ACTIVE,2024-12-20 07:00:00,2026-02-17 07:00:00
W008320,U008320,22382.89,IDR,ACTIVE,2025-03-09 01:00:00,2025-05-26 01:00:00
W008321,U008321,11876.73,IDR,ACTIVE,2024-03-25 09:00:00,2025-06-28 09:00:00
W008322,U008322,26560.74,IDR,ACTIVE,2025-12-24 00:00:00,2026-07-13 00:00:00
W008323,U008323,50231.81,IDR,ACTIVE,2025-03-16 04:00:00,2026-03-30 04:00:00
W008324,U008324,366916.73,IDR,ACTIVE,2024-04-27 01:00:00,2025-08-17 01:00:00
W008325,U008325,161264.77,IDR,ACTIVE,2026-05-31 22:00:00,2026-08-23 00:00:00
W008326,U008326,40105.32,IDR,ACTIVE,2024-09-27 04:00:00,2025-12-03 04:00:00
W008327,U008327,23470.55,IDR,ACTIVE,2025-06-29 02:00:00,2026-06-02 02:00:00
W008328,U008328,23247.95,IDR,ACTIVE,2024-11-10 19:00:00,2025-12-31 19:00:00
W008329,U008329,518149.46,IDR,ACTIVE,2024-09-20 20:00:00,2025-10-05 20:00:00
W008330,U008330,20792.99,IDR,ACTIVE,2025-09-22 13:00:00,2026-08-23 00:00:00
W008331,U008331,134158.07,IDR,ACTIVE,2026-05-12 12:00:00,2026-08-23 00:00:00
W008332,U008332,126250.03,IDR,ACTIVE,2025-10-06 12:00:00,2026-06-02 12:00:00
W008333,U008333,46063.3,IDR,ACTIVE,2025-03-02 20:00:00,2026-06-22 20:00:00
W008334,U008334,19283.82,IDR,ACTIVE,2024-05-30 23:00:00,2025-05-29 23:00:00
W008335,U008335,94809.61,IDR,ACTIVE,2026-03-16 13:00:00,2026-08-23 00:00:00
W008336,U008336,333214.04,IDR,ACTIVE,2026-03-26 08:00:00,2026-06-18 08:00:00
W008337,U008337,17227.01,IDR,ACTIVE,2026-03-23 16:00:00,2026-08-23 00:00:00
W008338,U008338,64329.77,IDR,ACTIVE,2026-01-27 00:00:00,2026-01-29 00:00:00
W008339,U008339,119313.15,IDR,ACTIVE,2024-07-04 22:00:00,2024-08-29 22:00:00
W008340,U008340,307484.91,IDR,ACTIVE,2025-02-04 14:00:00,2025-06-18 14:00:00
W008341,U008341,9692.66,IDR,ACTIVE,2024-06-09 14:00:00,2025-02-25 14:00:00
W008342,U008342,104735.82,IDR,ACTIVE,2025-12-12 15:00:00,2026-08-23 00:00:00
W008343,U008343,299684.26,IDR,ACTIVE,2026-01-30 00:00:00,2026-08-23 00:00:00
W008344,U008344,135089.12,IDR,ACTIVE,2026-02-12 07:00:00,2026-08-23 00:00:00
W008345,U008345,32546.51,IDR,ACTIVE,2026-05-19 06:00:00,2026-08-23 00:00:00
W008346,U008346,67200.5,IDR,ACTIVE,2024-03-28 04:00:00,2024-09-10 04:00:00
W008347,U008347,157907.99,IDR,ACTIVE,2024-09-27 21:00:00,2025-09-12 21:00:00
W008348,U008348,170771.84,IDR,ACTIVE,2026-05-14 22:00:00,2026-08-23 00:00:00
W008349,U008349,132511.76,IDR,ACTIVE,2024-09-10 15:00:00,2025-04-16 15:00:00
W008350,U008350,8408.58,IDR,FROZEN,2026-01-20 20:00:00,2026-08-23 00:00:00
W008351,U008351,74093.3,IDR,ACTIVE,2025-09-27 06:00:00,2026-08-23 00:00:00
W008352,U008352,54851.04,IDR,ACTIVE,2024-01-31 08:00:00,2024-07-17 08:00:00
W008353,U008353,185261.46,IDR,ACTIVE,2026-05-03 03:00:00,2026-08-23 00:00:00
W008354,U008354,96148.56,IDR,ACTIVE,2025-07-15 03:00:00,2026-03-13 03:00:00
W008355,U008355,69611.56,IDR,ACTIVE,2025-04-23 12:00:00,2025-10-28 12:00:00
W008356,U008356,29806.55,IDR,ACTIVE,2024-01-03 17:00:00,2024-08-05 17:00:00
W008357,U008357,28127.88,IDR,ACTIVE,2026-01-04 02:00:00,2026-01-25 02:00:00
W008358,U008358,56575.9,IDR,ACTIVE,2024-03-15 20:00:00,2024-04-09 20:00:00
W008359,U008359,112317.24,IDR,CLOSED,2026-03-19 00:00:00,2026-08-23 00:00:00
W008360,U008360,103940.46,IDR,ACTIVE,2026-03-07 19:00:00,2026-04-20 19:00:00
W008361,U008361,97441.65,IDR,ACTIVE,2024-12-15 16:00:00,2026-03-19 16:00:00
W008362,U008362,65678.79,IDR,ACTIVE,2024-02-25 05:00:00,2025-01-19 05:00:00
W008363,U008363,167011.76,IDR,ACTIVE,2026-02-24 08:00:00,2026-08-23 00:00:00
W008364,U008364,206446.48,IDR,ACTIVE,2026-04-22 07:00:00,2026-08-23 00:00:00
W008365,U008365,20783.99,IDR,ACTIVE,2025-09-28 20:00:00,2026-08-23 00:00:00
W008366,U008366,34754.36,IDR,ACTIVE,2025-03-20 09:00:00,2025-12-05 09:00:00
W008367,U008367,502043.39,IDR,ACTIVE,2025-11-19 18:00:00,2026-01-01 18:00:00
W008368,U008368,53093.07,IDR,ACTIVE,2025-09-06 01:00:00,2025-11-10 01:00:00
W008369,U008369,54602.01,IDR,ACTIVE,2026-03-03 18:00:00,2026-08-23 00:00:00
W008370,U008370,27621.48,IDR,ACTIVE,2025-02-27 12:00:00,2026-07-05 12:00:00
W008371,U008371,171939.98,IDR,ACTIVE,2025-06-27 02:00:00,2026-08-23 00:00:00
W008372,U008372,690368.85,IDR,ACTIVE,2025-06-03 22:00:00,2025-11-27 22:00:00
W008373,U008373,27688.45,IDR,ACTIVE,2024-04-06 11:00:00,2025-03-18 11:00:00
W008374,U008374,184559.55,IDR,ACTIVE,2025-09-11 01:00:00,2026-08-09 01:00:00
W008375,U008375,24289.56,IDR,ACTIVE,2024-12-02 16:00:00,2025-08-05 16:00:00
W008376,U008376,155206.96,IDR,ACTIVE,2025-06-21 15:00:00,2026-07-21 15:00:00
W008377,U008377,24766.11,IDR,ACTIVE,2024-12-12 14:00:00,2025-05-29 14:00:00
W008378,U008378,9157.01,IDR,ACTIVE,2024-02-21 22:00:00,2024-06-08 22:00:00
W008379,U008379,494379.13,IDR,ACTIVE,2024-12-18 16:00:00,2026-04-07 16:00:00
W008380,U008380,38969.56,IDR,ACTIVE,2026-03-10 23:00:00,2026-08-23 00:00:00
W008381,U008381,14868.02,IDR,ACTIVE,2025-02-28 04:00:00,2026-06-23 04:00:00
W008382,U008382,74163.98,IDR,ACTIVE,2025-07-25 15:00:00,2025-08-21 15:00:00
W008383,U008383,114056.72,IDR,ACTIVE,2026-05-18 23:00:00,2026-08-23 00:00:00
W008384,U008384,193439.71,IDR,FROZEN,2026-07-12 08:00:00,2026-08-23 00:00:00
W008385,U008385,50366.09,IDR,ACTIVE,2025-07-11 17:00:00,2026-08-23 00:00:00
W008386,U008386,47509.15,IDR,ACTIVE,2025-09-28 10:00:00,2025-10-06 10:00:00
W008387,U008387,39474.33,IDR,ACTIVE,2026-02-04 21:00:00,2026-05-16 21:00:00
W008388,U008388,67070.15,IDR,ACTIVE,2025-02-06 17:00:00,2025-03-22 17:00:00
W008389,U008389,127998.12,IDR,ACTIVE,2025-07-05 16:00:00,2026-01-08 16:00:00
W008390,U008390,86735.1,IDR,ACTIVE,2026-03-20 21:00:00,2026-08-19 21:00:00
W008391,U008391,38057.07,IDR,ACTIVE,2024-12-06 17:00:00,2026-04-01 17:00:00
W008392,U008392,63771.71,IDR,ACTIVE,2026-06-20 05:00:00,2026-08-23 00:00:00
W008393,U008393,18538.19,IDR,ACTIVE,2024-12-28 05:00:00,2026-04-28 05:00:00
W008394,U008394,51785.5,IDR,ACTIVE,2024-03-24 23:00:00,2024-08-14 23:00:00
W008395,U008395,45223.06,IDR,ACTIVE,2025-04-30 14:00:00,2025-05-23 14:00:00
W008396,U008396,5096.53,IDR,ACTIVE,2024-11-13 15:00:00,2026-01-28 15:00:00
W008397,U008397,195222.74,IDR,ACTIVE,2025-02-19 07:00:00,2025-06-16 07:00:00
W008398,U008398,74275.17,IDR,ACTIVE,2024-11-02 21:00:00,2024-11-21 21:00:00
W008399,U008399,52485.01,IDR,ACTIVE,2026-03-10 01:00:00,2026-08-23 00:00:00
W008400,U008400,59824.87,IDR,ACTIVE,2024-05-09 06:00:00,2024-11-30 06:00:00
W008401,U008401,51756.36,IDR,ACTIVE,2026-04-30 11:00:00,2026-08-23 00:00:00
W008402,U008402,21900.6,IDR,FROZEN,2024-12-08 18:00:00,2025-08-14 18:00:00
W008403,U008403,125457.52,IDR,ACTIVE,2026-03-24 05:00:00,2026-08-23 00:00:00
W008404,U008404,6769.75,IDR,ACTIVE,2025-10-17 07:00:00,2025-11-26 07:00:00
W008405,U008405,38649.08,IDR,ACTIVE,2025-07-30 01:00:00,2026-04-29 01:00:00
W008406,U008406,29204.5,IDR,ACTIVE,2024-08-11 12:00:00,2024-11-03 12:00:00
W008407,U008407,39491.68,IDR,ACTIVE,2026-04-19 20:00:00,2026-08-23 00:00:00
W008408,U008408,8023.02,IDR,ACTIVE,2024-09-02 10:00:00,2025-04-04 10:00:00
W008409,U008409,122452.49,IDR,ACTIVE,2025-05-19 19:00:00,2026-03-25 19:00:00
W008410,U008410,52950.56,IDR,ACTIVE,2026-07-27 19:00:00,2026-08-23 00:00:00
W008411,U008411,60723.12,IDR,ACTIVE,2024-11-13 13:00:00,2025-11-03 13:00:00
W008412,U008412,115086.28,IDR,ACTIVE,2026-05-13 09:00:00,2026-07-11 09:00:00
W008413,U008413,106459.1,IDR,ACTIVE,2025-12-12 13:00:00,2026-08-23 00:00:00
W008414,U008414,98574.68,IDR,ACTIVE,2024-12-05 00:00:00,2025-10-13 00:00:00
W008415,U008415,61720.95,IDR,ACTIVE,2025-08-02 12:00:00,2026-02-24 12:00:00
W008416,U008416,181929.78,IDR,ACTIVE,2024-05-26 02:00:00,2025-07-19 02:00:00
W008417,U008417,28341.04,IDR,ACTIVE,2025-07-19 17:00:00,2025-10-22 17:00:00
W008418,U008418,52533.92,IDR,ACTIVE,2024-07-19 18:00:00,2024-09-23 18:00:00
W008419,U008419,40459.08,IDR,ACTIVE,2025-11-08 22:00:00,2025-11-16 22:00:00
W008420,U008420,42490.47,IDR,ACTIVE,2024-12-13 10:00:00,2025-08-27 10:00:00
W008421,U008421,25204.79,IDR,ACTIVE,2025-10-11 09:00:00,2026-01-31 09:00:00
W008422,U008422,143326.27,IDR,ACTIVE,2026-06-02 17:00:00,2026-08-23 00:00:00
W008423,U008423,109700.91,IDR,ACTIVE,2024-08-09 00:00:00,2025-06-04 00:00:00
W008424,U008424,51102.25,IDR,ACTIVE,2024-12-26 10:00:00,2025-04-19 10:00:00
W008425,U008425,92600.62,IDR,ACTIVE,2025-04-27 22:00:00,2025-11-06 22:00:00
W008426,U008426,153125.0,IDR,ACTIVE,2024-08-25 03:00:00,2025-12-28 03:00:00
W008427,U008427,291196.67,IDR,ACTIVE,2026-05-30 18:00:00,2026-08-23 00:00:00
W008428,U008428,17002.73,IDR,ACTIVE,2025-11-17 16:00:00,2026-08-23 00:00:00
W008429,U008429,54439.77,IDR,ACTIVE,2025-10-08 13:00:00,2026-07-31 13:00:00
W008430,U008430,206546.99,IDR,FROZEN,2025-06-07 16:00:00,2026-05-24 16:00:00
W008431,U008431,539736.88,IDR,ACTIVE,2026-05-15 03:00:00,2026-08-23 00:00:00
W008432,U008432,84402.76,IDR,ACTIVE,2025-03-21 10:00:00,2026-02-15 10:00:00
W008433,U008433,138977.71,IDR,ACTIVE,2025-07-26 17:00:00,2026-03-04 17:00:00
W008434,U008434,4823.09,IDR,ACTIVE,2024-03-31 08:00:00,2025-07-05 08:00:00
W008435,U008435,89027.95,IDR,ACTIVE,2024-02-19 21:00:00,2024-07-08 21:00:00
W008436,U008436,49332.67,IDR,ACTIVE,2024-01-27 12:00:00,2025-05-20 12:00:00
W008437,U008437,124807.67,IDR,ACTIVE,2024-11-13 21:00:00,2025-10-29 21:00:00
W008438,U008438,313339.4,IDR,ACTIVE,2025-06-29 05:00:00,2025-07-13 05:00:00
W008439,U008439,61083.88,IDR,ACTIVE,2024-11-15 18:00:00,2026-02-14 18:00:00
W008440,U008440,58182.76,IDR,ACTIVE,2024-11-15 21:00:00,2025-02-01 21:00:00
W008441,U008441,34962.97,IDR,ACTIVE,2026-05-27 10:00:00,2026-08-23 00:00:00
W008442,U008442,6990.43,IDR,ACTIVE,2025-08-31 01:00:00,2025-09-05 01:00:00
W008443,U008443,37668.03,IDR,ACTIVE,2024-01-17 11:00:00,2024-10-16 11:00:00
W008444,U008444,15958.21,IDR,ACTIVE,2024-02-05 21:00:00,2025-01-29 21:00:00
W008445,U008445,17492.44,IDR,ACTIVE,2024-08-29 17:00:00,2025-09-30 17:00:00
W008446,U008446,90605.2,IDR,ACTIVE,2025-11-26 11:00:00,2026-06-21 11:00:00
W008447,U008447,19782.93,IDR,ACTIVE,2026-03-11 07:00:00,2026-07-19 07:00:00
W008448,U008448,66436.74,IDR,ACTIVE,2026-01-24 09:00:00,2026-08-23 00:00:00
W008449,U008449,461826.64,IDR,ACTIVE,2026-08-15 23:00:00,2026-08-23 00:00:00
W008450,U008450,42294.5,IDR,ACTIVE,2024-11-03 16:00:00,2025-07-26 16:00:00
W008451,U008451,17574.57,IDR,ACTIVE,2025-03-31 07:00:00,2025-08-26 07:00:00
W008452,U008452,334363.68,IDR,ACTIVE,2025-06-29 17:00:00,2025-10-29 17:00:00
W008453,U008453,24408.99,IDR,ACTIVE,2025-02-26 19:00:00,2026-04-28 19:00:00
W008454,U008454,39113.78,IDR,ACTIVE,2025-04-11 14:00:00,2026-04-17 14:00:00
W008455,U008455,169334.67,IDR,ACTIVE,2024-07-22 14:00:00,2025-09-27 14:00:00
W008456,U008456,21236.73,IDR,ACTIVE,2025-08-28 16:00:00,2026-08-23 00:00:00
W008457,U008457,36033.72,IDR,ACTIVE,2026-05-09 09:00:00,2026-06-02 09:00:00
W008458,U008458,20196.97,IDR,ACTIVE,2025-04-16 18:00:00,2026-06-17 18:00:00
W008459,U008459,166654.96,IDR,ACTIVE,2024-05-22 20:00:00,2025-07-10 20:00:00
W008460,U008460,19460.02,IDR,ACTIVE,2025-02-14 04:00:00,2026-06-10 04:00:00
W008461,U008461,103539.27,IDR,ACTIVE,2025-09-20 02:00:00,2026-08-23 00:00:00
W008462,U008462,55236.74,IDR,CLOSED,2024-11-30 02:00:00,2025-06-15 02:00:00
W008463,U008463,34179.29,IDR,ACTIVE,2024-09-04 15:00:00,2024-10-18 15:00:00
W008464,U008464,54023.18,IDR,ACTIVE,2024-08-21 14:00:00,2025-07-27 14:00:00
W008465,U008465,39649.89,IDR,ACTIVE,2026-06-05 03:00:00,2026-06-08 03:00:00
W008466,U008466,28233.27,IDR,ACTIVE,2026-08-02 09:00:00,2026-08-23 00:00:00
W008467,U008467,10218.13,IDR,ACTIVE,2025-04-08 01:00:00,2026-08-14 01:00:00
W008468,U008468,20844.86,IDR,ACTIVE,2026-04-01 07:00:00,2026-08-23 00:00:00
W008469,U008469,74040.1,IDR,ACTIVE,2024-10-16 15:00:00,2025-03-24 15:00:00
W008470,U008470,45133.84,IDR,ACTIVE,2025-08-28 14:00:00,2026-08-23 00:00:00
W008471,U008471,101410.16,IDR,ACTIVE,2026-03-21 03:00:00,2026-08-23 00:00:00
W008472,U008472,66224.7,IDR,ACTIVE,2025-05-29 19:00:00,2025-07-01 19:00:00
W008473,U008473,5121.78,IDR,ACTIVE,2025-03-29 08:00:00,2026-02-19 08:00:00
W008474,U008474,90568.27,IDR,ACTIVE,2025-04-12 00:00:00,2025-04-21 00:00:00
W008475,U008475,18130.89,IDR,ACTIVE,2025-09-17 00:00:00,2026-08-23 00:00:00
W008476,U008476,60043.42,IDR,ACTIVE,2025-12-14 02:00:00,2026-04-09 02:00:00
W008477,U008477,12818.47,IDR,ACTIVE,2024-10-16 01:00:00,2025-12-16 01:00:00
W008478,U008478,158811.45,IDR,ACTIVE,2024-03-11 20:00:00,2024-06-05 20:00:00
W008479,U008479,128009.08,IDR,ACTIVE,2025-07-01 03:00:00,2025-11-19 03:00:00
W008480,U008480,47290.99,IDR,ACTIVE,2024-03-11 18:00:00,2024-03-20 18:00:00
W008481,U008481,122704.04,IDR,ACTIVE,2025-05-03 00:00:00,2025-06-12 00:00:00
W008482,U008482,22197.4,IDR,ACTIVE,2025-08-02 23:00:00,2026-08-23 00:00:00
W008483,U008483,31793.05,IDR,ACTIVE,2024-01-02 20:00:00,2024-10-20 20:00:00
W008484,U008484,153829.49,IDR,ACTIVE,2024-02-10 03:00:00,2024-08-09 03:00:00
W008485,U008485,3687.53,IDR,ACTIVE,2026-03-18 20:00:00,2026-08-23 00:00:00
W008486,U008486,49067.43,IDR,ACTIVE,2024-04-18 02:00:00,2025-02-09 02:00:00
W008487,U008487,83812.59,IDR,ACTIVE,2024-05-23 14:00:00,2025-06-20 14:00:00
W008488,U008488,37163.79,IDR,ACTIVE,2024-03-27 04:00:00,2024-08-10 04:00:00
W008489,U008489,206250.91,IDR,ACTIVE,2025-04-04 07:00:00,2026-02-28 07:00:00
W008490,U008490,282117.47,IDR,ACTIVE,2025-08-04 22:00:00,2026-03-07 22:00:00
W008491,U008491,90282.17,IDR,ACTIVE,2026-06-14 10:00:00,2026-08-23 00:00:00
W008492,U008492,18265.69,IDR,ACTIVE,2024-12-11 16:00:00,2025-12-20 16:00:00
W008493,U008493,125192.37,IDR,ACTIVE,2025-11-13 09:00:00,2026-06-19 09:00:00
W008494,U008494,433738.17,IDR,ACTIVE,2026-02-06 18:00:00,2026-08-23 00:00:00
W008495,U008495,63022.27,IDR,ACTIVE,2026-04-13 11:00:00,2026-08-23 00:00:00
W008496,U008496,51503.84,IDR,ACTIVE,2026-08-08 20:00:00,2026-08-23 00:00:00
W008497,U008497,23581.87,IDR,ACTIVE,2024-11-14 06:00:00,2025-02-27 06:00:00
W008498,U008498,79397.15,IDR,ACTIVE,2025-07-23 10:00:00,2026-06-05 10:00:00
W008499,U008499,53163.18,IDR,ACTIVE,2026-07-22 09:00:00,2026-08-23 00:00:00
W008500,U008500,6250.69,IDR,ACTIVE,2026-07-07 20:00:00,2026-08-23 00:00:00
W008501,U008501,116960.05,IDR,ACTIVE,2024-04-27 03:00:00,2024-09-23 03:00:00
W008502,U008502,16435.37,IDR,ACTIVE,2026-06-16 14:00:00,2026-08-23 00:00:00
W008503,U008503,539360.53,IDR,ACTIVE,2024-03-08 03:00:00,2025-01-10 03:00:00
W008504,U008504,67268.81,IDR,ACTIVE,2024-11-27 22:00:00,2025-11-06 22:00:00
W008505,U008505,47480.84,IDR,ACTIVE,2026-02-11 00:00:00,2026-08-23 00:00:00
W008506,U008506,64209.51,IDR,ACTIVE,2024-08-30 07:00:00,2024-12-22 07:00:00
W008507,U008507,60266.81,IDR,ACTIVE,2026-04-22 04:00:00,2026-08-23 00:00:00
W008508,U008508,39747.65,IDR,ACTIVE,2024-06-16 12:00:00,2024-12-10 12:00:00
W008509,U008509,11766.34,IDR,ACTIVE,2025-10-06 03:00:00,2026-07-23 03:00:00
W008510,U008510,211636.58,IDR,ACTIVE,2024-12-23 17:00:00,2025-11-13 17:00:00
W008511,U008511,63307.12,IDR,ACTIVE,2026-07-10 12:00:00,2026-08-23 00:00:00
W008512,U008512,168522.76,IDR,ACTIVE,2026-01-31 04:00:00,2026-08-12 04:00:00
W008513,U008513,13192.07,IDR,ACTIVE,2024-06-21 13:00:00,2025-06-05 13:00:00
W008514,U008514,27140.24,IDR,ACTIVE,2026-04-24 18:00:00,2026-06-23 18:00:00
W008515,U008515,36643.23,IDR,ACTIVE,2026-08-13 23:00:00,2026-08-23 00:00:00
W008516,U008516,18716.92,IDR,ACTIVE,2024-04-04 18:00:00,2025-06-24 18:00:00
W008517,U008517,116720.34,IDR,ACTIVE,2026-06-25 23:00:00,2026-08-23 00:00:00
W008518,U008518,45645.52,IDR,ACTIVE,2024-08-23 14:00:00,2025-08-03 14:00:00
W008519,U008519,77229.31,IDR,ACTIVE,2025-06-13 21:00:00,2026-08-16 21:00:00
W008520,U008520,31249.76,IDR,ACTIVE,2026-02-25 20:00:00,2026-08-23 00:00:00
W008521,U008521,176832.25,IDR,ACTIVE,2026-06-26 12:00:00,2026-08-23 00:00:00
W008522,U008522,132470.59,IDR,ACTIVE,2026-06-06 09:00:00,2026-08-23 00:00:00
W008523,U008523,112792.06,IDR,ACTIVE,2024-03-18 23:00:00,2024-10-21 23:00:00
W008524,U008524,67121.87,IDR,ACTIVE,2024-02-18 19:00:00,2024-10-05 19:00:00
W008525,U008525,211792.88,IDR,ACTIVE,2024-04-12 21:00:00,2025-08-13 21:00:00
W008526,U008526,134244.65,IDR,ACTIVE,2024-07-10 19:00:00,2025-10-18 19:00:00
W008527,U008527,54775.56,IDR,ACTIVE,2025-09-25 15:00:00,2026-05-05 15:00:00
W008528,U008528,34272.81,IDR,ACTIVE,2024-04-28 06:00:00,2025-04-17 06:00:00
W008529,U008529,45435.74,IDR,ACTIVE,2026-05-09 20:00:00,2026-08-23 00:00:00
W008530,U008530,94753.49,IDR,ACTIVE,2025-10-21 01:00:00,2026-08-23 00:00:00
W008531,U008531,13102.89,IDR,ACTIVE,2025-03-12 10:00:00,2025-03-29 10:00:00
W008532,U008532,26045.45,IDR,ACTIVE,2024-01-20 13:00:00,2024-10-14 13:00:00
W008533,U008533,208089.82,IDR,ACTIVE,2024-02-23 06:00:00,2025-01-23 06:00:00
W008534,U008534,158641.05,IDR,FROZEN,2025-06-14 07:00:00,2026-07-18 07:00:00
W008535,U008535,45787.67,IDR,ACTIVE,2026-05-17 07:00:00,2026-08-23 00:00:00
W008536,U008536,1201082.88,IDR,ACTIVE,2024-03-04 18:00:00,2024-07-04 18:00:00
W008537,U008537,126269.53,IDR,ACTIVE,2026-08-04 14:00:00,2026-08-23 00:00:00
W008538,U008538,63950.4,IDR,ACTIVE,2025-04-19 22:00:00,2025-06-05 22:00:00
W008539,U008539,161925.78,IDR,ACTIVE,2025-07-13 23:00:00,2025-10-10 23:00:00
W008540,U008540,32927.21,IDR,ACTIVE,2024-10-06 15:00:00,2025-07-20 15:00:00
W008541,U008541,28334.69,IDR,ACTIVE,2025-09-25 12:00:00,2026-08-23 00:00:00
W008542,U008542,52736.91,IDR,ACTIVE,2024-05-13 14:00:00,2024-06-08 14:00:00
W008543,U008543,60895.82,IDR,FROZEN,2024-03-11 07:00:00,2025-02-04 07:00:00
W008544,U008544,28392.46,IDR,FROZEN,2026-02-10 11:00:00,2026-06-23 11:00:00
W008545,U008545,243375.95,IDR,ACTIVE,2025-04-01 00:00:00,2026-04-16 00:00:00
W008546,U008546,1135691.92,IDR,CLOSED,2024-01-25 11:00:00,2024-04-13 11:00:00
W008547,U008547,41802.9,IDR,ACTIVE,2026-08-03 14:00:00,2026-08-23 00:00:00
W008548,U008548,10697.57,IDR,ACTIVE,2024-05-11 04:00:00,2024-06-14 04:00:00
W008549,U008549,67297.41,IDR,ACTIVE,2026-04-19 06:00:00,2026-04-20 06:00:00
W008550,U008550,48755.37,IDR,ACTIVE,2024-10-23 10:00:00,2025-07-13 10:00:00
W008551,U008551,142254.78,IDR,ACTIVE,2025-09-14 21:00:00,2026-06-27 21:00:00
W008552,U008552,33299.77,IDR,ACTIVE,2024-07-15 05:00:00,2025-08-28 05:00:00
W008553,U008553,117920.57,IDR,ACTIVE,2024-09-03 16:00:00,2025-05-29 16:00:00
W008554,U008554,78042.31,IDR,ACTIVE,2025-04-03 05:00:00,2026-04-03 05:00:00
W008555,U008555,173129.53,IDR,ACTIVE,2025-07-21 05:00:00,2026-05-18 05:00:00
W008556,U008556,66689.87,IDR,ACTIVE,2024-08-19 11:00:00,2025-02-05 11:00:00
W008557,U008557,27075.47,IDR,ACTIVE,2024-10-06 12:00:00,2025-08-18 12:00:00
W008558,U008558,82228.61,IDR,ACTIVE,2024-08-23 01:00:00,2025-05-12 01:00:00
W008559,U008559,20866.38,IDR,ACTIVE,2024-01-04 17:00:00,2024-04-23 17:00:00
W008560,U008560,7641.27,IDR,ACTIVE,2025-04-25 21:00:00,2025-05-11 21:00:00
W008561,U008561,29081.02,IDR,ACTIVE,2025-12-05 19:00:00,2026-08-23 00:00:00
W008562,U008562,186192.87,IDR,ACTIVE,2024-03-30 23:00:00,2024-05-04 23:00:00
W008563,U008563,382479.72,IDR,ACTIVE,2024-12-21 21:00:00,2025-10-24 21:00:00
W008564,U008564,12926.03,IDR,ACTIVE,2024-10-21 00:00:00,2025-05-22 00:00:00
W008565,U008565,152481.97,IDR,ACTIVE,2025-02-26 06:00:00,2026-02-11 06:00:00
W008566,U008566,308393.59,IDR,ACTIVE,2026-08-11 20:00:00,2026-08-23 00:00:00
W008567,U008567,20327.86,IDR,ACTIVE,2024-08-21 23:00:00,2025-01-12 23:00:00
W008568,U008568,246408.34,IDR,ACTIVE,2024-07-10 09:00:00,2024-12-07 09:00:00
W008569,U008569,16790.13,IDR,ACTIVE,2024-08-18 02:00:00,2025-06-02 02:00:00
W008570,U008570,53001.19,IDR,ACTIVE,2024-12-18 09:00:00,2026-03-20 09:00:00
W008571,U008571,87989.34,IDR,ACTIVE,2024-04-27 00:00:00,2025-03-19 00:00:00
W008572,U008572,21872.14,IDR,ACTIVE,2025-12-26 09:00:00,2026-08-23 00:00:00
W008573,U008573,229127.83,IDR,ACTIVE,2024-08-20 12:00:00,2025-04-26 12:00:00
W008574,U008574,58523.65,IDR,ACTIVE,2024-08-16 03:00:00,2025-08-11 03:00:00
W008575,U008575,137379.88,IDR,ACTIVE,2026-02-04 05:00:00,2026-07-04 05:00:00
W008576,U008576,23074.31,IDR,ACTIVE,2024-01-27 16:00:00,2024-12-15 16:00:00
W008577,U008577,411940.34,IDR,ACTIVE,2025-08-18 18:00:00,2026-02-27 18:00:00
W008578,U008578,99527.87,IDR,ACTIVE,2025-06-18 08:00:00,2025-09-29 08:00:00
W008579,U008579,95160.07,IDR,ACTIVE,2026-08-16 11:00:00,2026-08-23 00:00:00
W008580,U008580,86356.19,IDR,ACTIVE,2026-01-07 01:00:00,2026-08-23 00:00:00
W008581,U008581,96682.48,IDR,ACTIVE,2025-04-13 08:00:00,2025-06-05 08:00:00
W008582,U008582,123396.76,IDR,ACTIVE,2024-08-20 04:00:00,2025-07-09 04:00:00
W008583,U008583,41931.29,IDR,ACTIVE,2024-10-17 22:00:00,2025-11-16 22:00:00
W008584,U008584,15950.05,IDR,ACTIVE,2024-07-01 14:00:00,2024-09-30 14:00:00
W008585,U008585,16617.57,IDR,ACTIVE,2025-01-23 00:00:00,2025-10-08 00:00:00
W008586,U008586,63611.39,IDR,ACTIVE,2024-12-25 12:00:00,2025-03-18 12:00:00
W008587,U008587,319967.87,IDR,ACTIVE,2026-01-04 21:00:00,2026-08-23 00:00:00
W008588,U008588,52601.31,IDR,ACTIVE,2025-11-16 02:00:00,2026-08-23 00:00:00
W008589,U008589,197480.36,IDR,CLOSED,2025-08-14 07:00:00,2025-10-26 07:00:00
W008590,U008590,54943.49,IDR,ACTIVE,2026-04-06 11:00:00,2026-08-23 00:00:00
W008591,U008591,276324.35,IDR,ACTIVE,2026-02-17 13:00:00,2026-08-23 00:00:00
W008592,U008592,94177.97,IDR,ACTIVE,2024-03-27 02:00:00,2025-03-08 02:00:00
W008593,U008593,80579.64,IDR,ACTIVE,2024-11-20 02:00:00,2025-08-08 02:00:00
W008594,U008594,176372.9,IDR,ACTIVE,2025-08-29 03:00:00,2026-04-23 03:00:00
W008595,U008595,93011.63,IDR,ACTIVE,2024-10-21 00:00:00,2025-03-07 00:00:00
W008596,U008596,117734.61,IDR,ACTIVE,2025-09-08 22:00:00,2026-07-17 22:00:00
W008597,U008597,62410.95,IDR,ACTIVE,2026-01-18 19:00:00,2026-04-09 19:00:00
W008598,U008598,86274.58,IDR,ACTIVE,2025-02-05 01:00:00,2025-10-06 01:00:00
W008599,U008599,17967.9,IDR,ACTIVE,2024-07-08 16:00:00,2025-09-24 16:00:00
W008600,U008600,225623.2,IDR,ACTIVE,2025-03-22 17:00:00,2026-07-13 17:00:00
W008601,U008601,234645.77,IDR,ACTIVE,2026-07-19 00:00:00,2026-08-23 00:00:00
W008602,U008602,43988.59,IDR,ACTIVE,2025-04-29 02:00:00,2025-08-31 02:00:00
W008603,U008603,56894.02,IDR,ACTIVE,2026-07-13 17:00:00,2026-08-23 00:00:00
W008604,U008604,399986.2,IDR,ACTIVE,2024-07-11 12:00:00,2024-07-27 12:00:00
W008605,U008605,45232.07,IDR,ACTIVE,2025-01-13 01:00:00,2025-04-20 01:00:00
W008606,U008606,131823.94,IDR,ACTIVE,2025-12-02 12:00:00,2026-01-26 12:00:00
W008607,U008607,75276.81,IDR,ACTIVE,2024-05-25 02:00:00,2025-01-22 02:00:00
W008608,U008608,13853.77,IDR,ACTIVE,2025-04-14 09:00:00,2025-05-30 09:00:00
W008609,U008609,98171.03,IDR,ACTIVE,2026-07-21 22:00:00,2026-08-23 00:00:00
W008610,U008610,15005.49,IDR,FROZEN,2026-04-23 08:00:00,2026-08-23 00:00:00
W008611,U008611,219292.81,IDR,ACTIVE,2025-10-05 11:00:00,2026-03-07 11:00:00
W008612,U008612,49859.56,IDR,ACTIVE,2026-03-25 02:00:00,2026-08-23 00:00:00
W008613,U008613,18817.73,IDR,ACTIVE,2026-03-05 07:00:00,2026-08-23 00:00:00
W008614,U008614,144676.79,IDR,FROZEN,2024-06-28 10:00:00,2024-12-31 10:00:00
W008615,U008615,14399.28,IDR,ACTIVE,2026-08-02 02:00:00,2026-08-23 00:00:00
W008616,U008616,15212.34,IDR,ACTIVE,2025-11-11 23:00:00,2026-08-23 00:00:00
W008617,U008617,426769.46,IDR,ACTIVE,2026-06-25 11:00:00,2026-08-23 00:00:00
W008618,U008618,182016.64,IDR,ACTIVE,2024-11-30 12:00:00,2025-03-09 12:00:00
W008619,U008619,66332.06,IDR,ACTIVE,2024-10-16 22:00:00,2025-01-24 22:00:00
W008620,U008620,101453.39,IDR,ACTIVE,2026-05-15 06:00:00,2026-08-23 00:00:00
W008621,U008621,24438.51,IDR,ACTIVE,2025-03-28 13:00:00,2026-03-29 13:00:00
W008622,U008622,74151.25,IDR,ACTIVE,2025-04-30 16:00:00,2025-11-20 16:00:00
W008623,U008623,20601.93,IDR,ACTIVE,2026-05-14 00:00:00,2026-06-10 00:00:00
W008624,U008624,20033.01,IDR,FROZEN,2026-01-03 09:00:00,2026-05-17 09:00:00
W008625,U008625,152849.07,IDR,CLOSED,2025-12-14 10:00:00,2026-03-15 10:00:00
W008626,U008626,39147.37,IDR,ACTIVE,2025-08-22 20:00:00,2025-08-22 20:00:00
W008627,U008627,33481.36,IDR,ACTIVE,2024-01-20 18:00:00,2024-03-04 18:00:00
W008628,U008628,91450.53,IDR,ACTIVE,2025-08-10 11:00:00,2025-12-06 11:00:00
W008629,U008629,32258.78,IDR,ACTIVE,2024-08-29 08:00:00,2025-04-22 08:00:00
W008630,U008630,48547.5,IDR,ACTIVE,2024-07-16 12:00:00,2025-06-14 12:00:00
W008631,U008631,352369.83,IDR,ACTIVE,2025-02-11 19:00:00,2025-09-17 19:00:00
W008632,U008632,15111.5,IDR,ACTIVE,2025-10-26 21:00:00,2026-06-28 21:00:00
W008633,U008633,286925.78,IDR,ACTIVE,2024-11-16 16:00:00,2025-10-02 16:00:00
W008634,U008634,1378747.52,IDR,ACTIVE,2025-10-31 06:00:00,2026-03-15 06:00:00
W008635,U008635,16114.97,IDR,ACTIVE,2025-09-16 09:00:00,2026-08-23 00:00:00
W008636,U008636,18283.93,IDR,ACTIVE,2025-03-01 04:00:00,2025-07-19 04:00:00
W008637,U008637,110795.26,IDR,ACTIVE,2024-05-27 17:00:00,2025-09-18 17:00:00
W008638,U008638,7080.35,IDR,ACTIVE,2025-02-16 08:00:00,2026-03-17 08:00:00
W008639,U008639,67954.72,IDR,ACTIVE,2026-03-22 02:00:00,2026-08-23 00:00:00
W008640,U008640,28328.62,IDR,ACTIVE,2025-07-01 06:00:00,2025-12-25 06:00:00
W008641,U008641,227681.13,IDR,ACTIVE,2024-10-08 18:00:00,2024-10-16 18:00:00
W008642,U008642,42129.87,IDR,ACTIVE,2025-01-02 08:00:00,2025-04-12 08:00:00
W008643,U008643,79896.7,IDR,ACTIVE,2024-01-31 23:00:00,2025-02-21 23:00:00
W008644,U008644,127917.29,IDR,ACTIVE,2025-01-27 16:00:00,2025-06-17 16:00:00
W008645,U008645,100597.3,IDR,ACTIVE,2025-09-30 12:00:00,2026-08-23 00:00:00
W008646,U008646,61579.52,IDR,ACTIVE,2025-06-27 19:00:00,2025-09-13 19:00:00
W008647,U008647,134598.48,IDR,ACTIVE,2025-08-03 22:00:00,2025-12-12 22:00:00
W008648,U008648,13335.35,IDR,ACTIVE,2025-01-20 23:00:00,2025-08-14 23:00:00
W008649,U008649,180919.47,IDR,ACTIVE,2024-11-21 03:00:00,2025-12-25 03:00:00
W008650,U008650,45200.18,IDR,ACTIVE,2025-06-06 04:00:00,2026-08-23 00:00:00
W008651,U008651,117520.47,IDR,ACTIVE,2026-01-30 02:00:00,2026-02-24 02:00:00
W008652,U008652,59003.89,IDR,ACTIVE,2026-03-18 09:00:00,2026-08-23 00:00:00
W008653,U008653,33585.05,IDR,ACTIVE,2025-07-24 18:00:00,2025-09-15 18:00:00
W008654,U008654,54599.44,IDR,ACTIVE,2026-05-18 13:00:00,2026-08-23 00:00:00
W008655,U008655,82413.19,IDR,ACTIVE,2025-04-25 07:00:00,2026-08-23 00:00:00
W008656,U008656,97195.94,IDR,ACTIVE,2026-07-16 08:00:00,2026-08-23 00:00:00
W008657,U008657,83931.84,IDR,ACTIVE,2024-12-08 22:00:00,2024-12-21 22:00:00
W008658,U008658,31352.75,IDR,ACTIVE,2026-02-04 19:00:00,2026-08-23 00:00:00
W008659,U008659,22316.48,IDR,ACTIVE,2024-11-07 18:00:00,2025-12-22 18:00:00
W008660,U008660,24314.97,IDR,FROZEN,2025-09-22 20:00:00,2025-09-30 20:00:00
W008661,U008661,48068.3,IDR,ACTIVE,2024-02-22 01:00:00,2025-06-12 01:00:00
W008662,U008662,115611.05,IDR,ACTIVE,2024-12-15 03:00:00,2025-06-29 03:00:00
W008663,U008663,124457.36,IDR,ACTIVE,2025-04-23 07:00:00,2026-02-07 07:00:00
W008664,U008664,35255.26,IDR,ACTIVE,2024-10-13 23:00:00,2026-02-07 23:00:00
W008665,U008665,61911.06,IDR,ACTIVE,2025-01-25 21:00:00,2025-05-29 21:00:00
W008666,U008666,14426.75,IDR,ACTIVE,2026-07-27 04:00:00,2026-08-23 00:00:00
W008667,U008667,42046.87,IDR,ACTIVE,2026-03-27 07:00:00,2026-06-03 07:00:00
W008668,U008668,35024.24,IDR,ACTIVE,2025-08-22 13:00:00,2026-02-22 13:00:00
W008669,U008669,27872.68,IDR,ACTIVE,2026-07-26 23:00:00,2026-08-23 00:00:00
W008670,U008670,68803.73,IDR,ACTIVE,2024-12-14 03:00:00,2025-12-04 03:00:00
W008671,U008671,367571.61,IDR,ACTIVE,2025-12-08 05:00:00,2026-08-23 00:00:00
W008672,U008672,65331.52,IDR,ACTIVE,2024-12-26 18:00:00,2026-01-10 18:00:00
W008673,U008673,196795.37,IDR,ACTIVE,2024-02-26 04:00:00,2024-11-13 04:00:00
W008674,U008674,152802.15,IDR,ACTIVE,2024-10-10 06:00:00,2024-10-11 06:00:00
W008675,U008675,36748.85,IDR,ACTIVE,2024-10-08 13:00:00,2025-01-04 13:00:00
W008676,U008676,135865.57,IDR,ACTIVE,2024-09-26 17:00:00,2024-11-22 17:00:00
W008677,U008677,395207.44,IDR,ACTIVE,2025-08-26 06:00:00,2026-08-23 00:00:00
W008678,U008678,18454.01,IDR,ACTIVE,2025-07-21 19:00:00,2025-10-16 19:00:00
W008679,U008679,152565.58,IDR,ACTIVE,2024-10-31 11:00:00,2024-12-29 11:00:00
W008680,U008680,57456.26,IDR,ACTIVE,2024-01-13 15:00:00,2024-10-31 15:00:00
W008681,U008681,31554.95,IDR,ACTIVE,2025-04-23 15:00:00,2025-12-09 15:00:00
W008682,U008682,91114.72,IDR,ACTIVE,2024-11-16 03:00:00,2025-10-31 03:00:00
W008683,U008683,93718.68,IDR,ACTIVE,2025-10-22 18:00:00,2026-06-02 18:00:00
W008684,U008684,711453.0,IDR,ACTIVE,2026-02-28 15:00:00,2026-08-23 00:00:00
W008685,U008685,32732.18,IDR,ACTIVE,2024-02-24 03:00:00,2024-10-22 03:00:00
W008686,U008686,65229.58,IDR,ACTIVE,2026-01-06 19:00:00,2026-08-23 00:00:00
W008687,U008687,64035.17,IDR,CLOSED,2025-03-31 07:00:00,2025-07-25 07:00:00
W008688,U008688,32538.48,IDR,ACTIVE,2025-10-02 10:00:00,2026-07-18 10:00:00
W008689,U008689,24793.45,IDR,ACTIVE,2024-03-20 07:00:00,2025-03-29 07:00:00
W008690,U008690,41143.71,IDR,ACTIVE,2024-08-21 11:00:00,2024-12-04 11:00:00
W008691,U008691,55438.83,IDR,ACTIVE,2025-10-21 11:00:00,2026-02-24 11:00:00
W008692,U008692,23351.51,IDR,ACTIVE,2025-02-07 13:00:00,2025-05-03 13:00:00
W008693,U008693,162586.89,IDR,ACTIVE,2024-05-03 17:00:00,2025-07-16 17:00:00
W008694,U008694,103854.14,IDR,ACTIVE,2025-03-04 23:00:00,2025-05-13 23:00:00
W008695,U008695,18904.09,IDR,ACTIVE,2025-05-13 09:00:00,2025-11-10 09:00:00
W008696,U008696,40455.59,IDR,ACTIVE,2025-01-30 20:00:00,2025-02-10 20:00:00
W008697,U008697,70270.75,IDR,ACTIVE,2026-02-09 22:00:00,2026-08-23 00:00:00
W008698,U008698,127556.07,IDR,ACTIVE,2025-03-01 00:00:00,2025-12-20 00:00:00
W008699,U008699,55863.49,IDR,ACTIVE,2024-12-19 03:00:00,2025-05-04 03:00:00
W008700,U008700,119915.85,IDR,ACTIVE,2025-01-04 21:00:00,2025-09-15 21:00:00
W008701,U008701,85890.49,IDR,ACTIVE,2026-05-10 13:00:00,2026-08-23 00:00:00
W008702,U008702,135855.47,IDR,ACTIVE,2024-01-12 17:00:00,2024-12-18 17:00:00
W008703,U008703,28864.09,IDR,ACTIVE,2024-12-03 17:00:00,2025-03-01 17:00:00
W008704,U008704,107264.25,IDR,ACTIVE,2026-06-20 17:00:00,2026-08-23 00:00:00
W008705,U008705,57683.06,IDR,ACTIVE,2024-07-06 09:00:00,2024-11-29 09:00:00
W008706,U008706,5721.57,IDR,FROZEN,2025-08-13 17:00:00,2025-11-03 17:00:00
W008707,U008707,190311.56,IDR,ACTIVE,2024-02-15 12:00:00,2024-05-24 12:00:00
W008708,U008708,28279.89,IDR,ACTIVE,2024-11-21 04:00:00,2025-09-23 04:00:00
W008709,U008709,87568.57,IDR,ACTIVE,2024-01-04 00:00:00,2024-04-21 00:00:00
W008710,U008710,65764.33,IDR,ACTIVE,2025-02-06 13:00:00,2026-04-18 13:00:00
W008711,U008711,52108.47,IDR,ACTIVE,2024-06-11 09:00:00,2025-05-06 09:00:00
W008712,U008712,42259.91,IDR,ACTIVE,2026-03-15 21:00:00,2026-08-23 00:00:00
W008713,U008713,45342.63,IDR,ACTIVE,2025-11-03 14:00:00,2026-08-23 00:00:00
W008714,U008714,335670.36,IDR,ACTIVE,2025-09-04 04:00:00,2026-08-23 00:00:00
W008715,U008715,50669.46,IDR,ACTIVE,2025-02-19 05:00:00,2025-06-10 05:00:00
W008716,U008716,305942.52,IDR,ACTIVE,2024-07-31 04:00:00,2024-12-07 04:00:00
W008717,U008717,52058.83,IDR,ACTIVE,2026-06-05 13:00:00,2026-08-23 00:00:00
W008718,U008718,72875.8,IDR,ACTIVE,2024-06-23 17:00:00,2025-06-29 17:00:00
W008719,U008719,61579.0,IDR,ACTIVE,2025-03-16 12:00:00,2025-12-03 12:00:00
W008720,U008720,328182.49,IDR,ACTIVE,2024-02-04 02:00:00,2024-04-25 02:00:00
W008721,U008721,143341.57,IDR,ACTIVE,2026-01-21 08:00:00,2026-03-15 08:00:00
W008722,U008722,38631.33,IDR,ACTIVE,2025-04-10 10:00:00,2025-06-18 10:00:00
W008723,U008723,15057.8,IDR,ACTIVE,2026-05-30 15:00:00,2026-08-23 00:00:00
W008724,U008724,39536.76,IDR,ACTIVE,2026-03-18 08:00:00,2026-08-23 00:00:00
W008725,U008725,233080.15,IDR,ACTIVE,2024-05-16 19:00:00,2024-05-19 19:00:00
W008726,U008726,20039.37,IDR,ACTIVE,2025-05-15 08:00:00,2026-01-08 08:00:00
W008727,U008727,15696.62,IDR,ACTIVE,2026-01-05 22:00:00,2026-02-20 22:00:00
W008728,U008728,31958.11,IDR,ACTIVE,2024-10-12 13:00:00,2025-03-20 13:00:00
W008729,U008729,23193.93,IDR,ACTIVE,2025-12-26 08:00:00,2026-05-12 08:00:00
W008730,U008730,26654.79,IDR,ACTIVE,2026-03-30 00:00:00,2026-08-23 00:00:00
W008731,U008731,10098.85,IDR,ACTIVE,2026-01-01 18:00:00,2026-06-03 18:00:00
W008732,U008732,74187.59,IDR,ACTIVE,2026-04-23 23:00:00,2026-05-10 23:00:00
W008733,U008733,90202.17,IDR,ACTIVE,2024-05-28 22:00:00,2024-11-08 22:00:00
W008734,U008734,50440.73,IDR,ACTIVE,2024-06-19 11:00:00,2024-10-08 11:00:00
W008735,U008735,15246.85,IDR,ACTIVE,2025-12-18 18:00:00,2026-04-23 18:00:00
W008736,U008736,32140.08,IDR,ACTIVE,2026-07-04 04:00:00,2026-08-23 00:00:00
W008737,U008737,87299.04,IDR,ACTIVE,2025-01-21 08:00:00,2025-12-26 08:00:00
W008738,U008738,100134.1,IDR,ACTIVE,2025-11-25 07:00:00,2026-04-16 07:00:00
W008739,U008739,10438.65,IDR,ACTIVE,2024-01-21 11:00:00,2024-03-21 11:00:00
W008740,U008740,63459.93,IDR,ACTIVE,2025-07-20 18:00:00,2026-01-24 18:00:00
W008741,U008741,29802.19,IDR,ACTIVE,2026-02-10 00:00:00,2026-08-23 00:00:00
W008742,U008742,59458.87,IDR,ACTIVE,2026-04-06 20:00:00,2026-08-23 00:00:00
W008743,U008743,16338.51,IDR,ACTIVE,2024-11-02 14:00:00,2025-07-07 14:00:00
W008744,U008744,11871.41,IDR,ACTIVE,2025-01-31 08:00:00,2025-10-10 08:00:00
W008745,U008745,49166.27,IDR,ACTIVE,2024-11-26 22:00:00,2025-08-31 22:00:00
W008746,U008746,53711.27,IDR,ACTIVE,2024-01-12 23:00:00,2024-06-24 23:00:00
W008747,U008747,25500.97,IDR,ACTIVE,2024-07-21 14:00:00,2024-08-04 14:00:00
W008748,U008748,274840.39,IDR,ACTIVE,2024-03-31 13:00:00,2024-06-30 13:00:00
W008749,U008749,29033.66,IDR,CLOSED,2024-07-02 22:00:00,2024-07-02 22:00:00
W008750,U008750,28550.18,IDR,ACTIVE,2026-02-25 22:00:00,2026-08-23 00:00:00
W008751,U008751,61367.86,IDR,ACTIVE,2024-05-08 05:00:00,2024-05-21 05:00:00
W008752,U008752,54055.46,IDR,ACTIVE,2025-05-21 06:00:00,2026-04-23 06:00:00
W008753,U008753,29149.31,IDR,ACTIVE,2026-06-09 14:00:00,2026-08-11 14:00:00
W008754,U008754,89475.99,IDR,ACTIVE,2024-12-01 19:00:00,2026-02-17 19:00:00
W008755,U008755,88784.13,IDR,ACTIVE,2024-02-23 17:00:00,2025-06-11 17:00:00
W008756,U008756,62626.82,IDR,ACTIVE,2024-01-09 05:00:00,2024-06-01 05:00:00
W008757,U008757,73527.35,IDR,ACTIVE,2025-10-21 08:00:00,2026-08-16 08:00:00
W008758,U008758,57536.77,IDR,ACTIVE,2025-07-15 13:00:00,2025-09-12 13:00:00
W008759,U008759,54347.52,IDR,ACTIVE,2024-07-22 05:00:00,2025-11-07 05:00:00
W008760,U008760,16571.03,IDR,ACTIVE,2024-11-02 21:00:00,2026-03-17 21:00:00
W008761,U008761,66072.79,IDR,ACTIVE,2024-09-15 07:00:00,2024-09-17 07:00:00
W008762,U008762,146190.29,IDR,ACTIVE,2025-09-13 13:00:00,2026-06-21 13:00:00
W008763,U008763,73668.15,IDR,ACTIVE,2025-01-15 23:00:00,2025-02-10 23:00:00
W008764,U008764,44274.05,IDR,ACTIVE,2026-07-12 01:00:00,2026-08-23 00:00:00
W008765,U008765,139128.1,IDR,ACTIVE,2024-10-06 00:00:00,2025-10-11 00:00:00
W008766,U008766,73764.09,IDR,ACTIVE,2024-09-11 20:00:00,2025-05-26 20:00:00
W008767,U008767,28818.91,IDR,ACTIVE,2026-08-04 19:00:00,2026-08-23 00:00:00
W008768,U008768,138737.95,IDR,ACTIVE,2026-05-19 05:00:00,2026-08-14 05:00:00
W008769,U008769,36815.2,IDR,ACTIVE,2025-03-29 18:00:00,2026-05-26 18:00:00
W008770,U008770,20901.45,IDR,ACTIVE,2026-04-05 11:00:00,2026-07-04 11:00:00
W008771,U008771,25841.79,IDR,ACTIVE,2024-07-17 03:00:00,2024-07-19 03:00:00
W008772,U008772,33772.15,IDR,ACTIVE,2024-07-14 22:00:00,2025-08-28 22:00:00
W008773,U008773,15832.35,IDR,ACTIVE,2024-03-29 08:00:00,2025-04-25 08:00:00
W008774,U008774,211824.43,IDR,ACTIVE,2025-03-23 06:00:00,2026-02-11 06:00:00
W008775,U008775,11451.25,IDR,ACTIVE,2026-03-13 21:00:00,2026-07-23 21:00:00
W008776,U008776,101117.15,IDR,ACTIVE,2026-07-22 18:00:00,2026-08-23 00:00:00
W008777,U008777,77439.79,IDR,ACTIVE,2025-05-23 01:00:00,2026-05-31 01:00:00
W008778,U008778,72475.77,IDR,ACTIVE,2024-05-11 15:00:00,2025-07-28 15:00:00
W008779,U008779,88528.65,IDR,ACTIVE,2024-08-15 04:00:00,2025-06-11 04:00:00
W008780,U008780,48535.33,IDR,FROZEN,2024-07-25 00:00:00,2024-10-18 00:00:00
W008781,U008781,101597.8,IDR,ACTIVE,2026-02-23 02:00:00,2026-03-06 02:00:00
W008782,U008782,52792.3,IDR,ACTIVE,2025-07-21 21:00:00,2026-08-23 00:00:00
W008783,U008783,40218.7,IDR,ACTIVE,2026-03-31 05:00:00,2026-08-23 00:00:00
W008784,U008784,17433.75,IDR,ACTIVE,2026-07-10 17:00:00,2026-08-23 00:00:00
W008785,U008785,80753.05,IDR,ACTIVE,2026-03-08 11:00:00,2026-08-23 00:00:00
W008786,U008786,82301.31,IDR,ACTIVE,2025-12-06 18:00:00,2026-08-23 00:00:00
W008787,U008787,57401.4,IDR,ACTIVE,2024-01-26 16:00:00,2025-04-30 16:00:00
W008788,U008788,125381.79,IDR,ACTIVE,2026-05-13 07:00:00,2026-08-23 00:00:00
W008789,U008789,180827.4,IDR,ACTIVE,2024-02-19 22:00:00,2025-04-08 22:00:00
W008790,U008790,35223.25,IDR,ACTIVE,2025-03-29 21:00:00,2025-08-04 21:00:00
W008791,U008791,105537.01,IDR,ACTIVE,2024-02-11 05:00:00,2024-09-18 05:00:00
W008792,U008792,17167.35,IDR,ACTIVE,2025-07-14 07:00:00,2025-10-13 07:00:00
W008793,U008793,61522.3,IDR,ACTIVE,2026-02-28 09:00:00,2026-03-25 09:00:00
W008794,U008794,48922.86,IDR,ACTIVE,2026-03-01 00:00:00,2026-08-23 00:00:00
W008795,U008795,129211.56,IDR,ACTIVE,2025-05-29 14:00:00,2026-01-26 14:00:00
W008796,U008796,37852.31,IDR,ACTIVE,2026-02-12 01:00:00,2026-02-18 01:00:00
W008797,U008797,191735.3,IDR,ACTIVE,2025-08-01 15:00:00,2026-08-23 00:00:00
W008798,U008798,46300.1,IDR,CLOSED,2024-07-03 03:00:00,2025-03-11 03:00:00
W008799,U008799,17423.83,IDR,ACTIVE,2025-11-25 11:00:00,2025-12-20 11:00:00
W008800,U008800,12413.81,IDR,ACTIVE,2026-07-16 17:00:00,2026-08-23 00:00:00
W008801,U008801,116859.13,IDR,ACTIVE,2024-04-06 09:00:00,2024-10-18 09:00:00
W008802,U008802,15816.04,IDR,ACTIVE,2025-07-19 16:00:00,2026-04-06 16:00:00
W008803,U008803,92467.33,IDR,ACTIVE,2025-10-10 18:00:00,2026-04-17 18:00:00
W008804,U008804,114559.26,IDR,ACTIVE,2025-10-26 05:00:00,2026-08-23 00:00:00
W008805,U008805,28402.61,IDR,ACTIVE,2025-06-15 01:00:00,2026-03-19 01:00:00
W008806,U008806,75683.39,IDR,ACTIVE,2024-07-02 03:00:00,2025-10-29 03:00:00
W008807,U008807,272912.18,IDR,ACTIVE,2026-06-30 02:00:00,2026-08-23 00:00:00
W008808,U008808,50013.31,IDR,ACTIVE,2024-09-19 04:00:00,2025-08-15 04:00:00
W008809,U008809,13513.65,IDR,ACTIVE,2025-11-27 13:00:00,2026-08-23 00:00:00
W008810,U008810,32617.06,IDR,ACTIVE,2024-07-12 01:00:00,2024-07-23 01:00:00
W008811,U008811,316690.13,IDR,ACTIVE,2026-02-03 18:00:00,2026-08-23 00:00:00
W008812,U008812,124359.95,IDR,ACTIVE,2024-11-04 14:00:00,2026-03-13 14:00:00
W008813,U008813,19274.54,IDR,ACTIVE,2025-07-27 09:00:00,2026-05-18 09:00:00
W008814,U008814,175707.39,IDR,ACTIVE,2025-03-06 03:00:00,2025-04-27 03:00:00
W008815,U008815,187060.3,IDR,ACTIVE,2024-03-28 03:00:00,2024-10-05 03:00:00
W008816,U008816,38283.68,IDR,ACTIVE,2025-06-08 01:00:00,2025-10-06 01:00:00
W008817,U008817,16897.39,IDR,FROZEN,2025-07-03 09:00:00,2026-08-23 00:00:00
W008818,U008818,159207.72,IDR,ACTIVE,2025-11-08 23:00:00,2026-07-16 23:00:00
W008819,U008819,369862.5,IDR,ACTIVE,2025-10-20 15:00:00,2025-12-23 15:00:00
W008820,U008820,29078.26,IDR,ACTIVE,2025-08-04 11:00:00,2026-06-14 11:00:00
W008821,U008821,116859.98,IDR,ACTIVE,2026-03-03 21:00:00,2026-08-23 00:00:00
W008822,U008822,29739.08,IDR,ACTIVE,2025-07-07 03:00:00,2025-09-19 03:00:00
W008823,U008823,28612.11,IDR,FROZEN,2026-06-21 19:00:00,2026-08-23 00:00:00
W008824,U008824,75913.37,IDR,ACTIVE,2025-10-11 16:00:00,2026-03-02 16:00:00
W008825,U008825,25827.3,IDR,ACTIVE,2024-05-05 22:00:00,2024-08-17 22:00:00
W008826,U008826,55779.75,IDR,ACTIVE,2025-05-28 07:00:00,2026-05-20 07:00:00
W008827,U008827,193966.48,IDR,ACTIVE,2025-05-13 18:00:00,2026-08-23 00:00:00
W008828,U008828,14403.9,IDR,ACTIVE,2026-06-20 22:00:00,2026-08-23 00:00:00
W008829,U008829,133586.05,IDR,ACTIVE,2026-05-15 21:00:00,2026-08-23 00:00:00
W008830,U008830,70167.99,IDR,CLOSED,2024-02-27 15:00:00,2024-04-05 15:00:00
W008831,U008831,89742.89,IDR,ACTIVE,2024-05-17 09:00:00,2025-09-29 09:00:00
W008832,U008832,63883.98,IDR,ACTIVE,2026-05-09 05:00:00,2026-08-23 00:00:00
W008833,U008833,226009.39,IDR,ACTIVE,2025-07-29 18:00:00,2026-07-17 18:00:00
W008834,U008834,84745.72,IDR,ACTIVE,2024-03-09 21:00:00,2025-01-20 21:00:00
W008835,U008835,41403.43,IDR,ACTIVE,2024-03-18 10:00:00,2025-05-03 10:00:00
W008836,U008836,70431.78,IDR,ACTIVE,2025-01-04 02:00:00,2026-02-11 02:00:00
W008837,U008837,39349.17,IDR,ACTIVE,2025-11-06 09:00:00,2026-06-18 09:00:00
W008838,U008838,30430.15,IDR,FROZEN,2024-03-09 20:00:00,2024-11-18 20:00:00
W008839,U008839,173503.98,IDR,ACTIVE,2026-04-24 01:00:00,2026-08-23 00:00:00
W008840,U008840,39539.05,IDR,ACTIVE,2026-04-06 19:00:00,2026-08-23 00:00:00
W008841,U008841,11773.06,IDR,ACTIVE,2025-04-06 23:00:00,2026-03-01 23:00:00
W008842,U008842,90732.6,IDR,ACTIVE,2024-06-05 23:00:00,2025-09-19 23:00:00
W008843,U008843,41675.37,IDR,ACTIVE,2025-01-20 07:00:00,2025-07-26 07:00:00
W008844,U008844,280393.88,IDR,ACTIVE,2025-04-09 07:00:00,2025-10-31 07:00:00
W008845,U008845,106935.01,IDR,ACTIVE,2024-10-16 11:00:00,2025-08-31 11:00:00
W008846,U008846,264094.05,IDR,ACTIVE,2026-01-16 03:00:00,2026-08-23 00:00:00
W008847,U008847,130326.06,IDR,ACTIVE,2025-04-22 05:00:00,2025-08-03 05:00:00
W008848,U008848,178779.23,IDR,ACTIVE,2026-05-19 00:00:00,2026-08-23 00:00:00
W008849,U008849,85792.95,IDR,ACTIVE,2025-01-08 20:00:00,2025-02-21 20:00:00
W008850,U008850,139896.89,IDR,ACTIVE,2026-01-07 10:00:00,2026-08-23 00:00:00
W008851,U008851,26817.44,IDR,ACTIVE,2026-08-06 17:00:00,2026-08-23 00:00:00
W008852,U008852,129653.79,IDR,ACTIVE,2025-08-27 13:00:00,2025-12-31 13:00:00
W008853,U008853,16619.47,IDR,ACTIVE,2025-04-20 21:00:00,2026-03-18 21:00:00
W008854,U008854,55971.94,IDR,ACTIVE,2024-12-04 21:00:00,2025-03-27 21:00:00
W008855,U008855,33942.11,IDR,ACTIVE,2024-05-24 14:00:00,2024-06-21 14:00:00
W008856,U008856,76369.57,IDR,ACTIVE,2025-11-11 03:00:00,2025-12-13 03:00:00
W008857,U008857,38601.61,IDR,ACTIVE,2024-11-01 09:00:00,2025-01-14 09:00:00
W008858,U008858,17166.29,IDR,ACTIVE,2024-08-25 03:00:00,2025-10-31 03:00:00
W008859,U008859,15878.42,IDR,ACTIVE,2024-01-20 16:00:00,2025-02-12 16:00:00
W008860,U008860,18452.95,IDR,ACTIVE,2026-07-06 19:00:00,2026-08-23 00:00:00
W008861,U008861,78419.17,IDR,ACTIVE,2026-03-18 19:00:00,2026-07-27 19:00:00
W008862,U008862,81434.39,IDR,ACTIVE,2024-10-11 22:00:00,2026-01-11 22:00:00
W008863,U008863,38475.4,IDR,ACTIVE,2024-08-14 19:00:00,2024-10-28 19:00:00
W008864,U008864,93915.41,IDR,ACTIVE,2026-05-22 22:00:00,2026-08-23 00:00:00
W008865,U008865,50809.8,IDR,ACTIVE,2024-03-23 21:00:00,2025-01-14 21:00:00
W008866,U008866,87170.5,IDR,ACTIVE,2024-12-24 03:00:00,2025-08-24 03:00:00
W008867,U008867,59433.37,IDR,ACTIVE,2024-04-09 07:00:00,2024-10-27 07:00:00
W008868,U008868,135109.46,IDR,FROZEN,2026-03-22 12:00:00,2026-08-23 00:00:00
W008869,U008869,26405.17,IDR,ACTIVE,2026-02-18 17:00:00,2026-04-20 17:00:00
W008870,U008870,10199.65,IDR,ACTIVE,2025-05-28 07:00:00,2025-07-12 07:00:00
W008871,U008871,51299.75,IDR,ACTIVE,2025-09-12 14:00:00,2026-08-23 00:00:00
W008872,U008872,65647.99,IDR,ACTIVE,2025-08-22 00:00:00,2026-08-23 00:00:00
W008873,U008873,21529.67,IDR,ACTIVE,2025-06-10 00:00:00,2026-06-03 00:00:00
W008874,U008874,24939.76,IDR,ACTIVE,2026-01-14 18:00:00,2026-08-23 00:00:00
W008875,U008875,103968.95,IDR,ACTIVE,2025-01-31 03:00:00,2026-03-29 03:00:00
W008876,U008876,106835.43,IDR,ACTIVE,2024-12-14 00:00:00,2026-03-18 00:00:00
W008877,U008877,49178.81,IDR,ACTIVE,2025-07-26 07:00:00,2026-05-06 07:00:00
W008878,U008878,12936.62,IDR,ACTIVE,2025-11-05 05:00:00,2026-03-25 05:00:00
W008879,U008879,99860.12,IDR,ACTIVE,2025-01-29 07:00:00,2025-04-20 07:00:00
W008880,U008880,64941.82,IDR,ACTIVE,2025-03-30 11:00:00,2026-04-29 11:00:00
W008881,U008881,34567.85,IDR,ACTIVE,2025-11-01 18:00:00,2026-08-23 00:00:00
W008882,U008882,151109.87,IDR,FROZEN,2024-06-05 10:00:00,2024-07-16 10:00:00
W008883,U008883,6494.86,IDR,ACTIVE,2024-03-21 16:00:00,2025-01-26 16:00:00
W008884,U008884,56147.36,IDR,ACTIVE,2026-06-13 21:00:00,2026-08-23 00:00:00
W008885,U008885,101195.92,IDR,ACTIVE,2025-06-23 20:00:00,2026-04-15 20:00:00
W008886,U008886,16744.12,IDR,ACTIVE,2025-09-28 16:00:00,2026-08-23 00:00:00
W008887,U008887,15378.27,IDR,ACTIVE,2025-05-08 10:00:00,2026-07-21 10:00:00
W008888,U008888,311925.89,IDR,ACTIVE,2026-04-25 02:00:00,2026-08-23 00:00:00
W008889,U008889,105533.78,IDR,ACTIVE,2024-10-20 03:00:00,2025-04-15 03:00:00
W008890,U008890,227884.47,IDR,ACTIVE,2026-05-25 07:00:00,2026-08-23 00:00:00
W008891,U008891,139646.53,IDR,ACTIVE,2025-10-02 17:00:00,2026-08-23 00:00:00
W008892,U008892,79857.12,IDR,ACTIVE,2026-07-07 20:00:00,2026-08-23 00:00:00
W008893,U008893,365208.61,IDR,ACTIVE,2024-11-13 08:00:00,2025-05-19 08:00:00
W008894,U008894,71581.26,IDR,ACTIVE,2025-09-18 22:00:00,2026-01-27 22:00:00
W008895,U008895,51922.69,IDR,ACTIVE,2024-03-10 19:00:00,2024-06-22 19:00:00
W008896,U008896,139816.64,IDR,ACTIVE,2024-07-16 09:00:00,2025-05-27 09:00:00
W008897,U008897,153967.97,IDR,ACTIVE,2025-02-20 01:00:00,2025-11-15 01:00:00
W008898,U008898,91899.85,IDR,ACTIVE,2026-06-20 19:00:00,2026-08-23 00:00:00
W008899,U008899,34532.16,IDR,ACTIVE,2026-07-18 01:00:00,2026-08-23 00:00:00
W008900,U008900,139160.53,IDR,ACTIVE,2026-01-04 13:00:00,2026-08-23 00:00:00
W008901,U008901,33932.78,IDR,ACTIVE,2025-06-30 12:00:00,2026-05-09 12:00:00
W008902,U008902,61305.24,IDR,ACTIVE,2025-03-28 02:00:00,2026-01-30 02:00:00
W008903,U008903,24852.8,IDR,ACTIVE,2024-10-29 22:00:00,2025-02-16 22:00:00
W008904,U008904,26304.11,IDR,ACTIVE,2026-01-21 06:00:00,2026-03-05 06:00:00
W008905,U008905,7849.27,IDR,ACTIVE,2024-12-10 15:00:00,2025-10-07 15:00:00
W008906,U008906,50489.66,IDR,ACTIVE,2024-01-17 12:00:00,2025-03-01 12:00:00
W008907,U008907,82382.42,IDR,ACTIVE,2026-05-05 09:00:00,2026-05-13 09:00:00
W008908,U008908,348503.15,IDR,ACTIVE,2025-06-12 07:00:00,2026-06-09 07:00:00
W008909,U008909,31370.79,IDR,ACTIVE,2025-11-25 14:00:00,2026-05-21 14:00:00
W008910,U008910,63448.44,IDR,ACTIVE,2025-03-16 10:00:00,2025-12-29 10:00:00
W008911,U008911,53080.09,IDR,ACTIVE,2024-07-17 18:00:00,2024-07-30 18:00:00
W008912,U008912,85632.58,IDR,FROZEN,2024-05-17 13:00:00,2024-10-06 13:00:00
W008913,U008913,43766.82,IDR,ACTIVE,2025-09-30 16:00:00,2025-11-28 16:00:00
W008914,U008914,107627.18,IDR,ACTIVE,2024-09-29 12:00:00,2025-05-16 12:00:00
W008915,U008915,23464.23,IDR,ACTIVE,2024-05-14 01:00:00,2025-03-04 01:00:00
W008916,U008916,58234.39,IDR,ACTIVE,2025-06-11 14:00:00,2026-04-26 14:00:00
W008917,U008917,81063.73,IDR,ACTIVE,2024-08-15 11:00:00,2024-10-04 11:00:00
W008918,U008918,163985.19,IDR,ACTIVE,2025-05-30 10:00:00,2026-04-04 10:00:00
W008919,U008919,109719.92,IDR,ACTIVE,2025-12-10 00:00:00,2026-08-23 00:00:00
W008920,U008920,56976.57,IDR,ACTIVE,2025-01-11 10:00:00,2025-05-01 10:00:00
W008921,U008921,26336.56,IDR,ACTIVE,2024-08-13 15:00:00,2025-01-08 15:00:00
W008922,U008922,404511.58,IDR,ACTIVE,2024-01-14 08:00:00,2024-07-13 08:00:00
W008923,U008923,29666.67,IDR,ACTIVE,2026-06-20 11:00:00,2026-08-23 00:00:00
W008924,U008924,18066.58,IDR,ACTIVE,2024-04-30 06:00:00,2025-02-28 06:00:00
W008925,U008925,32516.65,IDR,ACTIVE,2024-05-09 02:00:00,2025-02-01 02:00:00
W008926,U008926,15163.94,IDR,ACTIVE,2024-11-11 23:00:00,2025-06-21 23:00:00
W008927,U008927,80166.53,IDR,ACTIVE,2025-07-21 23:00:00,2026-07-23 23:00:00
W008928,U008928,56626.12,IDR,ACTIVE,2024-01-27 08:00:00,2025-04-23 08:00:00
W008929,U008929,46158.81,IDR,ACTIVE,2025-03-15 07:00:00,2025-07-23 07:00:00
W008930,U008930,51558.36,IDR,ACTIVE,2025-10-13 16:00:00,2025-12-06 16:00:00
W008931,U008931,34384.32,IDR,ACTIVE,2025-11-18 13:00:00,2026-08-09 13:00:00
W008932,U008932,9410.89,IDR,ACTIVE,2024-08-15 16:00:00,2025-08-24 16:00:00
W008933,U008933,140118.74,IDR,ACTIVE,2024-12-18 00:00:00,2025-08-15 00:00:00
W008934,U008934,37379.85,IDR,ACTIVE,2024-10-03 20:00:00,2025-10-17 20:00:00
W008935,U008935,15711.59,IDR,ACTIVE,2025-06-05 12:00:00,2026-05-31 12:00:00
W008936,U008936,11471.44,IDR,ACTIVE,2026-06-11 21:00:00,2026-08-23 00:00:00
W008937,U008937,202451.96,IDR,ACTIVE,2025-04-18 01:00:00,2025-05-29 01:00:00
W008938,U008938,41233.09,IDR,ACTIVE,2025-04-20 14:00:00,2025-05-10 14:00:00
W008939,U008939,40307.14,IDR,ACTIVE,2026-08-02 06:00:00,2026-08-13 06:00:00
W008940,U008940,89747.09,IDR,ACTIVE,2025-08-31 20:00:00,2026-08-23 00:00:00
W008941,U008941,34565.95,IDR,ACTIVE,2024-12-16 03:00:00,2025-08-10 03:00:00
W008942,U008942,207563.38,IDR,CLOSED,2025-01-06 13:00:00,2025-03-12 13:00:00
W008943,U008943,14868.77,IDR,ACTIVE,2025-07-26 22:00:00,2025-10-22 22:00:00
W008944,U008944,31517.52,IDR,ACTIVE,2025-12-25 10:00:00,2026-08-23 00:00:00
W008945,U008945,71619.87,IDR,ACTIVE,2026-04-21 17:00:00,2026-06-18 17:00:00
W008946,U008946,31305.65,IDR,ACTIVE,2025-09-22 20:00:00,2026-08-23 00:00:00
W008947,U008947,25352.02,IDR,ACTIVE,2025-11-30 19:00:00,2026-08-23 00:00:00
W008948,U008948,20331.82,IDR,ACTIVE,2024-05-28 05:00:00,2025-06-09 05:00:00
W008949,U008949,82003.22,IDR,ACTIVE,2025-02-23 14:00:00,2025-09-25 14:00:00
W008950,U008950,69680.32,IDR,ACTIVE,2024-10-12 11:00:00,2025-12-21 11:00:00
W008951,U008951,93052.47,IDR,ACTIVE,2024-12-13 17:00:00,2024-12-28 17:00:00
W008952,U008952,46410.51,IDR,CLOSED,2026-01-02 16:00:00,2026-08-23 00:00:00
W008953,U008953,36987.77,IDR,ACTIVE,2025-08-05 09:00:00,2025-10-08 09:00:00
W008954,U008954,26495.22,IDR,ACTIVE,2026-07-30 12:00:00,2026-08-23 00:00:00
W008955,U008955,41547.07,IDR,ACTIVE,2025-07-05 22:00:00,2026-08-16 22:00:00
W008956,U008956,12051.69,IDR,ACTIVE,2025-01-02 01:00:00,2025-05-12 01:00:00
W008957,U008957,74920.25,IDR,ACTIVE,2024-03-31 04:00:00,2025-05-16 04:00:00
W008958,U008958,38107.38,IDR,ACTIVE,2026-07-06 19:00:00,2026-08-23 00:00:00
W008959,U008959,158833.42,IDR,ACTIVE,2026-01-29 10:00:00,2026-08-23 00:00:00
W008960,U008960,53558.72,IDR,ACTIVE,2025-03-22 05:00:00,2025-09-11 05:00:00
W008961,U008961,9207.33,IDR,ACTIVE,2026-03-18 09:00:00,2026-08-23 00:00:00
W008962,U008962,65871.45,IDR,ACTIVE,2024-03-09 17:00:00,2024-08-10 17:00:00
W008963,U008963,418339.38,IDR,ACTIVE,2025-07-06 18:00:00,2026-06-11 18:00:00
W008964,U008964,81732.55,IDR,ACTIVE,2026-06-06 02:00:00,2026-08-23 00:00:00
W008965,U008965,119445.74,IDR,ACTIVE,2024-02-04 02:00:00,2024-06-13 02:00:00
W008966,U008966,177993.88,IDR,CLOSED,2025-07-28 19:00:00,2025-08-06 19:00:00
W008967,U008967,24499.6,IDR,ACTIVE,2025-08-31 21:00:00,2026-08-23 00:00:00
W008968,U008968,48232.73,IDR,ACTIVE,2025-05-13 00:00:00,2026-05-02 00:00:00
W008969,U008969,25594.28,IDR,ACTIVE,2025-12-02 00:00:00,2026-05-22 00:00:00
W008970,U008970,105308.64,IDR,ACTIVE,2024-07-19 20:00:00,2024-12-19 20:00:00
W008971,U008971,25874.53,IDR,ACTIVE,2024-07-08 18:00:00,2025-02-09 18:00:00
W008972,U008972,46057.57,IDR,ACTIVE,2024-02-01 20:00:00,2025-02-15 20:00:00
W008973,U008973,114752.91,IDR,ACTIVE,2026-07-31 04:00:00,2026-08-23 00:00:00
W008974,U008974,104088.23,IDR,ACTIVE,2024-01-06 13:00:00,2024-07-02 13:00:00
W008975,U008975,64717.33,IDR,ACTIVE,2026-06-07 17:00:00,2026-08-23 00:00:00
W008976,U008976,180281.81,IDR,ACTIVE,2024-03-19 14:00:00,2025-05-11 14:00:00
W008977,U008977,114114.2,IDR,ACTIVE,2024-09-20 06:00:00,2025-10-31 06:00:00
W008978,U008978,31648.06,IDR,ACTIVE,2026-03-26 21:00:00,2026-04-19 21:00:00
W008979,U008979,15327.44,IDR,ACTIVE,2026-02-10 12:00:00,2026-08-23 00:00:00
W008980,U008980,23444.52,IDR,ACTIVE,2025-03-09 12:00:00,2025-11-12 12:00:00
W008981,U008981,121846.1,IDR,ACTIVE,2026-02-26 22:00:00,2026-05-14 22:00:00
W008982,U008982,80774.12,IDR,ACTIVE,2026-05-25 20:00:00,2026-08-23 00:00:00
W008983,U008983,182447.56,IDR,ACTIVE,2025-09-15 00:00:00,2026-08-23 00:00:00
W008984,U008984,89490.22,IDR,ACTIVE,2026-02-01 03:00:00,2026-08-23 00:00:00
W008985,U008985,116867.66,IDR,ACTIVE,2026-07-13 15:00:00,2026-08-23 00:00:00
W008986,U008986,73870.11,IDR,ACTIVE,2024-06-25 15:00:00,2024-06-29 15:00:00
W008987,U008987,30596.06,IDR,ACTIVE,2024-02-28 11:00:00,2025-04-04 11:00:00
W008988,U008988,29325.14,IDR,ACTIVE,2025-07-28 02:00:00,2025-09-18 02:00:00
W008989,U008989,23649.98,IDR,ACTIVE,2025-12-14 08:00:00,2026-06-20 08:00:00
W008990,U008990,30668.94,IDR,ACTIVE,2026-08-05 15:00:00,2026-08-23 00:00:00
W008991,U008991,187685.47,IDR,ACTIVE,2024-03-18 07:00:00,2024-10-27 07:00:00
W008992,U008992,102080.81,IDR,ACTIVE,2025-10-21 10:00:00,2025-11-11 10:00:00
W008993,U008993,47064.2,IDR,ACTIVE,2024-10-22 19:00:00,2025-05-25 19:00:00
W008994,U008994,83280.52,IDR,ACTIVE,2025-02-13 16:00:00,2025-03-09 16:00:00
W008995,U008995,82050.56,IDR,FROZEN,2026-02-14 18:00:00,2026-04-26 18:00:00
W008996,U008996,206428.77,IDR,ACTIVE,2025-06-01 14:00:00,2025-08-01 14:00:00
W008997,U008997,42867.39,IDR,ACTIVE,2025-01-01 13:00:00,2025-03-29 13:00:00
W008998,U008998,69742.78,IDR,ACTIVE,2026-06-17 19:00:00,2026-08-23 00:00:00
W008999,U008999,117818.58,IDR,ACTIVE,2024-10-02 11:00:00,2025-01-02 11:00:00
W009000,U009000,30331.27,IDR,ACTIVE,2024-05-05 00:00:00,2024-06-17 00:00:00
W009001,U009001,226986.43,IDR,ACTIVE,2025-08-14 20:00:00,2026-08-23 00:00:00
W009002,U009002,111994.56,IDR,ACTIVE,2026-06-17 05:00:00,2026-08-23 00:00:00
W009003,U009003,23464.21,IDR,ACTIVE,2026-02-02 10:00:00,2026-07-23 10:00:00
W009004,U009004,327096.23,IDR,ACTIVE,2026-06-30 02:00:00,2026-08-23 00:00:00
W009005,U009005,180692.96,IDR,ACTIVE,2025-07-28 04:00:00,2026-08-23 00:00:00
W009006,U009006,98191.16,IDR,CLOSED,2025-01-17 03:00:00,2025-04-24 03:00:00
W009007,U009007,10178.57,IDR,ACTIVE,2025-09-03 20:00:00,2026-08-23 00:00:00
W009008,U009008,35395.49,IDR,ACTIVE,2026-01-12 04:00:00,2026-08-23 00:00:00
W009009,U009009,65190.57,IDR,ACTIVE,2025-05-27 00:00:00,2025-07-08 00:00:00
W009010,U009010,70121.12,IDR,ACTIVE,2025-10-21 17:00:00,2025-12-25 17:00:00
W009011,U009011,60322.7,IDR,ACTIVE,2024-07-29 06:00:00,2025-06-24 06:00:00
W009012,U009012,18191.43,IDR,ACTIVE,2026-02-22 20:00:00,2026-08-23 00:00:00
W009013,U009013,44813.42,IDR,ACTIVE,2026-05-17 01:00:00,2026-08-10 01:00:00
W009014,U009014,49090.4,IDR,ACTIVE,2026-07-05 21:00:00,2026-08-23 00:00:00
W009015,U009015,8682.73,IDR,ACTIVE,2024-07-08 08:00:00,2025-09-05 08:00:00
W009016,U009016,97434.59,IDR,ACTIVE,2024-09-15 12:00:00,2025-05-14 12:00:00
W009017,U009017,257267.21,IDR,FROZEN,2026-06-20 09:00:00,2026-06-28 09:00:00
W009018,U009018,52366.46,IDR,ACTIVE,2025-12-16 03:00:00,2026-08-23 00:00:00
W009019,U009019,99243.72,IDR,ACTIVE,2024-01-15 11:00:00,2024-05-06 11:00:00
W009020,U009020,23880.14,IDR,ACTIVE,2025-03-06 03:00:00,2026-03-30 03:00:00
W009021,U009021,78592.13,IDR,ACTIVE,2025-05-06 10:00:00,2025-11-28 10:00:00
W009022,U009022,79955.21,IDR,ACTIVE,2026-05-24 22:00:00,2026-08-23 00:00:00
W009023,U009023,159546.65,IDR,ACTIVE,2024-11-12 10:00:00,2026-01-21 10:00:00
W009024,U009024,195511.76,IDR,ACTIVE,2025-05-11 05:00:00,2026-08-23 00:00:00
W009025,U009025,98006.0,IDR,ACTIVE,2026-02-22 17:00:00,2026-08-23 00:00:00
W009026,U009026,31247.19,IDR,ACTIVE,2026-02-08 10:00:00,2026-05-17 10:00:00
W009027,U009027,30234.33,IDR,ACTIVE,2024-08-08 03:00:00,2025-09-09 03:00:00
W009028,U009028,193238.84,IDR,ACTIVE,2025-02-28 08:00:00,2025-12-02 08:00:00
W009029,U009029,13202.95,IDR,FROZEN,2025-08-14 07:00:00,2026-02-23 07:00:00
W009030,U009030,19690.63,IDR,ACTIVE,2025-07-02 18:00:00,2025-09-17 18:00:00
W009031,U009031,35184.53,IDR,ACTIVE,2026-08-08 11:00:00,2026-08-23 00:00:00
W009032,U009032,90889.46,IDR,ACTIVE,2026-06-16 18:00:00,2026-08-23 00:00:00
W009033,U009033,247804.75,IDR,ACTIVE,2025-08-10 11:00:00,2026-08-23 00:00:00
W009034,U009034,271969.44,IDR,ACTIVE,2026-03-22 14:00:00,2026-08-23 00:00:00
W009035,U009035,6922.39,IDR,ACTIVE,2024-01-26 12:00:00,2024-08-09 12:00:00
W009036,U009036,76060.94,IDR,FROZEN,2026-06-18 20:00:00,2026-08-23 00:00:00
W009037,U009037,55775.61,IDR,ACTIVE,2024-04-03 22:00:00,2024-04-27 22:00:00
W009038,U009038,26781.25,IDR,ACTIVE,2024-08-14 04:00:00,2024-11-04 04:00:00
W009039,U009039,6523.21,IDR,ACTIVE,2026-01-06 13:00:00,2026-08-23 00:00:00
W009040,U009040,55409.08,IDR,ACTIVE,2026-06-29 22:00:00,2026-08-23 00:00:00
W009041,U009041,19341.81,IDR,ACTIVE,2024-06-16 01:00:00,2025-02-09 01:00:00
W009042,U009042,87524.4,IDR,ACTIVE,2026-04-27 03:00:00,2026-08-23 00:00:00
W009043,U009043,60402.24,IDR,FROZEN,2024-06-25 02:00:00,2025-08-24 02:00:00
W009044,U009044,10319.37,IDR,ACTIVE,2025-05-15 10:00:00,2025-11-03 10:00:00
W009045,U009045,47184.96,IDR,ACTIVE,2024-05-19 08:00:00,2025-09-27 08:00:00
W009046,U009046,14967.27,IDR,ACTIVE,2025-04-12 02:00:00,2026-07-15 02:00:00
W009047,U009047,72706.12,IDR,ACTIVE,2024-03-23 11:00:00,2024-05-13 11:00:00
W009048,U009048,107749.63,IDR,ACTIVE,2025-03-20 03:00:00,2025-12-23 03:00:00
W009049,U009049,39600.5,IDR,ACTIVE,2025-04-15 06:00:00,2026-08-20 06:00:00
W009050,U009050,182897.8,IDR,ACTIVE,2024-09-11 06:00:00,2025-02-06 06:00:00
W009051,U009051,74020.18,IDR,ACTIVE,2025-08-27 20:00:00,2025-10-05 20:00:00
W009052,U009052,58814.24,IDR,ACTIVE,2025-01-24 18:00:00,2026-01-24 18:00:00
W009053,U009053,59777.66,IDR,ACTIVE,2026-01-31 18:00:00,2026-08-23 00:00:00
W009054,U009054,47169.8,IDR,ACTIVE,2024-12-22 08:00:00,2025-12-14 08:00:00
W009055,U009055,45531.44,IDR,ACTIVE,2024-04-08 10:00:00,2025-02-24 10:00:00
W009056,U009056,18851.7,IDR,ACTIVE,2026-01-04 15:00:00,2026-08-23 00:00:00
W009057,U009057,230712.47,IDR,ACTIVE,2025-10-10 23:00:00,2026-04-26 23:00:00
W009058,U009058,46621.79,IDR,ACTIVE,2026-03-29 22:00:00,2026-08-23 00:00:00
W009059,U009059,271995.67,IDR,ACTIVE,2026-06-17 11:00:00,2026-08-23 00:00:00
W009060,U009060,105770.63,IDR,ACTIVE,2024-10-22 14:00:00,2025-12-22 14:00:00
W009061,U009061,50780.61,IDR,ACTIVE,2025-02-07 03:00:00,2025-10-13 03:00:00
W009062,U009062,65159.32,IDR,ACTIVE,2024-01-01 23:00:00,2024-03-10 23:00:00
W009063,U009063,107745.29,IDR,ACTIVE,2025-03-28 07:00:00,2025-08-31 07:00:00
W009064,U009064,142992.97,IDR,FROZEN,2025-06-09 22:00:00,2026-08-23 00:00:00
W009065,U009065,57879.36,IDR,ACTIVE,2026-03-11 22:00:00,2026-07-26 22:00:00
W009066,U009066,130305.95,IDR,ACTIVE,2025-01-28 20:00:00,2026-06-07 20:00:00
W009067,U009067,103890.94,IDR,ACTIVE,2025-02-24 10:00:00,2025-09-06 10:00:00
W009068,U009068,108728.11,IDR,ACTIVE,2024-11-03 19:00:00,2025-11-07 19:00:00
W009069,U009069,130696.18,IDR,ACTIVE,2024-01-20 06:00:00,2024-01-22 06:00:00
W009070,U009070,33718.94,IDR,ACTIVE,2025-05-11 04:00:00,2025-08-13 04:00:00
W009071,U009071,202920.65,IDR,ACTIVE,2026-08-10 05:00:00,2026-08-23 00:00:00
W009072,U009072,80966.34,IDR,ACTIVE,2024-10-03 14:00:00,2024-11-18 14:00:00
W009073,U009073,142580.23,IDR,ACTIVE,2026-06-28 12:00:00,2026-08-23 00:00:00
W009074,U009074,57728.18,IDR,ACTIVE,2025-03-15 06:00:00,2026-02-16 06:00:00
W009075,U009075,71797.16,IDR,ACTIVE,2024-06-26 06:00:00,2025-07-07 06:00:00
W009076,U009076,33615.55,IDR,ACTIVE,2024-01-13 11:00:00,2025-04-26 11:00:00
W009077,U009077,21858.1,IDR,ACTIVE,2026-03-08 19:00:00,2026-08-23 00:00:00
W009078,U009078,48998.55,IDR,ACTIVE,2026-06-17 14:00:00,2026-08-23 00:00:00
W009079,U009079,112646.33,IDR,CLOSED,2024-07-08 05:00:00,2025-10-20 05:00:00
W009080,U009080,34493.5,IDR,ACTIVE,2024-08-26 02:00:00,2024-09-30 02:00:00
W009081,U009081,13456.92,IDR,ACTIVE,2025-12-01 04:00:00,2026-08-23 00:00:00
W009082,U009082,168013.36,IDR,ACTIVE,2026-02-27 05:00:00,2026-08-23 00:00:00
W009083,U009083,19536.79,IDR,ACTIVE,2025-11-08 19:00:00,2026-08-23 00:00:00
W009084,U009084,78525.93,IDR,ACTIVE,2025-04-08 18:00:00,2025-07-25 18:00:00
W009085,U009085,312148.39,IDR,ACTIVE,2024-08-18 01:00:00,2025-03-21 01:00:00
W009086,U009086,1249534.47,IDR,ACTIVE,2024-07-13 13:00:00,2025-05-31 13:00:00
W009087,U009087,51213.18,IDR,ACTIVE,2026-08-01 04:00:00,2026-08-23 00:00:00
W009088,U009088,170732.71,IDR,ACTIVE,2025-05-01 22:00:00,2026-04-23 22:00:00
W009089,U009089,79615.57,IDR,ACTIVE,2024-07-11 23:00:00,2025-08-10 23:00:00
W009090,U009090,24598.08,IDR,ACTIVE,2024-08-20 15:00:00,2025-12-04 15:00:00
W009091,U009091,47389.54,IDR,CLOSED,2024-02-11 07:00:00,2024-03-20 07:00:00
W009092,U009092,37189.29,IDR,ACTIVE,2024-10-23 02:00:00,2024-11-12 02:00:00
W009093,U009093,163789.21,IDR,ACTIVE,2024-08-03 03:00:00,2024-08-18 03:00:00
W009094,U009094,297559.5,IDR,ACTIVE,2025-09-19 08:00:00,2026-04-07 08:00:00
W009095,U009095,41258.52,IDR,ACTIVE,2024-10-11 01:00:00,2025-12-05 01:00:00
W009096,U009096,13804.19,IDR,ACTIVE,2024-07-14 05:00:00,2025-06-10 05:00:00
W009097,U009097,69404.42,IDR,ACTIVE,2025-09-02 09:00:00,2026-06-28 09:00:00
W009098,U009098,26026.28,IDR,ACTIVE,2024-09-03 12:00:00,2025-12-07 12:00:00
W009099,U009099,21423.12,IDR,ACTIVE,2025-01-29 17:00:00,2026-03-20 17:00:00
W009100,U009100,31360.77,IDR,ACTIVE,2025-10-21 22:00:00,2026-04-16 22:00:00
W009101,U009101,29341.29,IDR,FROZEN,2024-02-16 00:00:00,2024-05-28 00:00:00
W009102,U009102,87169.86,IDR,ACTIVE,2026-01-01 19:00:00,2026-07-03 19:00:00
W009103,U009103,108395.19,IDR,ACTIVE,2026-02-14 15:00:00,2026-08-23 00:00:00
W009104,U009104,77664.11,IDR,ACTIVE,2025-11-30 05:00:00,2026-02-07 05:00:00
W009105,U009105,25924.01,IDR,ACTIVE,2025-03-30 22:00:00,2026-05-02 22:00:00
W009106,U009106,26555.85,IDR,ACTIVE,2024-12-07 07:00:00,2026-02-02 07:00:00
W009107,U009107,55230.75,IDR,ACTIVE,2024-04-25 05:00:00,2025-05-07 05:00:00
W009108,U009108,43324.39,IDR,ACTIVE,2026-02-06 00:00:00,2026-05-02 00:00:00
W009109,U009109,60626.1,IDR,ACTIVE,2024-08-02 06:00:00,2024-11-02 06:00:00
W009110,U009110,84371.45,IDR,ACTIVE,2025-11-03 08:00:00,2026-07-31 08:00:00
W009111,U009111,54622.99,IDR,ACTIVE,2025-11-11 17:00:00,2026-08-23 00:00:00
W009112,U009112,100122.22,IDR,FROZEN,2024-10-03 15:00:00,2025-11-02 15:00:00
W009113,U009113,71861.74,IDR,ACTIVE,2026-06-22 19:00:00,2026-08-23 00:00:00
W009114,U009114,104867.64,IDR,ACTIVE,2024-12-09 22:00:00,2025-07-20 22:00:00
W009115,U009115,20345.75,IDR,ACTIVE,2026-06-15 14:00:00,2026-08-23 00:00:00
W009116,U009116,12225.14,IDR,ACTIVE,2025-10-25 10:00:00,2026-04-02 10:00:00
W009117,U009117,25201.98,IDR,ACTIVE,2024-03-02 18:00:00,2024-08-29 18:00:00
W009118,U009118,152097.7,IDR,ACTIVE,2025-07-03 05:00:00,2026-04-12 05:00:00
W009119,U009119,72337.62,IDR,ACTIVE,2026-03-22 03:00:00,2026-07-31 03:00:00
W009120,U009120,33923.22,IDR,FROZEN,2025-10-25 07:00:00,2026-08-23 00:00:00
W009121,U009121,29791.21,IDR,FROZEN,2024-10-23 05:00:00,2026-01-13 05:00:00
W009122,U009122,111404.34,IDR,ACTIVE,2025-12-29 09:00:00,2026-06-22 09:00:00
W009123,U009123,74011.14,IDR,ACTIVE,2024-01-13 07:00:00,2024-05-24 07:00:00
W009124,U009124,17773.14,IDR,ACTIVE,2026-02-09 08:00:00,2026-08-23 00:00:00
W009125,U009125,17632.88,IDR,ACTIVE,2026-05-19 21:00:00,2026-08-23 00:00:00
W009126,U009126,101488.07,IDR,ACTIVE,2025-06-22 02:00:00,2026-01-15 02:00:00
W009127,U009127,32845.28,IDR,FROZEN,2025-10-08 23:00:00,2026-06-25 23:00:00
W009128,U009128,14385.14,IDR,ACTIVE,2025-01-05 21:00:00,2026-02-21 21:00:00
W009129,U009129,14185.7,IDR,ACTIVE,2026-08-07 17:00:00,2026-08-23 00:00:00
W009130,U009130,87264.14,IDR,ACTIVE,2024-09-10 17:00:00,2024-11-29 17:00:00
W009131,U009131,34347.33,IDR,ACTIVE,2025-06-01 05:00:00,2025-09-18 05:00:00
W009132,U009132,120268.39,IDR,ACTIVE,2024-10-22 22:00:00,2025-03-07 22:00:00
W009133,U009133,62430.02,IDR,ACTIVE,2026-08-11 08:00:00,2026-08-23 00:00:00
W009134,U009134,39756.63,IDR,ACTIVE,2024-05-31 09:00:00,2024-10-20 09:00:00
W009135,U009135,58951.0,IDR,ACTIVE,2025-07-05 21:00:00,2026-08-16 21:00:00
W009136,U009136,349113.41,IDR,ACTIVE,2025-10-01 17:00:00,2026-03-05 17:00:00
W009137,U009137,23892.16,IDR,ACTIVE,2024-06-17 11:00:00,2025-07-24 11:00:00
W009138,U009138,179142.37,IDR,ACTIVE,2024-12-24 12:00:00,2026-01-26 12:00:00
W009139,U009139,102722.94,IDR,ACTIVE,2024-02-19 23:00:00,2024-07-26 23:00:00
W009140,U009140,35836.63,IDR,ACTIVE,2025-01-04 10:00:00,2025-02-14 10:00:00
W009141,U009141,102646.12,IDR,ACTIVE,2025-02-11 08:00:00,2025-05-12 08:00:00
W009142,U009142,69675.78,IDR,ACTIVE,2026-02-19 20:00:00,2026-08-23 00:00:00
W009143,U009143,53683.52,IDR,ACTIVE,2024-12-03 04:00:00,2025-10-16 04:00:00
W009144,U009144,43019.75,IDR,ACTIVE,2026-03-14 18:00:00,2026-04-30 18:00:00
W009145,U009145,143332.44,IDR,ACTIVE,2026-03-29 04:00:00,2026-08-23 00:00:00
W009146,U009146,60804.74,IDR,CLOSED,2025-11-21 01:00:00,2026-07-24 01:00:00
W009147,U009147,25477.05,IDR,FROZEN,2024-09-07 07:00:00,2024-12-19 07:00:00
W009148,U009148,57045.3,IDR,ACTIVE,2026-02-14 02:00:00,2026-07-02 02:00:00
W009149,U009149,14869.5,IDR,ACTIVE,2025-04-20 17:00:00,2025-06-25 17:00:00
W009150,U009150,33008.14,IDR,ACTIVE,2024-06-13 12:00:00,2025-07-20 12:00:00
W009151,U009151,99347.84,IDR,ACTIVE,2026-02-22 21:00:00,2026-08-23 00:00:00
W009152,U009152,22839.32,IDR,ACTIVE,2024-03-24 04:00:00,2024-07-10 04:00:00
W009153,U009153,527526.38,IDR,ACTIVE,2026-06-24 19:00:00,2026-08-23 00:00:00
W009154,U009154,8282.8,IDR,ACTIVE,2024-02-12 08:00:00,2024-08-17 08:00:00
W009155,U009155,42187.19,IDR,ACTIVE,2025-10-12 20:00:00,2026-08-23 00:00:00
W009156,U009156,109527.5,IDR,ACTIVE,2024-02-28 10:00:00,2025-03-04 10:00:00
W009157,U009157,15400.82,IDR,ACTIVE,2024-04-17 03:00:00,2025-06-19 03:00:00
W009158,U009158,111540.27,IDR,CLOSED,2024-04-27 14:00:00,2024-07-24 14:00:00
W009159,U009159,104024.03,IDR,ACTIVE,2026-04-25 13:00:00,2026-08-23 00:00:00
W009160,U009160,45027.58,IDR,ACTIVE,2024-07-29 14:00:00,2025-06-20 14:00:00
W009161,U009161,26185.53,IDR,ACTIVE,2024-04-09 06:00:00,2024-05-09 06:00:00
W009162,U009162,60111.84,IDR,ACTIVE,2025-11-25 21:00:00,2026-07-18 21:00:00
W009163,U009163,99624.43,IDR,ACTIVE,2024-04-11 00:00:00,2024-08-12 00:00:00
W009164,U009164,27984.92,IDR,ACTIVE,2024-02-04 19:00:00,2025-02-09 19:00:00
W009165,U009165,53161.21,IDR,ACTIVE,2026-02-08 08:00:00,2026-08-23 00:00:00
W009166,U009166,16016.01,IDR,ACTIVE,2025-04-23 12:00:00,2025-07-14 12:00:00
W009167,U009167,128349.28,IDR,ACTIVE,2024-03-08 22:00:00,2024-11-08 22:00:00
W009168,U009168,285483.85,IDR,ACTIVE,2024-03-11 06:00:00,2024-12-24 06:00:00
W009169,U009169,38319.14,IDR,CLOSED,2025-09-05 19:00:00,2025-10-19 19:00:00
W009170,U009170,30892.22,IDR,ACTIVE,2025-04-01 20:00:00,2026-01-24 20:00:00
W009171,U009171,157983.92,IDR,ACTIVE,2024-12-30 17:00:00,2026-04-21 17:00:00
W009172,U009172,154982.94,IDR,ACTIVE,2025-12-08 16:00:00,2026-08-23 00:00:00
W009173,U009173,114735.38,IDR,ACTIVE,2024-03-16 18:00:00,2025-05-11 18:00:00
W009174,U009174,19657.05,IDR,ACTIVE,2024-07-17 16:00:00,2025-09-20 16:00:00
W009175,U009175,5274.86,IDR,ACTIVE,2025-07-11 06:00:00,2026-08-23 00:00:00
W009176,U009176,51016.15,IDR,FROZEN,2024-05-14 10:00:00,2024-05-20 10:00:00
W009177,U009177,1052950.54,IDR,FROZEN,2026-03-24 07:00:00,2026-08-23 00:00:00
W009178,U009178,87452.51,IDR,ACTIVE,2025-12-08 09:00:00,2026-08-23 00:00:00
W009179,U009179,38510.3,IDR,ACTIVE,2025-11-13 10:00:00,2026-05-05 10:00:00
W009180,U009180,151672.53,IDR,ACTIVE,2024-12-04 11:00:00,2024-12-22 11:00:00
W009181,U009181,32076.53,IDR,ACTIVE,2024-04-29 16:00:00,2024-06-28 16:00:00
W009182,U009182,12527.35,IDR,ACTIVE,2026-06-11 03:00:00,2026-08-23 00:00:00
W009183,U009183,38380.34,IDR,ACTIVE,2026-02-26 08:00:00,2026-08-23 00:00:00
W009184,U009184,80155.77,IDR,ACTIVE,2025-03-03 14:00:00,2026-07-12 14:00:00
W009185,U009185,22542.91,IDR,ACTIVE,2025-01-29 10:00:00,2025-08-19 10:00:00
W009186,U009186,72612.33,IDR,ACTIVE,2025-09-30 13:00:00,2025-12-21 13:00:00
W009187,U009187,50759.08,IDR,ACTIVE,2024-12-12 15:00:00,2026-04-04 15:00:00
W009188,U009188,278261.77,IDR,ACTIVE,2026-05-14 12:00:00,2026-08-23 00:00:00
W009189,U009189,132929.88,IDR,ACTIVE,2025-09-17 21:00:00,2026-05-11 21:00:00
W009190,U009190,597213.94,IDR,ACTIVE,2025-01-22 05:00:00,2025-06-29 05:00:00
W009191,U009191,18644.52,IDR,ACTIVE,2026-01-22 16:00:00,2026-08-23 00:00:00
W009192,U009192,187309.26,IDR,ACTIVE,2025-05-29 09:00:00,2025-10-13 09:00:00
W009193,U009193,9424.44,IDR,ACTIVE,2024-06-14 13:00:00,2025-09-01 13:00:00
W009194,U009194,144925.03,IDR,ACTIVE,2024-08-06 02:00:00,2025-08-04 02:00:00
W009195,U009195,12024.18,IDR,ACTIVE,2025-04-20 18:00:00,2026-02-22 18:00:00
W009196,U009196,109880.76,IDR,ACTIVE,2026-06-26 10:00:00,2026-08-23 00:00:00
W009197,U009197,73502.71,IDR,ACTIVE,2026-05-27 01:00:00,2026-07-01 01:00:00
W009198,U009198,81648.87,IDR,FROZEN,2025-09-30 08:00:00,2026-04-15 08:00:00
W009199,U009199,8413.31,IDR,ACTIVE,2024-03-27 06:00:00,2024-07-29 06:00:00
W009200,U009200,102244.37,IDR,ACTIVE,2025-07-07 08:00:00,2025-12-18 08:00:00
W009201,U009201,12464.04,IDR,ACTIVE,2025-03-10 09:00:00,2025-08-27 09:00:00
W009202,U009202,279294.54,IDR,ACTIVE,2025-07-11 02:00:00,2025-09-13 02:00:00
W009203,U009203,30445.7,IDR,ACTIVE,2024-02-27 04:00:00,2024-05-08 04:00:00
W009204,U009204,4831.95,IDR,ACTIVE,2026-02-20 19:00:00,2026-08-23 00:00:00
W009205,U009205,41164.75,IDR,ACTIVE,2024-02-20 16:00:00,2025-01-16 16:00:00
W009206,U009206,184389.62,IDR,ACTIVE,2024-08-07 09:00:00,2025-05-20 09:00:00
W009207,U009207,62010.46,IDR,ACTIVE,2025-04-27 06:00:00,2025-06-06 06:00:00
W009208,U009208,63004.9,IDR,ACTIVE,2024-09-26 01:00:00,2026-01-30 01:00:00
W009209,U009209,91672.99,IDR,ACTIVE,2025-11-21 19:00:00,2026-03-26 19:00:00
W009210,U009210,23846.89,IDR,ACTIVE,2024-05-27 17:00:00,2025-03-16 17:00:00
W009211,U009211,30084.69,IDR,ACTIVE,2024-05-09 19:00:00,2025-05-08 19:00:00
W009212,U009212,64899.54,IDR,ACTIVE,2025-02-28 00:00:00,2025-12-14 00:00:00
W009213,U009213,303420.83,IDR,ACTIVE,2025-04-13 04:00:00,2026-03-13 04:00:00
W009214,U009214,120117.26,IDR,ACTIVE,2025-02-05 04:00:00,2026-02-04 04:00:00
W009215,U009215,128477.95,IDR,CLOSED,2024-06-27 05:00:00,2025-06-29 05:00:00
W009216,U009216,203765.38,IDR,ACTIVE,2026-02-19 02:00:00,2026-08-23 00:00:00
W009217,U009217,152307.47,IDR,ACTIVE,2024-12-25 13:00:00,2025-07-21 13:00:00
W009218,U009218,114290.41,IDR,ACTIVE,2025-12-22 14:00:00,2026-01-14 14:00:00
W009219,U009219,50235.23,IDR,ACTIVE,2025-04-03 12:00:00,2026-06-22 12:00:00
W009220,U009220,7354.63,IDR,ACTIVE,2025-01-16 06:00:00,2026-01-07 06:00:00
W009221,U009221,22225.21,IDR,ACTIVE,2025-10-21 05:00:00,2026-07-30 05:00:00
W009222,U009222,24977.06,IDR,ACTIVE,2024-04-02 12:00:00,2025-03-30 12:00:00
W009223,U009223,169004.32,IDR,ACTIVE,2025-02-10 14:00:00,2025-07-08 14:00:00
W009224,U009224,99582.4,IDR,ACTIVE,2025-11-18 21:00:00,2026-08-23 00:00:00
W009225,U009225,4930.37,IDR,ACTIVE,2026-06-10 21:00:00,2026-06-13 21:00:00
W009226,U009226,60487.84,IDR,ACTIVE,2024-02-06 21:00:00,2024-10-09 21:00:00
W009227,U009227,7382.68,IDR,ACTIVE,2024-10-25 07:00:00,2025-04-10 07:00:00
W009228,U009228,49989.16,IDR,ACTIVE,2025-10-25 09:00:00,2026-08-18 09:00:00
W009229,U009229,156641.65,IDR,ACTIVE,2025-01-21 13:00:00,2025-04-25 13:00:00
W009230,U009230,99371.65,IDR,ACTIVE,2024-07-13 21:00:00,2025-09-10 21:00:00
W009231,U009231,41806.2,IDR,ACTIVE,2026-07-14 11:00:00,2026-08-23 00:00:00
W009232,U009232,69697.44,IDR,ACTIVE,2024-02-03 23:00:00,2024-04-02 23:00:00
W009233,U009233,30575.95,IDR,ACTIVE,2025-12-16 02:00:00,2026-04-06 02:00:00
W009234,U009234,17282.81,IDR,ACTIVE,2025-07-05 10:00:00,2026-08-23 00:00:00
W009235,U009235,28660.32,IDR,ACTIVE,2025-04-04 01:00:00,2025-06-03 01:00:00
W009236,U009236,140372.35,IDR,ACTIVE,2025-08-13 10:00:00,2025-12-04 10:00:00
W009237,U009237,192209.21,IDR,ACTIVE,2024-08-29 21:00:00,2024-12-08 21:00:00
W009238,U009238,148617.23,IDR,ACTIVE,2025-06-07 23:00:00,2025-10-17 23:00:00
W009239,U009239,131175.07,IDR,ACTIVE,2024-06-26 13:00:00,2025-04-19 13:00:00
W009240,U009240,20682.22,IDR,FROZEN,2024-02-13 14:00:00,2024-03-15 14:00:00
W009241,U009241,45439.0,IDR,ACTIVE,2024-06-09 15:00:00,2025-04-29 15:00:00
W009242,U009242,49923.35,IDR,ACTIVE,2024-02-22 13:00:00,2024-07-23 13:00:00
W009243,U009243,36556.86,IDR,ACTIVE,2025-04-26 00:00:00,2025-08-11 00:00:00
W009244,U009244,22417.7,IDR,ACTIVE,2025-11-13 02:00:00,2026-03-30 02:00:00
W009245,U009245,73235.57,IDR,ACTIVE,2024-11-08 05:00:00,2025-02-09 05:00:00
W009246,U009246,70528.83,IDR,ACTIVE,2025-05-05 02:00:00,2026-03-18 02:00:00
W009247,U009247,44116.22,IDR,ACTIVE,2024-07-13 08:00:00,2025-10-21 08:00:00
W009248,U009248,247309.75,IDR,ACTIVE,2025-05-01 22:00:00,2026-01-08 22:00:00
W009249,U009249,38290.06,IDR,ACTIVE,2025-10-03 00:00:00,2026-08-23 00:00:00
W009250,U009250,53166.25,IDR,ACTIVE,2025-05-27 11:00:00,2025-11-06 11:00:00
W009251,U009251,15168.14,IDR,ACTIVE,2025-05-07 05:00:00,2025-06-27 05:00:00
W009252,U009252,115817.94,IDR,ACTIVE,2024-07-17 23:00:00,2025-07-29 23:00:00
W009253,U009253,184743.5,IDR,ACTIVE,2026-04-11 17:00:00,2026-08-23 00:00:00
W009254,U009254,13538.35,IDR,ACTIVE,2026-06-21 11:00:00,2026-08-23 00:00:00
W009255,U009255,92090.73,IDR,ACTIVE,2024-10-11 04:00:00,2025-04-27 04:00:00
W009256,U009256,41841.71,IDR,ACTIVE,2024-10-31 09:00:00,2025-12-13 09:00:00
W009257,U009257,123027.53,IDR,ACTIVE,2025-06-02 00:00:00,2025-11-29 00:00:00
W009258,U009258,75284.76,IDR,ACTIVE,2024-02-15 06:00:00,2025-02-21 06:00:00
W009259,U009259,75427.47,IDR,ACTIVE,2026-02-12 01:00:00,2026-08-23 00:00:00
W009260,U009260,70306.66,IDR,ACTIVE,2025-12-01 04:00:00,2026-08-23 00:00:00
W009261,U009261,328001.94,IDR,ACTIVE,2025-02-08 09:00:00,2026-03-15 09:00:00
W009262,U009262,17417.06,IDR,ACTIVE,2025-07-12 18:00:00,2025-10-22 18:00:00
W009263,U009263,7483.17,IDR,ACTIVE,2026-02-05 04:00:00,2026-08-23 00:00:00
W009264,U009264,117379.77,IDR,ACTIVE,2025-03-21 17:00:00,2026-02-08 17:00:00
W009265,U009265,20813.6,IDR,FROZEN,2025-01-18 23:00:00,2026-01-17 23:00:00
W009266,U009266,126179.59,IDR,ACTIVE,2025-03-16 13:00:00,2026-06-07 13:00:00
W009267,U009267,111929.32,IDR,ACTIVE,2025-11-07 16:00:00,2026-08-23 00:00:00
W009268,U009268,28105.43,IDR,ACTIVE,2026-04-08 00:00:00,2026-05-28 00:00:00
W009269,U009269,795916.16,IDR,ACTIVE,2025-04-07 12:00:00,2026-02-24 12:00:00
W009270,U009270,226812.8,IDR,ACTIVE,2025-12-13 10:00:00,2026-08-23 00:00:00
W009271,U009271,54835.65,IDR,ACTIVE,2026-07-13 05:00:00,2026-08-23 00:00:00
W009272,U009272,71844.44,IDR,CLOSED,2026-06-25 09:00:00,2026-08-23 00:00:00
W009273,U009273,173792.14,IDR,ACTIVE,2024-02-05 23:00:00,2024-05-15 23:00:00
W009274,U009274,18606.74,IDR,ACTIVE,2024-09-01 10:00:00,2024-11-29 10:00:00
W009275,U009275,92629.0,IDR,ACTIVE,2025-07-06 06:00:00,2026-07-23 06:00:00
W009276,U009276,53771.33,IDR,ACTIVE,2025-11-07 03:00:00,2026-08-23 00:00:00
W009277,U009277,235769.14,IDR,ACTIVE,2024-04-04 03:00:00,2024-11-11 03:00:00
W009278,U009278,10896.19,IDR,ACTIVE,2025-01-27 20:00:00,2025-09-11 20:00:00
W009279,U009279,76907.03,IDR,ACTIVE,2026-05-25 14:00:00,2026-08-23 00:00:00
W009280,U009280,18514.35,IDR,ACTIVE,2025-07-14 15:00:00,2026-08-23 00:00:00
W009281,U009281,94068.21,IDR,ACTIVE,2024-07-13 22:00:00,2024-09-22 22:00:00
W009282,U009282,62308.26,IDR,ACTIVE,2024-12-04 01:00:00,2026-02-24 01:00:00
W009283,U009283,69274.79,IDR,ACTIVE,2024-12-27 20:00:00,2026-03-09 20:00:00
W009284,U009284,134012.92,IDR,ACTIVE,2026-03-01 01:00:00,2026-06-02 01:00:00
W009285,U009285,103765.38,IDR,FROZEN,2026-06-11 19:00:00,2026-08-23 00:00:00
W009286,U009286,31076.36,IDR,ACTIVE,2025-10-25 14:00:00,2026-08-12 14:00:00
W009287,U009287,8591.96,IDR,ACTIVE,2025-02-17 07:00:00,2025-12-22 07:00:00
W009288,U009288,11974.06,IDR,ACTIVE,2025-06-07 15:00:00,2026-06-17 15:00:00
W009289,U009289,32327.64,IDR,ACTIVE,2025-07-05 16:00:00,2026-08-23 00:00:00
W009290,U009290,70716.8,IDR,ACTIVE,2024-06-29 01:00:00,2025-10-18 01:00:00
W009291,U009291,56890.19,IDR,ACTIVE,2024-06-19 16:00:00,2024-12-25 16:00:00
W009292,U009292,73028.35,IDR,ACTIVE,2025-11-15 03:00:00,2026-08-23 00:00:00
W009293,U009293,180789.58,IDR,ACTIVE,2024-12-22 19:00:00,2025-01-03 19:00:00
W009294,U009294,33936.68,IDR,ACTIVE,2024-09-09 11:00:00,2025-11-25 11:00:00
W009295,U009295,124801.74,IDR,CLOSED,2024-07-20 05:00:00,2025-10-14 05:00:00
W009296,U009296,68102.64,IDR,ACTIVE,2025-12-19 17:00:00,2026-08-23 00:00:00
W009297,U009297,201510.66,IDR,ACTIVE,2025-03-06 16:00:00,2025-07-28 16:00:00
W009298,U009298,75818.48,IDR,ACTIVE,2025-08-29 01:00:00,2026-02-02 01:00:00
W009299,U009299,288049.17,IDR,ACTIVE,2024-09-10 09:00:00,2025-05-23 09:00:00
W009300,U009300,113588.45,IDR,ACTIVE,2026-02-22 08:00:00,2026-02-25 08:00:00
W009301,U009301,159198.68,IDR,ACTIVE,2024-08-01 16:00:00,2025-10-15 16:00:00
W009302,U009302,32656.39,IDR,ACTIVE,2026-07-27 14:00:00,2026-08-23 00:00:00
W009303,U009303,196812.07,IDR,ACTIVE,2025-03-31 11:00:00,2026-06-07 11:00:00
W009304,U009304,293992.29,IDR,ACTIVE,2024-07-28 10:00:00,2025-07-20 10:00:00
W009305,U009305,100662.68,IDR,ACTIVE,2025-02-28 19:00:00,2025-12-26 19:00:00
W009306,U009306,45965.69,IDR,FROZEN,2024-11-22 04:00:00,2025-09-20 04:00:00
W009307,U009307,164615.59,IDR,ACTIVE,2025-12-10 20:00:00,2026-03-22 20:00:00
W009308,U009308,123374.6,IDR,ACTIVE,2026-03-19 20:00:00,2026-08-23 00:00:00
W009309,U009309,410826.93,IDR,ACTIVE,2025-10-13 01:00:00,2026-08-23 00:00:00
W009310,U009310,97140.33,IDR,ACTIVE,2025-06-19 12:00:00,2026-03-29 12:00:00
W009311,U009311,54335.23,IDR,ACTIVE,2024-08-04 09:00:00,2025-07-15 09:00:00
W009312,U009312,67129.56,IDR,ACTIVE,2025-11-16 09:00:00,2026-08-23 00:00:00
W009313,U009313,27236.76,IDR,ACTIVE,2025-02-04 12:00:00,2026-01-23 12:00:00
W009314,U009314,44697.95,IDR,ACTIVE,2025-08-17 07:00:00,2025-08-22 07:00:00
W009315,U009315,10273.19,IDR,ACTIVE,2024-04-18 22:00:00,2025-08-31 22:00:00
W009316,U009316,52298.84,IDR,ACTIVE,2024-06-24 09:00:00,2025-02-20 09:00:00
W009317,U009317,168598.69,IDR,ACTIVE,2024-10-10 19:00:00,2024-11-30 19:00:00
W009318,U009318,466211.88,IDR,ACTIVE,2026-05-20 03:00:00,2026-08-23 00:00:00
W009319,U009319,42386.83,IDR,ACTIVE,2025-12-05 20:00:00,2026-08-23 00:00:00
W009320,U009320,108658.29,IDR,ACTIVE,2025-07-17 05:00:00,2026-08-13 05:00:00
W009321,U009321,54320.07,IDR,ACTIVE,2024-11-23 09:00:00,2025-02-01 09:00:00
W009322,U009322,41626.81,IDR,ACTIVE,2025-11-29 12:00:00,2026-08-07 12:00:00
W009323,U009323,21662.23,IDR,ACTIVE,2024-07-22 08:00:00,2024-09-12 08:00:00
W009324,U009324,261747.0,IDR,ACTIVE,2025-03-04 10:00:00,2025-07-05 10:00:00
W009325,U009325,13411.99,IDR,ACTIVE,2026-03-15 08:00:00,2026-08-23 00:00:00
W009326,U009326,1817.02,IDR,ACTIVE,2025-12-07 23:00:00,2026-06-17 23:00:00
W009327,U009327,90582.19,IDR,ACTIVE,2024-02-12 17:00:00,2024-08-05 17:00:00
W009328,U009328,16277.58,IDR,ACTIVE,2026-04-26 06:00:00,2026-08-23 00:00:00
W009329,U009329,34986.27,IDR,ACTIVE,2026-08-02 03:00:00,2026-08-23 00:00:00
W009330,U009330,245749.85,IDR,FROZEN,2024-09-26 07:00:00,2025-04-17 07:00:00
W009331,U009331,21022.19,IDR,ACTIVE,2024-05-12 20:00:00,2025-05-08 20:00:00
W009332,U009332,82133.76,IDR,ACTIVE,2026-03-22 03:00:00,2026-08-23 00:00:00
W009333,U009333,197609.27,IDR,ACTIVE,2025-01-17 16:00:00,2025-07-24 16:00:00
W009334,U009334,87679.34,IDR,ACTIVE,2024-11-23 11:00:00,2026-02-15 11:00:00
W009335,U009335,91982.14,IDR,ACTIVE,2024-06-27 09:00:00,2024-08-02 09:00:00
W009336,U009336,86407.94,IDR,ACTIVE,2024-02-16 03:00:00,2024-09-23 03:00:00
W009337,U009337,16287.06,IDR,CLOSED,2024-01-24 15:00:00,2024-06-26 15:00:00
W009338,U009338,155444.4,IDR,FROZEN,2024-01-06 17:00:00,2024-03-29 17:00:00
W009339,U009339,191327.58,IDR,ACTIVE,2024-01-20 13:00:00,2024-12-11 13:00:00
W009340,U009340,77032.2,IDR,ACTIVE,2024-02-07 08:00:00,2025-02-15 08:00:00
W009341,U009341,65238.63,IDR,ACTIVE,2026-04-30 06:00:00,2026-07-27 06:00:00
W009342,U009342,15538.09,IDR,ACTIVE,2026-03-13 02:00:00,2026-03-18 02:00:00
W009343,U009343,27895.77,IDR,ACTIVE,2026-04-20 02:00:00,2026-05-03 02:00:00
W009344,U009344,84567.86,IDR,ACTIVE,2025-06-10 21:00:00,2026-08-23 00:00:00
W009345,U009345,10884.39,IDR,ACTIVE,2024-03-09 16:00:00,2024-06-20 16:00:00
W009346,U009346,25517.3,IDR,ACTIVE,2025-09-01 03:00:00,2026-08-23 00:00:00
W009347,U009347,43086.1,IDR,ACTIVE,2024-10-04 18:00:00,2025-09-10 18:00:00
W009348,U009348,19010.52,IDR,ACTIVE,2024-06-11 08:00:00,2024-07-20 08:00:00
W009349,U009349,26208.26,IDR,ACTIVE,2024-03-02 02:00:00,2024-04-16 02:00:00
W009350,U009350,91620.34,IDR,ACTIVE,2024-03-14 04:00:00,2024-04-06 04:00:00
W009351,U009351,53465.01,IDR,ACTIVE,2024-08-15 20:00:00,2025-04-04 20:00:00
W009352,U009352,119019.32,IDR,ACTIVE,2025-02-10 14:00:00,2025-06-22 14:00:00
W009353,U009353,41085.52,IDR,ACTIVE,2026-07-30 17:00:00,2026-08-23 00:00:00
W009354,U009354,52706.74,IDR,ACTIVE,2025-03-22 21:00:00,2025-11-20 21:00:00
W009355,U009355,75250.07,IDR,ACTIVE,2025-11-30 13:00:00,2026-01-18 13:00:00
W009356,U009356,27560.21,IDR,ACTIVE,2026-05-21 08:00:00,2026-08-23 00:00:00
W009357,U009357,97377.77,IDR,ACTIVE,2026-03-04 06:00:00,2026-08-23 00:00:00
W009358,U009358,21900.41,IDR,ACTIVE,2024-04-29 01:00:00,2024-08-02 01:00:00
W009359,U009359,30458.48,IDR,ACTIVE,2025-11-11 02:00:00,2026-02-07 02:00:00
W009360,U009360,35746.8,IDR,ACTIVE,2026-02-22 10:00:00,2026-08-23 00:00:00
W009361,U009361,32290.03,IDR,ACTIVE,2026-08-09 17:00:00,2026-08-23 00:00:00
W009362,U009362,63041.73,IDR,ACTIVE,2025-12-08 15:00:00,2026-08-23 00:00:00
W009363,U009363,32378.93,IDR,ACTIVE,2024-09-05 16:00:00,2026-01-13 16:00:00
W009364,U009364,48980.76,IDR,ACTIVE,2025-02-17 23:00:00,2025-10-30 23:00:00
W009365,U009365,177961.29,IDR,ACTIVE,2025-11-12 18:00:00,2026-02-12 18:00:00
W009366,U009366,195923.69,IDR,FROZEN,2025-11-16 16:00:00,2026-08-23 00:00:00
W009367,U009367,3009.11,IDR,ACTIVE,2026-01-20 14:00:00,2026-06-06 14:00:00
W009368,U009368,91518.02,IDR,ACTIVE,2024-04-18 06:00:00,2024-11-13 06:00:00
W009369,U009369,8978.81,IDR,ACTIVE,2025-09-05 09:00:00,2025-11-27 09:00:00
W009370,U009370,98084.88,IDR,ACTIVE,2024-12-09 08:00:00,2025-03-10 08:00:00
W009371,U009371,147954.12,IDR,ACTIVE,2025-06-17 09:00:00,2026-05-30 09:00:00
W009372,U009372,37446.62,IDR,CLOSED,2024-08-08 01:00:00,2025-12-06 01:00:00
W009373,U009373,202005.81,IDR,ACTIVE,2024-10-13 12:00:00,2025-08-28 12:00:00
W009374,U009374,28367.79,IDR,ACTIVE,2025-01-22 20:00:00,2025-07-04 20:00:00
W009375,U009375,167901.11,IDR,ACTIVE,2025-06-16 09:00:00,2026-01-06 09:00:00
W009376,U009376,143772.92,IDR,ACTIVE,2024-06-28 13:00:00,2025-05-04 13:00:00
W009377,U009377,14735.27,IDR,ACTIVE,2025-04-20 04:00:00,2026-08-04 04:00:00
W009378,U009378,40512.25,IDR,ACTIVE,2025-08-14 15:00:00,2026-08-23 00:00:00
W009379,U009379,12669.63,IDR,ACTIVE,2026-04-20 05:00:00,2026-08-23 00:00:00
W009380,U009380,19443.58,IDR,ACTIVE,2026-02-02 04:00:00,2026-04-10 04:00:00
W009381,U009381,209640.91,IDR,ACTIVE,2024-03-12 22:00:00,2024-05-10 22:00:00
W009382,U009382,97529.75,IDR,ACTIVE,2025-02-23 16:00:00,2026-01-20 16:00:00
W009383,U009383,32046.97,IDR,ACTIVE,2024-10-21 00:00:00,2025-07-08 00:00:00
W009384,U009384,9401.66,IDR,ACTIVE,2026-04-13 22:00:00,2026-08-14 22:00:00
W009385,U009385,12125.23,IDR,FROZEN,2024-02-12 09:00:00,2025-03-04 09:00:00
W009386,U009386,49710.64,IDR,ACTIVE,2025-10-26 08:00:00,2026-04-23 08:00:00
W009387,U009387,222331.9,IDR,ACTIVE,2025-02-27 18:00:00,2025-10-10 18:00:00
W009388,U009388,126637.99,IDR,ACTIVE,2025-03-08 01:00:00,2025-12-14 01:00:00
W009389,U009389,51599.09,IDR,ACTIVE,2025-11-22 18:00:00,2026-08-23 00:00:00
W009390,U009390,51722.66,IDR,ACTIVE,2025-04-26 00:00:00,2026-04-13 00:00:00
W009391,U009391,76377.29,IDR,ACTIVE,2026-05-19 16:00:00,2026-08-23 00:00:00
W009392,U009392,180794.0,IDR,ACTIVE,2025-01-06 12:00:00,2025-12-30 12:00:00
W009393,U009393,23174.01,IDR,ACTIVE,2024-10-18 16:00:00,2024-11-10 16:00:00
W009394,U009394,75006.13,IDR,ACTIVE,2026-01-12 17:00:00,2026-06-16 17:00:00
W009395,U009395,18579.48,IDR,ACTIVE,2024-01-11 00:00:00,2025-05-02 00:00:00
W009396,U009396,69345.96,IDR,ACTIVE,2025-08-05 14:00:00,2026-04-26 14:00:00
W009397,U009397,50954.44,IDR,ACTIVE,2026-03-24 13:00:00,2026-08-23 00:00:00
W009398,U009398,13101.56,IDR,ACTIVE,2026-02-14 21:00:00,2026-08-23 00:00:00
W009399,U009399,76420.48,IDR,ACTIVE,2024-09-23 22:00:00,2025-12-31 22:00:00
W009400,U009400,35889.64,IDR,ACTIVE,2026-07-28 19:00:00,2026-08-23 00:00:00
W009401,U009401,40346.11,IDR,ACTIVE,2024-11-18 03:00:00,2025-11-03 03:00:00
W009402,U009402,25446.18,IDR,ACTIVE,2024-09-26 09:00:00,2025-11-13 09:00:00
W009403,U009403,67662.3,IDR,ACTIVE,2024-07-31 19:00:00,2024-08-28 19:00:00
W009404,U009404,63215.44,IDR,ACTIVE,2025-05-03 09:00:00,2025-12-22 09:00:00
W009405,U009405,120086.78,IDR,ACTIVE,2024-07-10 02:00:00,2025-01-03 02:00:00
W009406,U009406,85214.62,IDR,ACTIVE,2025-03-25 15:00:00,2026-02-12 15:00:00
W009407,U009407,25701.62,IDR,ACTIVE,2025-02-07 05:00:00,2025-08-31 05:00:00
W009408,U009408,126997.29,IDR,ACTIVE,2026-01-22 00:00:00,2026-08-23 00:00:00
W009409,U009409,163211.59,IDR,ACTIVE,2024-06-21 00:00:00,2025-09-22 00:00:00
W009410,U009410,28970.93,IDR,FROZEN,2024-01-13 04:00:00,2024-05-19 04:00:00
W009411,U009411,43140.28,IDR,ACTIVE,2026-05-03 16:00:00,2026-07-17 16:00:00
W009412,U009412,35071.96,IDR,ACTIVE,2025-07-29 21:00:00,2025-08-06 21:00:00
W009413,U009413,60666.37,IDR,ACTIVE,2025-09-12 21:00:00,2026-08-03 21:00:00
W009414,U009414,26828.56,IDR,ACTIVE,2025-11-03 19:00:00,2026-07-02 19:00:00
W009415,U009415,117619.77,IDR,ACTIVE,2026-01-18 00:00:00,2026-08-21 00:00:00
W009416,U009416,21914.25,IDR,ACTIVE,2026-05-25 15:00:00,2026-08-23 00:00:00
W009417,U009417,39635.68,IDR,ACTIVE,2026-02-17 04:00:00,2026-08-23 00:00:00
W009418,U009418,82260.97,IDR,CLOSED,2026-06-30 13:00:00,2026-08-23 00:00:00
W009419,U009419,60654.19,IDR,ACTIVE,2025-05-15 10:00:00,2025-08-26 10:00:00
W009420,U009420,63689.94,IDR,FROZEN,2026-02-01 19:00:00,2026-04-17 19:00:00
W009421,U009421,19853.5,IDR,ACTIVE,2026-06-09 05:00:00,2026-08-23 00:00:00
W009422,U009422,51420.34,IDR,FROZEN,2024-07-27 03:00:00,2024-09-30 03:00:00
W009423,U009423,155398.84,IDR,ACTIVE,2025-12-30 17:00:00,2026-02-20 17:00:00
W009424,U009424,111311.36,IDR,ACTIVE,2024-08-09 19:00:00,2024-08-19 19:00:00
W009425,U009425,43855.85,IDR,FROZEN,2024-04-29 10:00:00,2025-06-22 10:00:00
W009426,U009426,59614.35,IDR,ACTIVE,2025-10-07 06:00:00,2026-08-23 00:00:00
W009427,U009427,71491.11,IDR,ACTIVE,2025-11-01 22:00:00,2026-08-23 00:00:00
W009428,U009428,204954.85,IDR,ACTIVE,2025-08-13 07:00:00,2025-11-06 07:00:00
W009429,U009429,37523.38,IDR,ACTIVE,2025-04-20 04:00:00,2025-08-13 04:00:00
W009430,U009430,109511.96,IDR,ACTIVE,2026-06-27 08:00:00,2026-08-23 00:00:00
W009431,U009431,60518.07,IDR,ACTIVE,2024-05-17 02:00:00,2025-08-20 02:00:00
W009432,U009432,154959.97,IDR,ACTIVE,2024-10-29 01:00:00,2025-07-20 01:00:00
W009433,U009433,172962.26,IDR,ACTIVE,2026-05-30 17:00:00,2026-08-23 00:00:00
W009434,U009434,64361.31,IDR,ACTIVE,2024-05-04 21:00:00,2024-06-14 21:00:00
W009435,U009435,32244.15,IDR,ACTIVE,2025-01-26 17:00:00,2025-11-21 17:00:00
W009436,U009436,149976.05,IDR,ACTIVE,2026-02-14 19:00:00,2026-07-02 19:00:00
W009437,U009437,58356.42,IDR,ACTIVE,2025-03-27 21:00:00,2025-06-20 21:00:00
W009438,U009438,16682.02,IDR,ACTIVE,2025-09-04 05:00:00,2025-12-22 05:00:00
W009439,U009439,13363.54,IDR,ACTIVE,2025-03-07 06:00:00,2025-05-10 06:00:00
W009440,U009440,58631.07,IDR,ACTIVE,2025-12-11 16:00:00,2026-08-23 00:00:00
W009441,U009441,5322.95,IDR,ACTIVE,2025-12-09 09:00:00,2026-07-14 09:00:00
W009442,U009442,35661.78,IDR,ACTIVE,2024-04-24 03:00:00,2025-02-26 03:00:00
W009443,U009443,161779.11,IDR,ACTIVE,2026-04-30 18:00:00,2026-08-23 00:00:00
W009444,U009444,197009.37,IDR,ACTIVE,2025-01-10 01:00:00,2025-09-27 01:00:00
W009445,U009445,161893.36,IDR,ACTIVE,2025-10-22 03:00:00,2026-08-23 00:00:00
W009446,U009446,59795.91,IDR,ACTIVE,2026-04-24 12:00:00,2026-08-02 12:00:00
W009447,U009447,25516.27,IDR,ACTIVE,2025-11-10 03:00:00,2026-03-12 03:00:00
W009448,U009448,181352.49,IDR,ACTIVE,2025-12-23 07:00:00,2026-08-08 07:00:00
W009449,U009449,69019.75,IDR,ACTIVE,2025-08-26 10:00:00,2026-08-23 00:00:00
W009450,U009450,16185.62,IDR,ACTIVE,2026-07-23 05:00:00,2026-08-23 00:00:00
W009451,U009451,63165.57,IDR,ACTIVE,2025-02-14 11:00:00,2026-01-18 11:00:00
W009452,U009452,151764.58,IDR,ACTIVE,2025-04-22 09:00:00,2025-08-31 09:00:00
W009453,U009453,8112.51,IDR,ACTIVE,2024-09-19 04:00:00,2024-12-07 04:00:00
W009454,U009454,49601.8,IDR,ACTIVE,2026-04-14 00:00:00,2026-08-23 00:00:00
W009455,U009455,225341.49,IDR,ACTIVE,2026-03-26 08:00:00,2026-08-23 00:00:00
W009456,U009456,59470.48,IDR,ACTIVE,2026-01-25 21:00:00,2026-08-23 00:00:00
W009457,U009457,19991.69,IDR,ACTIVE,2026-01-19 15:00:00,2026-08-23 00:00:00
W009458,U009458,134196.52,IDR,FROZEN,2024-07-23 08:00:00,2024-10-15 08:00:00
W009459,U009459,99527.64,IDR,ACTIVE,2026-07-31 21:00:00,2026-08-23 00:00:00
W009460,U009460,69040.72,IDR,ACTIVE,2025-05-02 21:00:00,2026-07-16 21:00:00
W009461,U009461,20622.25,IDR,ACTIVE,2024-10-19 06:00:00,2024-11-04 06:00:00
W009462,U009462,78719.48,IDR,ACTIVE,2024-06-05 15:00:00,2024-10-12 15:00:00
W009463,U009463,109568.4,IDR,ACTIVE,2025-07-23 11:00:00,2026-06-19 11:00:00
W009464,U009464,16095.27,IDR,ACTIVE,2024-03-05 16:00:00,2024-06-21 16:00:00
W009465,U009465,75653.19,IDR,ACTIVE,2025-08-18 08:00:00,2026-08-23 00:00:00
W009466,U009466,45315.13,IDR,ACTIVE,2024-08-21 04:00:00,2025-08-31 04:00:00
W009467,U009467,11473.05,IDR,ACTIVE,2025-06-06 01:00:00,2025-12-27 01:00:00
W009468,U009468,47446.52,IDR,FROZEN,2025-01-03 00:00:00,2026-03-04 00:00:00
W009469,U009469,38508.2,IDR,FROZEN,2024-02-28 17:00:00,2024-07-03 17:00:00
W009470,U009470,52351.42,IDR,ACTIVE,2024-10-19 20:00:00,2026-02-17 20:00:00
W009471,U009471,34223.85,IDR,ACTIVE,2024-07-19 15:00:00,2024-11-20 15:00:00
W009472,U009472,13257.51,IDR,ACTIVE,2024-05-22 23:00:00,2025-04-27 23:00:00
W009473,U009473,211390.16,IDR,ACTIVE,2025-01-01 15:00:00,2026-01-25 15:00:00
W009474,U009474,686481.31,IDR,ACTIVE,2025-05-03 16:00:00,2025-11-01 16:00:00
W009475,U009475,39797.62,IDR,ACTIVE,2025-03-03 16:00:00,2025-10-15 16:00:00
W009476,U009476,58525.3,IDR,ACTIVE,2024-08-08 02:00:00,2025-08-15 02:00:00
W009477,U009477,665032.65,IDR,ACTIVE,2025-04-09 23:00:00,2025-09-18 23:00:00
W009478,U009478,20291.32,IDR,ACTIVE,2026-01-28 07:00:00,2026-05-23 07:00:00
W009479,U009479,32338.66,IDR,ACTIVE,2026-07-21 10:00:00,2026-08-23 00:00:00
W009480,U009480,88750.17,IDR,ACTIVE,2026-03-13 06:00:00,2026-08-23 00:00:00
W009481,U009481,72530.73,IDR,ACTIVE,2024-08-07 01:00:00,2024-11-09 01:00:00
W009482,U009482,153063.9,IDR,ACTIVE,2025-04-14 17:00:00,2026-04-19 17:00:00
W009483,U009483,102297.2,IDR,ACTIVE,2024-01-21 18:00:00,2025-05-03 18:00:00
W009484,U009484,7559.5,IDR,FROZEN,2026-05-16 21:00:00,2026-06-13 21:00:00
W009485,U009485,246861.77,IDR,ACTIVE,2025-01-11 13:00:00,2025-11-11 13:00:00
W009486,U009486,81096.28,IDR,ACTIVE,2024-12-10 09:00:00,2025-11-22 09:00:00
W009487,U009487,16537.58,IDR,ACTIVE,2025-06-18 12:00:00,2026-07-13 12:00:00
W009488,U009488,40191.72,IDR,CLOSED,2024-04-10 19:00:00,2024-07-05 19:00:00
W009489,U009489,134246.09,IDR,ACTIVE,2025-07-09 23:00:00,2026-08-23 00:00:00
W009490,U009490,7505.44,IDR,ACTIVE,2025-04-28 03:00:00,2025-07-15 03:00:00
W009491,U009491,47885.91,IDR,ACTIVE,2024-06-02 21:00:00,2025-09-06 21:00:00
W009492,U009492,77156.64,IDR,ACTIVE,2024-06-13 14:00:00,2025-04-19 14:00:00
W009493,U009493,78379.46,IDR,ACTIVE,2024-12-05 12:00:00,2025-02-22 12:00:00
W009494,U009494,29365.37,IDR,ACTIVE,2025-02-18 17:00:00,2025-03-08 17:00:00
W009495,U009495,38161.45,IDR,ACTIVE,2024-08-05 19:00:00,2025-02-01 19:00:00
W009496,U009496,69820.42,IDR,ACTIVE,2024-04-01 05:00:00,2024-08-13 05:00:00
W009497,U009497,127775.15,IDR,FROZEN,2024-12-13 04:00:00,2026-01-03 04:00:00
W009498,U009498,17181.91,IDR,ACTIVE,2024-03-20 10:00:00,2024-10-24 10:00:00
W009499,U009499,61073.12,IDR,FROZEN,2026-04-18 14:00:00,2026-08-23 00:00:00
W009500,U009500,192723.33,IDR,ACTIVE,2024-11-30 14:00:00,2025-02-15 14:00:00
W009501,U009501,56768.53,IDR,FROZEN,2025-11-29 02:00:00,2026-07-30 02:00:00
W009502,U009502,91808.06,IDR,ACTIVE,2024-06-21 22:00:00,2025-08-20 22:00:00
W009503,U009503,241227.39,IDR,ACTIVE,2025-01-11 02:00:00,2025-03-09 02:00:00
W009504,U009504,68702.57,IDR,ACTIVE,2025-12-19 10:00:00,2026-08-23 00:00:00
W009505,U009505,232625.29,IDR,FROZEN,2025-10-17 10:00:00,2026-08-23 00:00:00
W009506,U009506,40729.61,IDR,ACTIVE,2025-05-21 14:00:00,2026-01-11 14:00:00
W009507,U009507,168793.67,IDR,ACTIVE,2024-01-07 15:00:00,2024-05-12 15:00:00
W009508,U009508,76785.5,IDR,ACTIVE,2024-10-22 03:00:00,2024-11-13 03:00:00
W009509,U009509,78878.82,IDR,ACTIVE,2025-09-02 14:00:00,2026-08-23 00:00:00
W009510,U009510,92408.3,IDR,FROZEN,2024-11-23 09:00:00,2025-04-05 09:00:00
W009511,U009511,77283.67,IDR,ACTIVE,2025-10-13 19:00:00,2026-08-23 00:00:00
W009512,U009512,80364.92,IDR,ACTIVE,2024-08-18 16:00:00,2025-06-02 16:00:00
W009513,U009513,349121.38,IDR,ACTIVE,2025-12-20 22:00:00,2026-08-23 00:00:00
W009514,U009514,96522.16,IDR,ACTIVE,2025-11-16 22:00:00,2026-06-08 22:00:00
W009515,U009515,172173.58,IDR,ACTIVE,2024-09-02 20:00:00,2025-05-11 20:00:00
W009516,U009516,28675.93,IDR,ACTIVE,2025-05-13 23:00:00,2026-05-12 23:00:00
W009517,U009517,13602.0,IDR,ACTIVE,2024-03-30 01:00:00,2024-07-28 01:00:00
W009518,U009518,14640.56,IDR,ACTIVE,2025-08-01 05:00:00,2026-08-23 00:00:00
W009519,U009519,18382.13,IDR,ACTIVE,2024-03-09 18:00:00,2025-05-17 18:00:00
W009520,U009520,239243.56,IDR,ACTIVE,2025-10-19 07:00:00,2026-08-23 00:00:00
W009521,U009521,14137.51,IDR,ACTIVE,2026-03-12 23:00:00,2026-03-12 23:00:00
W009522,U009522,51889.6,IDR,ACTIVE,2025-05-28 17:00:00,2025-09-14 17:00:00
W009523,U009523,471886.79,IDR,ACTIVE,2026-05-06 09:00:00,2026-07-06 09:00:00
W009524,U009524,116285.49,IDR,ACTIVE,2024-09-16 15:00:00,2025-11-02 15:00:00
W009525,U009525,35541.52,IDR,ACTIVE,2025-03-01 10:00:00,2026-02-25 10:00:00
W009526,U009526,26884.96,IDR,ACTIVE,2024-12-09 21:00:00,2024-12-18 21:00:00
W009527,U009527,42019.07,IDR,ACTIVE,2026-03-31 19:00:00,2026-08-23 00:00:00
W009528,U009528,81310.73,IDR,ACTIVE,2025-09-30 01:00:00,2026-08-23 00:00:00
W009529,U009529,44064.31,IDR,ACTIVE,2024-07-07 16:00:00,2025-11-01 16:00:00
W009530,U009530,116297.91,IDR,ACTIVE,2024-11-12 06:00:00,2025-12-01 06:00:00
W009531,U009531,331259.94,IDR,ACTIVE,2025-09-07 08:00:00,2025-12-21 08:00:00
W009532,U009532,30781.35,IDR,ACTIVE,2025-07-14 07:00:00,2026-02-24 07:00:00
W009533,U009533,351822.55,IDR,ACTIVE,2024-01-22 07:00:00,2024-03-17 07:00:00
W009534,U009534,71257.55,IDR,ACTIVE,2024-08-26 22:00:00,2025-06-14 22:00:00
W009535,U009535,42843.04,IDR,ACTIVE,2026-03-13 22:00:00,2026-03-27 22:00:00
W009536,U009536,26541.3,IDR,ACTIVE,2026-05-27 17:00:00,2026-08-23 00:00:00
W009537,U009537,101331.12,IDR,ACTIVE,2025-05-23 20:00:00,2026-08-05 20:00:00
W009538,U009538,32673.89,IDR,ACTIVE,2025-06-11 17:00:00,2025-08-05 17:00:00
W009539,U009539,111713.54,IDR,ACTIVE,2025-07-28 17:00:00,2026-04-09 17:00:00
W009540,U009540,60814.56,IDR,CLOSED,2024-12-25 11:00:00,2025-10-10 11:00:00
W009541,U009541,38903.71,IDR,FROZEN,2024-03-13 14:00:00,2024-07-07 14:00:00
W009542,U009542,59723.05,IDR,FROZEN,2024-08-11 22:00:00,2024-11-09 22:00:00
W009543,U009543,97815.82,IDR,ACTIVE,2024-11-30 18:00:00,2025-02-06 18:00:00
W009544,U009544,52777.37,IDR,ACTIVE,2026-01-04 16:00:00,2026-01-23 16:00:00
W009545,U009545,32731.93,IDR,ACTIVE,2024-12-10 18:00:00,2025-02-21 18:00:00
W009546,U009546,28729.49,IDR,ACTIVE,2024-10-06 07:00:00,2025-12-31 07:00:00
W009547,U009547,123752.49,IDR,ACTIVE,2024-11-09 21:00:00,2025-08-30 21:00:00
W009548,U009548,20395.65,IDR,ACTIVE,2024-10-24 12:00:00,2025-02-08 12:00:00
W009549,U009549,30261.01,IDR,ACTIVE,2026-08-03 03:00:00,2026-08-23 00:00:00
W009550,U009550,13551.61,IDR,ACTIVE,2024-05-15 13:00:00,2024-08-14 13:00:00
W009551,U009551,56842.34,IDR,ACTIVE,2025-11-02 08:00:00,2026-08-23 00:00:00
W009552,U009552,23241.36,IDR,ACTIVE,2026-07-27 14:00:00,2026-08-23 00:00:00
W009553,U009553,52341.11,IDR,ACTIVE,2024-11-26 06:00:00,2026-03-05 06:00:00
W009554,U009554,54136.6,IDR,CLOSED,2025-09-17 07:00:00,2026-06-21 07:00:00
W009555,U009555,57338.46,IDR,ACTIVE,2025-11-11 12:00:00,2026-08-23 00:00:00
W009556,U009556,35653.34,IDR,ACTIVE,2025-04-16 18:00:00,2026-05-07 18:00:00
W009557,U009557,122820.56,IDR,ACTIVE,2025-08-10 17:00:00,2026-02-27 17:00:00
W009558,U009558,44098.48,IDR,ACTIVE,2024-12-11 01:00:00,2025-08-07 01:00:00
W009559,U009559,30822.19,IDR,ACTIVE,2025-04-27 12:00:00,2026-04-19 12:00:00
W009560,U009560,14680.45,IDR,ACTIVE,2025-05-24 17:00:00,2026-06-11 17:00:00
W009561,U009561,145517.68,IDR,ACTIVE,2024-09-14 08:00:00,2025-01-31 08:00:00
W009562,U009562,34301.0,IDR,ACTIVE,2025-08-09 18:00:00,2025-09-10 18:00:00
W009563,U009563,113421.55,IDR,ACTIVE,2025-05-23 17:00:00,2025-11-18 17:00:00
W009564,U009564,42118.79,IDR,ACTIVE,2025-01-15 01:00:00,2025-03-10 01:00:00
W009565,U009565,374744.75,IDR,ACTIVE,2024-03-27 08:00:00,2025-03-04 08:00:00
W009566,U009566,358571.84,IDR,FROZEN,2024-10-25 14:00:00,2025-11-27 14:00:00
W009567,U009567,81137.6,IDR,FROZEN,2025-01-25 10:00:00,2025-07-15 10:00:00
W009568,U009568,82195.21,IDR,ACTIVE,2025-09-10 07:00:00,2025-09-17 07:00:00
W009569,U009569,73734.56,IDR,ACTIVE,2024-06-06 03:00:00,2025-02-19 03:00:00
W009570,U009570,43653.01,IDR,ACTIVE,2024-03-17 01:00:00,2024-12-11 01:00:00
W009571,U009571,133188.25,IDR,ACTIVE,2025-09-07 04:00:00,2026-02-26 04:00:00
W009572,U009572,58019.69,IDR,ACTIVE,2025-01-26 09:00:00,2025-04-25 09:00:00
W009573,U009573,20752.1,IDR,ACTIVE,2025-01-16 00:00:00,2025-03-24 00:00:00
W009574,U009574,47163.25,IDR,FROZEN,2025-10-25 20:00:00,2026-08-23 00:00:00
W009575,U009575,21537.35,IDR,ACTIVE,2024-12-23 05:00:00,2025-08-28 05:00:00
W009576,U009576,20205.51,IDR,ACTIVE,2024-03-16 11:00:00,2024-06-05 11:00:00
W009577,U009577,28524.4,IDR,ACTIVE,2026-04-25 21:00:00,2026-08-23 00:00:00
W009578,U009578,301932.78,IDR,ACTIVE,2026-06-18 15:00:00,2026-08-23 00:00:00
W009579,U009579,91824.67,IDR,ACTIVE,2025-12-31 21:00:00,2026-03-16 21:00:00
W009580,U009580,47297.45,IDR,ACTIVE,2026-02-06 02:00:00,2026-08-23 00:00:00
W009581,U009581,43290.92,IDR,ACTIVE,2026-05-06 22:00:00,2026-08-23 00:00:00
W009582,U009582,64569.54,IDR,ACTIVE,2024-09-02 09:00:00,2024-10-06 09:00:00
W009583,U009583,34541.15,IDR,ACTIVE,2025-08-23 12:00:00,2026-03-07 12:00:00
W009584,U009584,97346.46,IDR,ACTIVE,2025-07-24 17:00:00,2025-10-13 17:00:00
W009585,U009585,69459.23,IDR,ACTIVE,2024-08-27 14:00:00,2025-04-08 14:00:00
W009586,U009586,87463.72,IDR,ACTIVE,2024-12-02 18:00:00,2025-07-14 18:00:00
W009587,U009587,44469.34,IDR,ACTIVE,2024-12-02 14:00:00,2025-07-15 14:00:00
W009588,U009588,481215.88,IDR,ACTIVE,2024-01-09 03:00:00,2024-12-08 03:00:00
W009589,U009589,21339.21,IDR,ACTIVE,2026-01-25 16:00:00,2026-08-23 00:00:00
W009590,U009590,99145.54,IDR,FROZEN,2024-07-09 13:00:00,2024-07-22 13:00:00
W009591,U009591,36485.7,IDR,CLOSED,2024-10-18 06:00:00,2025-10-12 06:00:00
W009592,U009592,68949.86,IDR,ACTIVE,2025-06-25 12:00:00,2026-08-23 00:00:00
W009593,U009593,78198.86,IDR,ACTIVE,2024-06-02 10:00:00,2025-04-24 10:00:00
W009594,U009594,358590.55,IDR,ACTIVE,2025-09-12 09:00:00,2026-08-23 00:00:00
W009595,U009595,79597.31,IDR,ACTIVE,2024-06-12 19:00:00,2024-12-24 19:00:00
W009596,U009596,46348.59,IDR,ACTIVE,2024-11-28 07:00:00,2025-04-09 07:00:00
W009597,U009597,3567.9,IDR,ACTIVE,2026-03-05 20:00:00,2026-08-23 00:00:00
W009598,U009598,32927.08,IDR,ACTIVE,2024-04-23 20:00:00,2025-02-21 20:00:00
W009599,U009599,663062.47,IDR,ACTIVE,2025-04-19 15:00:00,2025-06-06 15:00:00
W009600,U009600,108898.13,IDR,ACTIVE,2024-04-02 22:00:00,2024-08-28 22:00:00
W009601,U009601,127862.89,IDR,ACTIVE,2026-01-20 05:00:00,2026-08-23 00:00:00
W009602,U009602,10233.64,IDR,ACTIVE,2025-01-30 18:00:00,2025-03-18 18:00:00
W009603,U009603,35195.88,IDR,ACTIVE,2025-01-04 15:00:00,2026-01-23 15:00:00
W009604,U009604,99225.57,IDR,FROZEN,2024-11-09 12:00:00,2025-12-07 12:00:00
W009605,U009605,15319.84,IDR,ACTIVE,2024-11-14 10:00:00,2025-03-17 10:00:00
W009606,U009606,66158.83,IDR,ACTIVE,2024-01-22 00:00:00,2025-05-04 00:00:00
W009607,U009607,223002.23,IDR,ACTIVE,2024-12-01 02:00:00,2025-01-13 02:00:00
W009608,U009608,25016.93,IDR,ACTIVE,2026-04-28 00:00:00,2026-05-14 00:00:00
W009609,U009609,30290.82,IDR,ACTIVE,2024-10-18 22:00:00,2025-06-16 22:00:00
W009610,U009610,171782.68,IDR,ACTIVE,2024-09-07 07:00:00,2026-01-18 07:00:00
W009611,U009611,35347.5,IDR,ACTIVE,2024-09-11 16:00:00,2025-11-10 16:00:00
W009612,U009612,27646.69,IDR,ACTIVE,2024-06-02 23:00:00,2024-12-28 23:00:00
W009613,U009613,255074.04,IDR,ACTIVE,2025-06-21 15:00:00,2026-05-14 15:00:00
W009614,U009614,57939.91,IDR,ACTIVE,2026-04-02 02:00:00,2026-08-23 00:00:00
W009615,U009615,24759.01,IDR,ACTIVE,2025-08-25 15:00:00,2026-08-07 15:00:00
W009616,U009616,184273.58,IDR,ACTIVE,2025-09-16 01:00:00,2025-12-31 01:00:00
W009617,U009617,21174.84,IDR,ACTIVE,2025-12-28 05:00:00,2026-06-08 05:00:00
W009618,U009618,62316.53,IDR,ACTIVE,2025-05-11 23:00:00,2026-01-29 23:00:00
W009619,U009619,75133.04,IDR,ACTIVE,2026-02-26 19:00:00,2026-06-07 19:00:00
W009620,U009620,33175.7,IDR,FROZEN,2024-12-29 19:00:00,2025-12-09 19:00:00
W009621,U009621,120671.72,IDR,ACTIVE,2024-09-22 05:00:00,2025-05-23 05:00:00
W009622,U009622,26960.1,IDR,ACTIVE,2025-04-10 20:00:00,2025-09-06 20:00:00
W009623,U009623,129547.51,IDR,ACTIVE,2024-11-21 08:00:00,2025-10-24 08:00:00
W009624,U009624,51112.54,IDR,ACTIVE,2025-07-16 11:00:00,2026-07-22 11:00:00
W009625,U009625,23455.48,IDR,ACTIVE,2026-08-04 09:00:00,2026-08-23 00:00:00
W009626,U009626,63811.58,IDR,ACTIVE,2024-04-05 05:00:00,2024-11-18 05:00:00
W009627,U009627,83901.69,IDR,ACTIVE,2025-11-27 15:00:00,2026-08-23 00:00:00
W009628,U009628,10180.66,IDR,ACTIVE,2025-02-09 05:00:00,2025-07-07 05:00:00
W009629,U009629,225737.6,IDR,ACTIVE,2026-05-01 14:00:00,2026-08-23 00:00:00
W009630,U009630,55450.22,IDR,ACTIVE,2025-11-26 23:00:00,2026-08-23 00:00:00
W009631,U009631,39956.65,IDR,ACTIVE,2026-02-23 02:00:00,2026-08-23 00:00:00
W009632,U009632,78312.45,IDR,ACTIVE,2026-08-06 00:00:00,2026-08-23 00:00:00
W009633,U009633,61436.25,IDR,ACTIVE,2026-05-19 17:00:00,2026-08-23 00:00:00
W009634,U009634,37384.09,IDR,FROZEN,2025-09-03 18:00:00,2026-08-23 00:00:00
W009635,U009635,80349.88,IDR,ACTIVE,2024-12-28 23:00:00,2025-05-10 23:00:00
W009636,U009636,129736.56,IDR,ACTIVE,2024-05-10 00:00:00,2025-04-23 00:00:00
W009637,U009637,42509.7,IDR,ACTIVE,2025-12-08 03:00:00,2026-03-29 03:00:00
W009638,U009638,6015.46,IDR,ACTIVE,2024-08-02 13:00:00,2025-06-09 13:00:00
W009639,U009639,112388.71,IDR,ACTIVE,2024-02-12 05:00:00,2024-05-19 05:00:00
W009640,U009640,54697.64,IDR,ACTIVE,2024-01-18 12:00:00,2024-03-01 12:00:00
W009641,U009641,23705.83,IDR,ACTIVE,2024-09-03 04:00:00,2025-02-12 04:00:00
W009642,U009642,86616.75,IDR,ACTIVE,2025-10-27 19:00:00,2026-08-23 00:00:00
W009643,U009643,23666.45,IDR,ACTIVE,2026-04-09 00:00:00,2026-08-23 00:00:00
W009644,U009644,108579.55,IDR,ACTIVE,2026-07-16 16:00:00,2026-08-23 00:00:00
W009645,U009645,20531.13,IDR,FROZEN,2024-10-05 18:00:00,2024-10-19 18:00:00
W009646,U009646,35332.23,IDR,ACTIVE,2025-05-06 02:00:00,2025-08-04 02:00:00
W009647,U009647,12289.62,IDR,ACTIVE,2025-03-02 02:00:00,2025-05-31 02:00:00
W009648,U009648,34070.82,IDR,ACTIVE,2025-12-16 05:00:00,2026-08-23 00:00:00
W009649,U009649,40027.72,IDR,ACTIVE,2025-02-26 06:00:00,2025-08-06 06:00:00
W009650,U009650,55093.03,IDR,ACTIVE,2026-06-01 17:00:00,2026-07-28 17:00:00
W009651,U009651,43893.28,IDR,ACTIVE,2025-01-31 13:00:00,2025-10-02 13:00:00
W009652,U009652,21213.82,IDR,FROZEN,2026-07-27 01:00:00,2026-08-23 00:00:00
W009653,U009653,53211.64,IDR,ACTIVE,2026-04-24 05:00:00,2026-07-20 05:00:00
W009654,U009654,34850.78,IDR,ACTIVE,2026-04-24 10:00:00,2026-08-23 00:00:00
W009655,U009655,65501.88,IDR,ACTIVE,2024-04-08 03:00:00,2025-02-13 03:00:00
W009656,U009656,26678.44,IDR,FROZEN,2025-03-02 06:00:00,2025-08-11 06:00:00
W009657,U009657,32867.7,IDR,ACTIVE,2025-12-23 04:00:00,2026-08-23 00:00:00
W009658,U009658,80603.04,IDR,ACTIVE,2026-06-28 09:00:00,2026-08-23 00:00:00
W009659,U009659,45733.64,IDR,FROZEN,2025-02-20 15:00:00,2026-01-30 15:00:00
W009660,U009660,13994.13,IDR,ACTIVE,2024-05-29 17:00:00,2024-08-31 17:00:00
W009661,U009661,243473.73,IDR,ACTIVE,2024-08-28 08:00:00,2024-09-11 08:00:00
W009662,U009662,119068.76,IDR,CLOSED,2025-10-19 03:00:00,2026-08-23 00:00:00
W009663,U009663,114857.56,IDR,ACTIVE,2026-01-20 11:00:00,2026-08-23 00:00:00
W009664,U009664,12148.58,IDR,ACTIVE,2024-08-27 04:00:00,2024-09-25 04:00:00
W009665,U009665,8681.4,IDR,ACTIVE,2024-01-07 08:00:00,2024-05-11 08:00:00
W009666,U009666,145794.02,IDR,ACTIVE,2025-04-19 01:00:00,2026-02-01 01:00:00
W009667,U009667,21038.64,IDR,ACTIVE,2025-12-16 17:00:00,2026-03-06 17:00:00
W009668,U009668,67327.46,IDR,ACTIVE,2024-10-23 20:00:00,2024-12-22 20:00:00
W009669,U009669,33962.49,IDR,ACTIVE,2025-07-02 09:00:00,2026-03-05 09:00:00
W009670,U009670,9264.84,IDR,ACTIVE,2026-02-15 12:00:00,2026-08-23 00:00:00
W009671,U009671,28872.88,IDR,ACTIVE,2025-06-12 13:00:00,2026-08-23 00:00:00
W009672,U009672,79527.43,IDR,ACTIVE,2024-09-12 14:00:00,2025-06-01 14:00:00
W009673,U009673,48189.77,IDR,ACTIVE,2025-01-11 00:00:00,2025-04-19 00:00:00
W009674,U009674,303263.75,IDR,ACTIVE,2026-04-01 15:00:00,2026-06-26 15:00:00
W009675,U009675,105252.44,IDR,ACTIVE,2025-03-22 23:00:00,2025-08-05 23:00:00
W009676,U009676,85064.93,IDR,ACTIVE,2025-01-20 19:00:00,2025-11-28 19:00:00
W009677,U009677,67036.45,IDR,ACTIVE,2025-06-22 15:00:00,2025-12-18 15:00:00
W009678,U009678,23573.27,IDR,ACTIVE,2025-10-08 06:00:00,2026-06-14 06:00:00
W009679,U009679,24164.05,IDR,ACTIVE,2024-09-15 21:00:00,2025-06-15 21:00:00
W009680,U009680,56261.68,IDR,ACTIVE,2025-06-03 16:00:00,2025-07-30 16:00:00
W009681,U009681,29081.72,IDR,CLOSED,2025-04-30 23:00:00,2026-03-30 23:00:00
W009682,U009682,245238.75,IDR,ACTIVE,2024-09-02 22:00:00,2025-07-03 22:00:00
W009683,U009683,103556.77,IDR,CLOSED,2024-10-31 12:00:00,2025-07-11 12:00:00
W009684,U009684,165676.6,IDR,ACTIVE,2024-07-02 19:00:00,2025-09-14 19:00:00
W009685,U009685,6200.85,IDR,ACTIVE,2025-08-04 17:00:00,2025-12-30 17:00:00
W009686,U009686,83354.08,IDR,ACTIVE,2024-10-03 02:00:00,2025-08-18 02:00:00
W009687,U009687,13851.95,IDR,ACTIVE,2024-09-23 00:00:00,2025-06-10 00:00:00
W009688,U009688,200008.39,IDR,ACTIVE,2024-10-31 08:00:00,2025-09-14 08:00:00
W009689,U009689,96624.84,IDR,ACTIVE,2025-03-18 13:00:00,2025-09-13 13:00:00
W009690,U009690,111037.23,IDR,ACTIVE,2025-07-18 16:00:00,2026-01-06 16:00:00
W009691,U009691,116757.44,IDR,ACTIVE,2025-03-27 18:00:00,2025-08-08 18:00:00
W009692,U009692,32371.0,IDR,ACTIVE,2024-04-30 11:00:00,2025-08-22 11:00:00
W009693,U009693,345947.76,IDR,FROZEN,2025-02-16 17:00:00,2025-07-14 17:00:00
W009694,U009694,102537.54,IDR,ACTIVE,2025-06-02 11:00:00,2026-04-22 11:00:00
W009695,U009695,68424.38,IDR,ACTIVE,2026-05-12 06:00:00,2026-08-23 00:00:00
W009696,U009696,35724.88,IDR,ACTIVE,2025-08-12 01:00:00,2026-08-23 00:00:00
W009697,U009697,51356.67,IDR,CLOSED,2024-06-21 01:00:00,2025-08-22 01:00:00
W009698,U009698,189227.12,IDR,ACTIVE,2026-02-02 11:00:00,2026-08-23 00:00:00
W009699,U009699,43064.24,IDR,ACTIVE,2026-06-30 17:00:00,2026-08-23 00:00:00
W009700,U009700,31279.29,IDR,ACTIVE,2025-11-17 19:00:00,2026-08-23 00:00:00
W009701,U009701,91198.97,IDR,ACTIVE,2024-11-30 05:00:00,2025-02-09 05:00:00
W009702,U009702,55462.59,IDR,ACTIVE,2024-07-03 15:00:00,2025-08-09 15:00:00
W009703,U009703,31984.81,IDR,ACTIVE,2024-04-07 21:00:00,2025-04-03 21:00:00
W009704,U009704,151386.51,IDR,ACTIVE,2025-02-10 01:00:00,2025-04-16 01:00:00
W009705,U009705,21973.94,IDR,ACTIVE,2026-01-15 10:00:00,2026-08-23 00:00:00
W009706,U009706,44288.96,IDR,ACTIVE,2025-12-24 22:00:00,2026-08-23 00:00:00
W009707,U009707,25193.81,IDR,ACTIVE,2025-05-18 21:00:00,2025-08-06 21:00:00
W009708,U009708,336534.64,IDR,ACTIVE,2024-02-09 15:00:00,2024-05-05 15:00:00
W009709,U009709,100071.22,IDR,ACTIVE,2025-09-21 08:00:00,2026-08-23 00:00:00
W009710,U009710,77965.56,IDR,ACTIVE,2026-01-14 21:00:00,2026-08-23 00:00:00
W009711,U009711,26236.5,IDR,ACTIVE,2025-04-26 11:00:00,2026-08-14 11:00:00
W009712,U009712,336493.9,IDR,ACTIVE,2025-10-16 20:00:00,2025-10-22 20:00:00
W009713,U009713,14688.73,IDR,ACTIVE,2024-02-11 21:00:00,2024-02-17 21:00:00
W009714,U009714,43664.66,IDR,ACTIVE,2025-11-24 18:00:00,2026-05-05 18:00:00
W009715,U009715,49927.66,IDR,ACTIVE,2024-06-10 04:00:00,2024-11-26 04:00:00
W009716,U009716,14958.42,IDR,ACTIVE,2026-07-18 13:00:00,2026-08-23 00:00:00
W009717,U009717,61677.34,IDR,ACTIVE,2025-06-10 04:00:00,2025-10-09 04:00:00
W009718,U009718,30015.58,IDR,ACTIVE,2025-02-19 12:00:00,2025-10-03 12:00:00
W009719,U009719,225094.99,IDR,ACTIVE,2026-06-24 15:00:00,2026-08-23 00:00:00
W009720,U009720,17677.87,IDR,ACTIVE,2024-09-12 18:00:00,2024-09-17 18:00:00
W009721,U009721,110750.77,IDR,ACTIVE,2024-10-24 10:00:00,2026-01-24 10:00:00
W009722,U009722,62828.48,IDR,ACTIVE,2024-01-03 13:00:00,2024-04-15 13:00:00
W009723,U009723,142206.35,IDR,ACTIVE,2024-10-19 00:00:00,2025-05-12 00:00:00
W009724,U009724,48154.71,IDR,ACTIVE,2026-04-21 05:00:00,2026-08-23 00:00:00
W009725,U009725,24201.53,IDR,ACTIVE,2024-06-25 19:00:00,2025-10-10 19:00:00
W009726,U009726,268146.23,IDR,ACTIVE,2026-05-11 00:00:00,2026-08-23 00:00:00
W009727,U009727,263153.33,IDR,ACTIVE,2026-05-03 18:00:00,2026-08-23 00:00:00
W009728,U009728,113634.95,IDR,ACTIVE,2024-02-26 14:00:00,2024-06-11 14:00:00
W009729,U009729,93606.97,IDR,ACTIVE,2025-09-06 23:00:00,2025-11-14 23:00:00
W009730,U009730,75558.32,IDR,ACTIVE,2026-07-28 19:00:00,2026-08-23 00:00:00
W009731,U009731,99279.31,IDR,ACTIVE,2024-02-22 03:00:00,2024-11-03 03:00:00
W009732,U009732,538193.29,IDR,ACTIVE,2025-03-21 08:00:00,2025-12-18 08:00:00
W009733,U009733,17380.55,IDR,ACTIVE,2024-07-30 06:00:00,2025-02-19 06:00:00
W009734,U009734,56846.08,IDR,ACTIVE,2026-01-08 09:00:00,2026-08-23 00:00:00
W009735,U009735,34763.81,IDR,ACTIVE,2026-04-10 11:00:00,2026-08-23 00:00:00
W009736,U009736,61700.13,IDR,ACTIVE,2025-07-04 00:00:00,2026-06-16 00:00:00
W009737,U009737,16375.83,IDR,ACTIVE,2026-03-18 05:00:00,2026-08-23 00:00:00
W009738,U009738,22717.27,IDR,ACTIVE,2026-07-20 19:00:00,2026-08-23 00:00:00
W009739,U009739,21065.67,IDR,ACTIVE,2026-01-01 10:00:00,2026-01-10 10:00:00
W009740,U009740,97717.97,IDR,ACTIVE,2026-02-01 10:00:00,2026-08-23 00:00:00
W009741,U009741,55146.57,IDR,ACTIVE,2025-05-05 08:00:00,2026-02-15 08:00:00
W009742,U009742,12487.08,IDR,ACTIVE,2025-12-30 02:00:00,2026-08-23 00:00:00
W009743,U009743,12231.07,IDR,ACTIVE,2025-11-21 18:00:00,2026-02-20 18:00:00
W009744,U009744,9238.07,IDR,ACTIVE,2025-04-29 17:00:00,2025-08-21 17:00:00
W009745,U009745,45915.3,IDR,ACTIVE,2026-07-01 22:00:00,2026-08-23 00:00:00
W009746,U009746,49592.46,IDR,ACTIVE,2025-03-12 22:00:00,2025-05-19 22:00:00
W009747,U009747,52538.4,IDR,ACTIVE,2024-02-09 18:00:00,2024-06-07 18:00:00
W009748,U009748,28073.78,IDR,ACTIVE,2025-07-07 02:00:00,2025-08-17 02:00:00
W009749,U009749,39885.06,IDR,ACTIVE,2025-08-20 15:00:00,2026-08-23 00:00:00
W009750,U009750,47116.2,IDR,ACTIVE,2025-07-09 16:00:00,2026-05-29 16:00:00
W009751,U009751,55353.12,IDR,ACTIVE,2026-01-26 06:00:00,2026-08-23 00:00:00
W009752,U009752,75415.53,IDR,ACTIVE,2024-05-19 07:00:00,2025-09-04 07:00:00
W009753,U009753,155529.37,IDR,ACTIVE,2025-08-29 23:00:00,2025-09-21 23:00:00
W009754,U009754,25649.15,IDR,ACTIVE,2025-03-20 17:00:00,2025-07-27 17:00:00
W009755,U009755,117181.31,IDR,ACTIVE,2024-02-07 01:00:00,2024-10-06 01:00:00
W009756,U009756,30375.13,IDR,ACTIVE,2025-03-31 21:00:00,2026-07-28 21:00:00
W009757,U009757,96863.27,IDR,ACTIVE,2026-08-01 07:00:00,2026-08-23 00:00:00
W009758,U009758,58320.2,IDR,ACTIVE,2025-09-23 22:00:00,2025-11-15 22:00:00
W009759,U009759,530867.54,IDR,ACTIVE,2024-09-02 11:00:00,2025-07-09 11:00:00
W009760,U009760,73334.05,IDR,ACTIVE,2026-01-01 02:00:00,2026-08-13 02:00:00
W009761,U009761,126847.62,IDR,FROZEN,2025-05-28 13:00:00,2026-08-23 00:00:00
W009762,U009762,4748.88,IDR,ACTIVE,2025-05-16 01:00:00,2026-02-17 01:00:00
W009763,U009763,138398.17,IDR,ACTIVE,2026-05-22 08:00:00,2026-08-23 00:00:00
W009764,U009764,26922.84,IDR,ACTIVE,2024-09-22 06:00:00,2026-01-08 06:00:00
W009765,U009765,50812.76,IDR,ACTIVE,2026-07-11 02:00:00,2026-08-23 00:00:00
W009766,U009766,38819.49,IDR,ACTIVE,2025-05-20 14:00:00,2026-05-04 14:00:00
W009767,U009767,19218.15,IDR,ACTIVE,2026-01-18 12:00:00,2026-03-12 12:00:00
W009768,U009768,287713.25,IDR,ACTIVE,2024-11-20 13:00:00,2025-05-10 13:00:00
W009769,U009769,170196.89,IDR,ACTIVE,2026-06-27 16:00:00,2026-08-23 00:00:00
W009770,U009770,22744.07,IDR,ACTIVE,2024-12-16 19:00:00,2025-10-21 19:00:00
W009771,U009771,21143.72,IDR,ACTIVE,2025-11-11 11:00:00,2026-05-01 11:00:00
W009772,U009772,93793.5,IDR,ACTIVE,2025-02-13 10:00:00,2025-05-23 10:00:00
W009773,U009773,135102.19,IDR,ACTIVE,2026-06-06 18:00:00,2026-08-23 00:00:00
W009774,U009774,55762.2,IDR,ACTIVE,2025-03-17 15:00:00,2025-12-17 15:00:00
W009775,U009775,28301.18,IDR,ACTIVE,2025-05-13 02:00:00,2025-12-17 02:00:00
W009776,U009776,46517.33,IDR,ACTIVE,2025-06-15 13:00:00,2026-03-05 13:00:00
W009777,U009777,10858.4,IDR,ACTIVE,2026-08-04 01:00:00,2026-08-23 00:00:00
W009778,U009778,14123.77,IDR,ACTIVE,2025-01-20 10:00:00,2025-02-28 10:00:00
W009779,U009779,148184.87,IDR,ACTIVE,2025-03-17 18:00:00,2025-12-23 18:00:00
W009780,U009780,33051.02,IDR,ACTIVE,2024-07-24 17:00:00,2025-03-09 17:00:00
W009781,U009781,51119.2,IDR,ACTIVE,2024-02-04 20:00:00,2024-07-08 20:00:00
W009782,U009782,73434.31,IDR,ACTIVE,2025-07-06 15:00:00,2025-10-13 15:00:00
W009783,U009783,50700.09,IDR,ACTIVE,2025-01-17 02:00:00,2025-09-17 02:00:00
W009784,U009784,76263.93,IDR,ACTIVE,2024-04-30 14:00:00,2025-01-15 14:00:00
W009785,U009785,142654.27,IDR,ACTIVE,2026-02-13 09:00:00,2026-07-25 09:00:00
W009786,U009786,27109.26,IDR,ACTIVE,2025-11-29 09:00:00,2026-08-23 00:00:00
W009787,U009787,151405.34,IDR,ACTIVE,2026-02-28 21:00:00,2026-08-23 00:00:00
W009788,U009788,73132.94,IDR,ACTIVE,2026-08-10 12:00:00,2026-08-23 00:00:00
W009789,U009789,98733.88,IDR,ACTIVE,2025-08-22 20:00:00,2026-08-23 00:00:00
W009790,U009790,140528.67,IDR,ACTIVE,2024-04-06 23:00:00,2024-09-26 23:00:00
W009791,U009791,63354.19,IDR,ACTIVE,2024-05-16 23:00:00,2025-01-30 23:00:00
W009792,U009792,723060.61,IDR,ACTIVE,2025-10-31 06:00:00,2026-04-08 06:00:00
W009793,U009793,18502.24,IDR,ACTIVE,2024-01-27 11:00:00,2025-04-12 11:00:00
W009794,U009794,144328.31,IDR,ACTIVE,2024-12-12 09:00:00,2026-01-01 09:00:00
W009795,U009795,31787.01,IDR,ACTIVE,2024-04-15 07:00:00,2025-08-03 07:00:00
W009796,U009796,78106.78,IDR,ACTIVE,2025-10-07 14:00:00,2026-08-23 00:00:00
W009797,U009797,49966.57,IDR,ACTIVE,2025-12-12 09:00:00,2026-01-23 09:00:00
W009798,U009798,46993.28,IDR,ACTIVE,2025-01-08 23:00:00,2026-03-06 23:00:00
W009799,U009799,43279.02,IDR,ACTIVE,2025-12-10 13:00:00,2026-06-14 13:00:00
W009800,U009800,487483.59,IDR,FROZEN,2025-06-25 15:00:00,2026-02-12 15:00:00
W009801,U009801,97896.02,IDR,ACTIVE,2024-03-31 02:00:00,2025-07-20 02:00:00
W009802,U009802,22720.84,IDR,ACTIVE,2024-06-23 11:00:00,2025-08-15 11:00:00
W009803,U009803,30102.85,IDR,ACTIVE,2024-11-10 05:00:00,2025-05-28 05:00:00
W009804,U009804,20899.72,IDR,ACTIVE,2024-08-06 19:00:00,2025-05-22 19:00:00
W009805,U009805,262794.57,IDR,ACTIVE,2025-01-02 02:00:00,2025-10-05 02:00:00
W009806,U009806,125637.47,IDR,ACTIVE,2024-07-29 11:00:00,2024-10-01 11:00:00
W009807,U009807,31546.71,IDR,ACTIVE,2024-11-16 18:00:00,2025-01-31 18:00:00
W009808,U009808,91668.87,IDR,ACTIVE,2025-05-04 01:00:00,2026-02-13 01:00:00
W009809,U009809,21530.41,IDR,ACTIVE,2024-02-06 08:00:00,2024-08-27 08:00:00
W009810,U009810,59209.15,IDR,ACTIVE,2024-01-27 03:00:00,2024-08-30 03:00:00
W009811,U009811,43880.39,IDR,ACTIVE,2024-01-25 08:00:00,2025-05-16 08:00:00
W009812,U009812,43214.86,IDR,ACTIVE,2024-06-15 13:00:00,2024-07-05 13:00:00
W009813,U009813,37013.84,IDR,ACTIVE,2025-04-20 21:00:00,2025-11-11 21:00:00
W009814,U009814,685839.8,IDR,ACTIVE,2024-06-17 09:00:00,2025-04-01 09:00:00
W009815,U009815,111578.46,IDR,ACTIVE,2024-07-29 05:00:00,2024-11-28 05:00:00
W009816,U009816,445961.59,IDR,ACTIVE,2024-09-28 10:00:00,2025-03-15 10:00:00
W009817,U009817,35384.46,IDR,FROZEN,2025-11-11 17:00:00,2026-02-26 17:00:00
W009818,U009818,21961.74,IDR,ACTIVE,2024-09-21 16:00:00,2025-01-02 16:00:00
W009819,U009819,73191.89,IDR,ACTIVE,2024-09-03 07:00:00,2024-12-28 07:00:00
W009820,U009820,59134.43,IDR,ACTIVE,2024-11-18 02:00:00,2025-04-01 02:00:00
W009821,U009821,111307.49,IDR,ACTIVE,2024-09-08 07:00:00,2025-08-07 07:00:00
W009822,U009822,150619.01,IDR,ACTIVE,2026-07-04 11:00:00,2026-08-23 00:00:00
W009823,U009823,9760.68,IDR,ACTIVE,2025-08-20 16:00:00,2026-02-02 16:00:00
W009824,U009824,480609.32,IDR,ACTIVE,2025-03-07 21:00:00,2025-05-30 21:00:00
W009825,U009825,76547.23,IDR,ACTIVE,2025-04-10 20:00:00,2025-07-08 20:00:00
W009826,U009826,103818.87,IDR,ACTIVE,2024-08-14 00:00:00,2025-12-08 00:00:00
W009827,U009827,268534.96,IDR,ACTIVE,2025-02-05 13:00:00,2025-09-15 13:00:00
W009828,U009828,26610.65,IDR,ACTIVE,2024-08-31 06:00:00,2025-01-10 06:00:00
W009829,U009829,52181.91,IDR,ACTIVE,2025-07-22 19:00:00,2026-03-08 19:00:00
W009830,U009830,20050.53,IDR,ACTIVE,2024-01-17 02:00:00,2024-02-03 02:00:00
W009831,U009831,23017.68,IDR,ACTIVE,2026-07-04 00:00:00,2026-07-14 00:00:00
W009832,U009832,151420.15,IDR,ACTIVE,2024-07-13 17:00:00,2025-11-02 17:00:00
W009833,U009833,235043.47,IDR,ACTIVE,2024-03-08 00:00:00,2024-03-28 00:00:00
W009834,U009834,13557.63,IDR,ACTIVE,2026-01-31 06:00:00,2026-08-23 00:00:00
W009835,U009835,81840.28,IDR,ACTIVE,2026-02-21 23:00:00,2026-08-23 00:00:00
W009836,U009836,180502.07,IDR,ACTIVE,2025-04-26 13:00:00,2026-07-04 13:00:00
W009837,U009837,142507.96,IDR,ACTIVE,2026-01-21 14:00:00,2026-08-23 00:00:00
W009838,U009838,65968.57,IDR,FROZEN,2025-02-23 16:00:00,2026-02-25 16:00:00
W009839,U009839,81097.28,IDR,ACTIVE,2024-06-15 12:00:00,2025-07-27 12:00:00
W009840,U009840,83372.67,IDR,ACTIVE,2025-04-09 09:00:00,2026-03-30 09:00:00
W009841,U009841,76762.63,IDR,ACTIVE,2026-07-03 22:00:00,2026-08-23 00:00:00
W009842,U009842,94707.73,IDR,ACTIVE,2025-08-21 12:00:00,2026-08-23 00:00:00
W009843,U009843,47356.88,IDR,ACTIVE,2026-01-17 15:00:00,2026-08-23 00:00:00
W009844,U009844,428208.76,IDR,ACTIVE,2025-03-25 13:00:00,2025-09-17 13:00:00
W009845,U009845,26390.32,IDR,ACTIVE,2024-11-08 04:00:00,2026-01-24 04:00:00
W009846,U009846,193673.35,IDR,ACTIVE,2025-09-14 19:00:00,2026-08-23 00:00:00
W009847,U009847,30337.87,IDR,ACTIVE,2026-03-21 05:00:00,2026-08-23 00:00:00
W009848,U009848,99989.41,IDR,ACTIVE,2025-12-28 02:00:00,2026-03-16 02:00:00
W009849,U009849,30983.1,IDR,ACTIVE,2025-10-08 18:00:00,2025-12-06 18:00:00
W009850,U009850,94238.1,IDR,ACTIVE,2026-06-24 06:00:00,2026-08-23 00:00:00
W009851,U009851,55874.67,IDR,ACTIVE,2026-05-28 14:00:00,2026-08-23 00:00:00
W009852,U009852,116849.09,IDR,ACTIVE,2025-08-27 05:00:00,2026-08-23 00:00:00
W009853,U009853,28131.89,IDR,ACTIVE,2025-06-15 02:00:00,2026-08-23 00:00:00
W009854,U009854,27648.19,IDR,ACTIVE,2025-10-06 14:00:00,2026-08-23 00:00:00
W009855,U009855,234464.23,IDR,CLOSED,2024-11-18 23:00:00,2025-06-07 23:00:00
W009856,U009856,322543.52,IDR,ACTIVE,2024-10-18 12:00:00,2025-01-11 12:00:00
W009857,U009857,49832.25,IDR,ACTIVE,2025-08-01 04:00:00,2026-06-07 04:00:00
W009858,U009858,86545.87,IDR,ACTIVE,2024-08-18 06:00:00,2025-05-16 06:00:00
W009859,U009859,12683.12,IDR,ACTIVE,2025-09-19 03:00:00,2026-08-23 00:00:00
W009860,U009860,62871.51,IDR,ACTIVE,2024-05-08 01:00:00,2025-06-03 01:00:00
W009861,U009861,39147.29,IDR,ACTIVE,2026-06-01 21:00:00,2026-06-23 21:00:00
W009862,U009862,396955.85,IDR,ACTIVE,2025-10-21 14:00:00,2026-06-14 14:00:00
W009863,U009863,37183.06,IDR,ACTIVE,2025-06-24 09:00:00,2026-01-12 09:00:00
W009864,U009864,405226.08,IDR,ACTIVE,2025-02-07 17:00:00,2025-05-31 17:00:00
W009865,U009865,35890.79,IDR,ACTIVE,2026-06-06 17:00:00,2026-08-23 00:00:00
W009866,U009866,106608.36,IDR,ACTIVE,2025-06-24 08:00:00,2026-04-14 08:00:00
W009867,U009867,325368.42,IDR,ACTIVE,2025-01-24 15:00:00,2026-02-08 15:00:00
W009868,U009868,51801.4,IDR,ACTIVE,2024-07-07 00:00:00,2025-02-25 00:00:00
W009869,U009869,302583.21,IDR,ACTIVE,2025-09-23 06:00:00,2025-11-10 06:00:00
W009870,U009870,140835.98,IDR,ACTIVE,2025-08-29 06:00:00,2025-12-20 06:00:00
W009871,U009871,62275.25,IDR,ACTIVE,2026-02-19 10:00:00,2026-08-23 00:00:00
W009872,U009872,91486.26,IDR,ACTIVE,2025-12-27 07:00:00,2026-05-15 07:00:00
W009873,U009873,235314.22,IDR,ACTIVE,2025-07-19 15:00:00,2026-01-28 15:00:00
W009874,U009874,86321.2,IDR,ACTIVE,2025-08-26 03:00:00,2026-08-23 00:00:00
W009875,U009875,16775.84,IDR,ACTIVE,2024-09-27 09:00:00,2024-11-02 09:00:00
W009876,U009876,141375.22,IDR,CLOSED,2024-10-21 00:00:00,2025-12-24 00:00:00
W009877,U009877,147490.35,IDR,ACTIVE,2024-11-18 07:00:00,2025-07-07 07:00:00
W009878,U009878,83274.08,IDR,ACTIVE,2025-08-04 03:00:00,2026-01-03 03:00:00
W009879,U009879,36474.63,IDR,ACTIVE,2026-08-02 12:00:00,2026-08-23 00:00:00
W009880,U009880,132379.71,IDR,ACTIVE,2024-01-05 23:00:00,2025-01-16 23:00:00
W009881,U009881,19815.5,IDR,ACTIVE,2024-02-25 22:00:00,2024-09-08 22:00:00
W009882,U009882,90085.64,IDR,ACTIVE,2024-11-13 21:00:00,2025-09-04 21:00:00
W009883,U009883,85735.97,IDR,FROZEN,2025-04-26 05:00:00,2026-08-09 05:00:00
W009884,U009884,64696.08,IDR,ACTIVE,2024-11-17 19:00:00,2025-11-19 19:00:00
W009885,U009885,188151.26,IDR,ACTIVE,2025-06-15 21:00:00,2026-08-23 00:00:00
W009886,U009886,42354.23,IDR,ACTIVE,2024-06-29 20:00:00,2024-09-03 20:00:00
W009887,U009887,25290.17,IDR,ACTIVE,2026-04-19 16:00:00,2026-08-23 00:00:00
W009888,U009888,29054.54,IDR,ACTIVE,2026-06-24 05:00:00,2026-08-23 00:00:00
W009889,U009889,195336.03,IDR,ACTIVE,2024-11-08 09:00:00,2025-10-30 09:00:00
W009890,U009890,109898.51,IDR,ACTIVE,2024-05-27 13:00:00,2024-09-14 13:00:00
W009891,U009891,100960.01,IDR,ACTIVE,2026-01-23 11:00:00,2026-08-23 00:00:00
W009892,U009892,91393.41,IDR,ACTIVE,2025-10-21 20:00:00,2026-08-23 00:00:00
W009893,U009893,51954.48,IDR,ACTIVE,2025-09-01 02:00:00,2025-11-12 02:00:00
W009894,U009894,23386.93,IDR,ACTIVE,2026-02-26 21:00:00,2026-08-23 00:00:00
W009895,U009895,24750.32,IDR,ACTIVE,2024-09-05 18:00:00,2025-10-24 18:00:00
W009896,U009896,94605.29,IDR,ACTIVE,2026-03-11 08:00:00,2026-08-23 00:00:00
W009897,U009897,41131.41,IDR,ACTIVE,2024-10-28 18:00:00,2025-10-29 18:00:00
W009898,U009898,30779.44,IDR,ACTIVE,2024-03-19 11:00:00,2024-05-24 11:00:00
W009899,U009899,53432.38,IDR,ACTIVE,2025-03-08 06:00:00,2026-06-04 06:00:00
W009900,U009900,209458.3,IDR,ACTIVE,2024-12-06 18:00:00,2025-06-11 18:00:00
W009901,U009901,69478.34,IDR,ACTIVE,2024-11-08 00:00:00,2024-12-20 00:00:00
W009902,U009902,383072.26,IDR,ACTIVE,2025-05-29 12:00:00,2025-12-01 12:00:00
W009903,U009903,101822.55,IDR,ACTIVE,2026-06-24 18:00:00,2026-08-23 00:00:00
W009904,U009904,1491621.28,IDR,ACTIVE,2025-01-23 01:00:00,2025-07-14 01:00:00
W009905,U009905,83454.69,IDR,ACTIVE,2026-02-19 09:00:00,2026-08-23 00:00:00
W009906,U009906,75777.16,IDR,ACTIVE,2024-07-15 11:00:00,2025-06-27 11:00:00
W009907,U009907,70874.63,IDR,ACTIVE,2024-08-25 18:00:00,2025-06-11 18:00:00
W009908,U009908,39838.09,IDR,ACTIVE,2024-09-05 08:00:00,2025-02-12 08:00:00
W009909,U009909,50014.63,IDR,ACTIVE,2026-02-20 02:00:00,2026-02-22 02:00:00
W009910,U009910,483939.4,IDR,ACTIVE,2024-04-24 01:00:00,2025-03-17 01:00:00
W009911,U009911,41321.49,IDR,ACTIVE,2026-07-01 16:00:00,2026-08-23 00:00:00
W009912,U009912,70920.42,IDR,ACTIVE,2025-10-06 15:00:00,2025-10-06 15:00:00
W009913,U009913,71450.75,IDR,ACTIVE,2024-05-13 14:00:00,2024-06-19 14:00:00
W009914,U009914,45255.95,IDR,ACTIVE,2025-06-22 23:00:00,2026-05-13 23:00:00
W009915,U009915,43933.12,IDR,ACTIVE,2026-06-01 00:00:00,2026-08-23 00:00:00
W009916,U009916,56345.59,IDR,ACTIVE,2026-05-26 04:00:00,2026-06-29 04:00:00
W009917,U009917,141032.15,IDR,ACTIVE,2025-04-05 03:00:00,2026-05-21 03:00:00
W009918,U009918,250372.73,IDR,ACTIVE,2025-12-12 01:00:00,2026-05-07 01:00:00
W009919,U009919,19105.23,IDR,ACTIVE,2026-04-23 17:00:00,2026-08-23 00:00:00
W009920,U009920,378278.95,IDR,ACTIVE,2024-01-28 15:00:00,2024-07-27 15:00:00
W009921,U009921,121406.81,IDR,ACTIVE,2024-05-20 02:00:00,2024-06-09 02:00:00
W009922,U009922,127585.34,IDR,ACTIVE,2025-06-22 16:00:00,2025-11-14 16:00:00
W009923,U009923,32632.64,IDR,ACTIVE,2026-03-13 13:00:00,2026-08-20 13:00:00
W009924,U009924,755044.95,IDR,ACTIVE,2026-05-27 05:00:00,2026-08-23 00:00:00
W009925,U009925,29332.27,IDR,ACTIVE,2024-07-02 10:00:00,2025-06-29 10:00:00
W009926,U009926,76471.27,IDR,CLOSED,2025-12-16 22:00:00,2026-08-23 00:00:00
W009927,U009927,87704.34,IDR,ACTIVE,2024-06-14 04:00:00,2024-09-15 04:00:00
W009928,U009928,349247.98,IDR,ACTIVE,2026-04-04 19:00:00,2026-05-02 19:00:00
W009929,U009929,31324.37,IDR,ACTIVE,2024-01-04 20:00:00,2024-06-16 20:00:00
W009930,U009930,80394.28,IDR,ACTIVE,2024-12-14 09:00:00,2026-01-30 09:00:00
W009931,U009931,13911.58,IDR,ACTIVE,2026-05-03 14:00:00,2026-06-17 14:00:00
W009932,U009932,66025.4,IDR,ACTIVE,2026-06-16 11:00:00,2026-08-23 00:00:00
W009933,U009933,95750.63,IDR,ACTIVE,2026-01-11 15:00:00,2026-04-30 15:00:00
W009934,U009934,38189.5,IDR,ACTIVE,2024-01-30 23:00:00,2024-04-12 23:00:00
W009935,U009935,16389.1,IDR,ACTIVE,2025-01-25 06:00:00,2026-01-17 06:00:00
W009936,U009936,391617.95,IDR,ACTIVE,2025-07-17 13:00:00,2026-08-07 13:00:00
W009937,U009937,22928.6,IDR,ACTIVE,2025-12-17 01:00:00,2026-08-12 01:00:00
W009938,U009938,25435.27,IDR,FROZEN,2024-01-04 12:00:00,2024-05-11 12:00:00
W009939,U009939,32555.47,IDR,ACTIVE,2026-02-02 16:00:00,2026-08-23 00:00:00
W009940,U009940,223296.38,IDR,ACTIVE,2026-07-04 04:00:00,2026-08-23 00:00:00
W009941,U009941,58107.88,IDR,ACTIVE,2024-02-22 10:00:00,2025-03-16 10:00:00
W009942,U009942,14080.32,IDR,ACTIVE,2025-12-02 23:00:00,2026-03-08 23:00:00
W009943,U009943,33162.16,IDR,ACTIVE,2025-01-27 20:00:00,2026-05-05 20:00:00
W009944,U009944,221936.01,IDR,ACTIVE,2025-02-26 21:00:00,2026-05-25 21:00:00
W009945,U009945,17476.86,IDR,ACTIVE,2026-04-09 10:00:00,2026-05-21 10:00:00
W009946,U009946,22772.52,IDR,ACTIVE,2025-07-04 11:00:00,2026-05-25 11:00:00
W009947,U009947,24185.39,IDR,FROZEN,2024-07-12 01:00:00,2024-12-14 01:00:00
W009948,U009948,60296.65,IDR,ACTIVE,2024-05-27 15:00:00,2024-06-07 15:00:00
W009949,U009949,72479.7,IDR,FROZEN,2024-07-17 09:00:00,2025-04-09 09:00:00
W009950,U009950,51603.53,IDR,ACTIVE,2026-02-28 22:00:00,2026-03-03 22:00:00
W009951,U009951,57571.69,IDR,ACTIVE,2026-05-27 14:00:00,2026-08-23 00:00:00
W009952,U009952,20937.08,IDR,ACTIVE,2024-05-20 14:00:00,2025-08-11 14:00:00
W009953,U009953,50879.14,IDR,ACTIVE,2024-07-08 05:00:00,2025-01-09 05:00:00
W009954,U009954,49896.86,IDR,ACTIVE,2025-12-27 06:00:00,2026-08-23 00:00:00
W009955,U009955,24471.81,IDR,ACTIVE,2024-04-19 14:00:00,2025-06-24 14:00:00
W009956,U009956,255466.7,IDR,FROZEN,2025-12-03 09:00:00,2026-03-23 09:00:00
W009957,U009957,201438.39,IDR,ACTIVE,2025-11-18 07:00:00,2026-02-05 07:00:00
W009958,U009958,18360.15,IDR,ACTIVE,2026-02-11 12:00:00,2026-08-23 00:00:00
W009959,U009959,100916.18,IDR,ACTIVE,2026-06-08 04:00:00,2026-08-23 00:00:00
W009960,U009960,92070.47,IDR,ACTIVE,2026-07-27 13:00:00,2026-08-23 00:00:00
W009961,U009961,79483.54,IDR,ACTIVE,2024-06-15 09:00:00,2025-03-13 09:00:00
W009962,U009962,50074.23,IDR,ACTIVE,2024-04-15 14:00:00,2024-08-13 14:00:00
W009963,U009963,78458.2,IDR,ACTIVE,2024-06-20 21:00:00,2025-07-03 21:00:00
W009964,U009964,52487.28,IDR,ACTIVE,2024-07-14 07:00:00,2025-09-25 07:00:00
W009965,U009965,32380.23,IDR,ACTIVE,2024-06-09 02:00:00,2024-10-20 02:00:00
W009966,U009966,99000.95,IDR,ACTIVE,2025-07-03 08:00:00,2026-02-05 08:00:00
W009967,U009967,9886.58,IDR,ACTIVE,2026-06-17 11:00:00,2026-08-23 00:00:00
W009968,U009968,131802.18,IDR,ACTIVE,2025-03-15 07:00:00,2025-12-11 07:00:00
W009969,U009969,63256.42,IDR,ACTIVE,2025-11-27 19:00:00,2026-08-23 00:00:00
W009970,U009970,41417.89,IDR,ACTIVE,2024-08-05 23:00:00,2025-01-03 23:00:00
W009971,U009971,127469.64,IDR,ACTIVE,2024-02-26 17:00:00,2024-08-05 17:00:00
W009972,U009972,79603.73,IDR,ACTIVE,2026-05-28 05:00:00,2026-06-28 05:00:00
W009973,U009973,257440.21,IDR,ACTIVE,2024-12-04 18:00:00,2025-08-14 18:00:00
W009974,U009974,177745.01,IDR,ACTIVE,2025-03-26 01:00:00,2026-05-16 01:00:00
W009975,U009975,24910.95,IDR,ACTIVE,2026-03-31 22:00:00,2026-08-23 00:00:00
W009976,U009976,38541.2,IDR,ACTIVE,2024-09-07 08:00:00,2025-09-28 08:00:00
W009977,U009977,33325.68,IDR,ACTIVE,2025-08-17 06:00:00,2025-12-06 06:00:00
W009978,U009978,2820.54,IDR,ACTIVE,2025-06-24 11:00:00,2026-07-19 11:00:00
W009979,U009979,33637.91,IDR,ACTIVE,2024-05-04 18:00:00,2025-02-04 18:00:00
W009980,U009980,318574.52,IDR,ACTIVE,2024-12-11 18:00:00,2025-10-07 18:00:00
W009981,U009981,17885.55,IDR,ACTIVE,2025-12-30 08:00:00,2026-01-20 08:00:00
W009982,U009982,186578.23,IDR,ACTIVE,2025-06-15 18:00:00,2026-08-18 18:00:00
W009983,U009983,329627.25,IDR,ACTIVE,2026-02-06 22:00:00,2026-02-16 22:00:00
W009984,U009984,150707.62,IDR,ACTIVE,2026-05-17 23:00:00,2026-08-23 00:00:00
W009985,U009985,108999.83,IDR,ACTIVE,2026-04-05 12:00:00,2026-08-23 00:00:00
W009986,U009986,17463.04,IDR,ACTIVE,2025-11-12 21:00:00,2026-08-08 21:00:00
W009987,U009987,14928.98,IDR,ACTIVE,2026-02-22 11:00:00,2026-08-08 11:00:00
W009988,U009988,90305.47,IDR,ACTIVE,2024-01-23 21:00:00,2024-06-26 21:00:00
W009989,U009989,48435.44,IDR,ACTIVE,2025-08-10 05:00:00,2026-02-05 05:00:00
W009990,U009990,19184.34,IDR,ACTIVE,2026-01-19 14:00:00,2026-08-23 00:00:00
W009991,U009991,132128.17,IDR,ACTIVE,2026-01-04 16:00:00,2026-07-03 16:00:00
W009992,U009992,103277.64,IDR,ACTIVE,2025-06-15 10:00:00,2025-12-19 10:00:00
W009993,U009993,132641.39,IDR,ACTIVE,2025-09-22 13:00:00,2026-08-23 00:00:00
W009994,U009994,134860.87,IDR,ACTIVE,2025-02-06 09:00:00,2026-06-17 09:00:00
W009995,U009995,192383.7,IDR,ACTIVE,2025-04-25 18:00:00,2025-07-23 18:00:00
W009996,U009996,41774.92,IDR,ACTIVE,2025-07-08 15:00:00,2025-12-29 15:00:00
W009997,U009997,21003.98,IDR,ACTIVE,2025-11-19 02:00:00,2026-08-23 00:00:00
W009998,U009998,300232.41,IDR,ACTIVE,2026-03-16 04:00:00,2026-08-23 00:00:00
W009999,U009999,14901.16,IDR,ACTIVE,2024-08-05 04:00:00,2025-08-02 04:00:00
W010000,U010000,16481.59,IDR,ACTIVE,2026-06-10 14:00:00,2026-08-23 00:00:00
